"g3_id","g1_race","g1_male","g2_male","g3_male","g1_age","g2_age","g3_age","g3_edu_highest","g2_edu_highest","g1_edu_highest","g3_edu_years","g2_edu_years","g1_edu_years","g3_house_value","g2_house_value","g1_house_value","g3_poor_srh","g2_poor_srh","g1_poor_srh","g1_weight","g3_house_value_quintile","g3_house_value_percentile","g2_house_value_quintile","g2_house_value_percentile","g1_house_value_quintile","g1_house_value_percentile","n","pweight_1","id","g1_white","g1_agesq","g1_edu_cat","g2_agesq","g2_edu_cat","g3_agesq","g3_edu_cat","hs_or_less"
4031,"white",0.5,1,0,45,34.5,42,2,1,1,12,9,6.5,0,21930.0033333333,119548.969393028,1,0,0,17,0,0,1,14,3,63,1,17,4031,1,2025,"less_hs",1190.25,"less_hs",1764,"hs","less"
4036,"white",0.5,0,0,45,32.5,36,2,2,1,12,12,6.5,113931.7,156330.966666667,119548.969393028,1,0,0,17,2,35,4,76,3,63,1,17,4036,1,2025,"less_hs",1056.25,"hs",1296,"hs","less"
4032,"white",0.5,0,0,45,28.5,44,-Inf,1,1,NA,8,6.5,0,17958.6016666667,119548.969393028,0,0,0,17,0,0,1,11,3,63,1,17,4032,1,2025,"less_hs",812.25,"less_hs",1936,NA,"less"
4034,"white",0.5,0,1,45,28.5,40.5,2,1,1,12,8,6.5,0,17958.6016666667,119548.969393028,0,0,0,17,0,0,1,11,3,63,1,17,4034,1,2025,"less_hs",812.25,"less_hs",1640.25,"hs","less"
4038,"white",0.5,0,0,45,26.4,30,2,2,1,12,12,6.5,0,97375.802,119548.969393028,0,0,0,17,0,0,3,54,3,63,1,17,4038,1,2025,"less_hs",696.96,"hs",900,"hs","less"
6030,"white",0.5,0,0,48,37,43.5,4,2,2,16,12,10.5,346699.75,128899.666666667,0,0,0,0,23,4,85,3,67,0,0,1,23,6030,1,2304,"hs",1369,"hs",1892.25,"college","less"
6031,"white",0.5,0,1,48,37,43,5,2,2,17,12,10.5,575000,128899.666666667,0,0,0,0,23,4,95,3,67,0,0,1,23,6031,1,2304,"hs",1369,"hs",1849,"higher","less"
6032,"white",0.5,1,1,48,31.5,35,5,5,2,17,16.8333333333333,10.5,88038.1,141079.016666667,0,0,0,0,23,1,25,3,70,0,0,1,23,6032,1,2304,"hs",992.25,"higher",1225,"higher","less"
6033,"white",0.5,1,1,48,31.5,35,5,5,2,17,16.8333333333333,10.5,1500000,141079.016666667,0,0,0,0,23,4,97,3,70,0,0,1,23,6033,1,2304,"hs",992.25,"higher",1225,"higher","less"
6034,"white",0.5,1,1,48,31.5,31.5,5,5,2,17,16.8333333333333,10.5,216521.05,141079.016666667,0,0,0,0,23,3,66,3,70,0,0,1,23,6034,1,2304,"hs",992.25,"higher",992.25,"higher","less"
7031,"white",0.5,1,1,47,31.8333333333333,42,1,2,1,11,12,7,7500,0,92301.5869585641,0,0,0,24,1,2,0,0,2,47,1,24,7031,1,2209,"less_hs",1013.36111111111,"hs",1764,"less_hs","less"
7032,"white",0.5,1,1,47,31.8333333333333,41,1,2,1,11,12,7,0,0,92301.5869585641,0,0,0,24,0,0,0,0,2,47,1,24,7032,1,2209,"less_hs",1013.36111111111,"hs",1681,"less_hs","less"
7035,"white",0.5,1,1,47,31.8333333333333,39,1,2,1,10,12,7,0,0,92301.5869585641,1,0,0,24,0,0,0,0,2,47,1,24,7035,1,2209,"less_hs",1013.36111111111,"hs",1521,"less_hs","less"
7030,"white",0.5,0,0,47,30.5,44,2,1,1,12,9,7,0,0,92301.5869585641,1,0,0,24,0,0,0,0,2,47,1,24,7030,1,2209,"less_hs",930.25,"less_hs",1936,"hs","less"
7033,"white",0.5,0,0,47,30.5,42,1,1,1,11,9,7,0,0,92301.5869585641,0,0,0,24,0,0,0,0,2,47,1,24,7033,1,2209,"less_hs",930.25,"less_hs",1764,"less_hs","less"
7034,"white",0.5,0,0,47,30.5,41,1,1,1,11,9,7,0,0,92301.5869585641,0,0,0,24,0,0,0,0,2,47,1,24,7034,1,2209,"less_hs",930.25,"less_hs",1681,"less_hs","less"
7037,"white",0.5,0,1,47,30.5,35.5,1,1,1,10.5,9,7,0,0,92301.5869585641,0,0,0,24,0,0,0,0,2,47,1,24,7037,1,2209,"less_hs",930.25,"less_hs",1260.25,"less_hs","less"
7036,"white",0.5,1,0,47,28.5,35,2,1,1,12,10,7,0,0,92301.5869585641,0,0,0,24,0,0,0,0,2,47,1,24,7036,1,2209,"less_hs",812.25,"less_hs",1225,"hs","less"
7038,"white",0.5,1,1,47,28.5,32.5,2,1,1,12,10,7,15268.07,0,92301.5869585641,1,0,0,24,1,3,0,0,2,47,1,24,7038,1,2209,"less_hs",812.25,"less_hs",1056.25,"hs","less"
7039,"white",0.5,1,1,47,28.5,28,2,1,1,12,10,7,33214.85,0,92301.5869585641,0,0,0,24,1,7,0,0,2,47,1,24,7039,1,2209,"less_hs",812.25,"less_hs",784,"hs","less"
10006,"black",0.5,0,0,58,42.5,52,3,3,2.5,14,13.5,13.5,0,101398.598333333,17234.616766889,0,0,0,3,0,0,3,56,1,5,1,3,10006,0,3364,NA,1806.25,"some_college",2704,"some_college","more"
10007,"black",0.5,0,1,58,42.5,50,3,3,2.5,14,13.5,13.5,0,101398.598333333,17234.616766889,1,0,0,3,0,0,3,56,1,5,1,3,10007,0,3364,NA,1806.25,"some_college",2500,"some_college","more"
13030,"white",0.5,0,0,38.5,34.6666666666667,37,5,3,1.5,17,12.1666666666667,11,217505.9,242295.516666667,99523.4380578783,0,0,0,26,3,66,4,89,3,53,1,26,13030,1,1482.25,NA,1201.77777777778,"some_college",1369,"higher","more"
14030,"white",0,1,1,40.5,25.5,30.5,3,2,4,14,12,16,96608.415,0,29098.4013749256,0,0,0,26,2,29,0,0,1,12,1,26,14030,1,1640.25,"college",650.25,"hs",930.25,"some_college","more"
14031,"white",0,1,0,40.5,25.5,28,2,2,4,12,12,16,0,0,29098.4013749256,1,0,0,26,0,0,0,0,1,12,1,26,14031,1,1640.25,"college",650.25,"hs",784,"hs","more"
16030,"white",0.5,0,0,38,26.3333333333333,36,3,1,1.5,13,10,10.5,16384.0345,0,0,0,0,0,26,1,4,0,0,0,0,1,26,16030,1,1444,NA,693.444444444444,"less_hs",1296,"some_college","more"
16032,"white",0.5,0,0,38,26.3333333333333,32,2,1,1.5,12,10,10.5,127233.9,0,0,0,0,0,26,2,40,0,0,0,0,1,26,16032,1,1444,NA,693.444444444444,"less_hs",1024,"hs","more"
18038,"white",0.5,1,0,48.5,29.6666666666667,30,3,2,1.5,14,12,10,225895.55,82746.7083333333,39293.391705033,0,0,0,26,3,68,2,46,1,19,1,26,18038,1,2352.25,NA,880.111111111111,"hs",900,"some_college","more"
18030,"white",0.5,1,1,48.5,32.6666666666667,42,3,2,1.5,15,12,10,310722.8,213475.566666667,39293.391705033,0,0,0,26,4,82,4,86,1,19,1,26,18030,1,2352.25,NA,1067.11111111111,"hs",1764,"some_college","more"
18036,"white",0.5,1,0,48.5,32.6666666666667,35,5,2,1.5,17,12,10,507513.8,213475.566666667,39293.391705033,0,0,0,26,4,93,4,86,1,19,1,26,18036,1,2352.25,NA,1067.11111111111,"hs",1225,"higher","more"
18031,"white",0.5,1,0,48.5,33.8333333333333,43,-Inf,2,1.5,NA,12,10,83840.345,0,39293.391705033,0,0,0,26,1,24,0,0,1,19,1,26,18031,1,2352.25,NA,1144.69444444444,"hs",1849,NA,"more"
19030,"white",0.5,0,0,38,32.8,33,2,2,1.5,12,12,11,0,7592.064,82288.8212909894,0,0,0,26,0,0,1,3,2,42,1,26,19030,1,1444,NA,1075.84,"hs",1089,"hs","more"
19171,"white",0.5,0,0,38,32.8,34,3,2,1.5,15,12,11,0,7592.064,82288.8212909894,0,0,0,26,0,0,1,3,2,42,1,26,19171,1,1444,NA,1075.84,"hs",1156,"some_college","more"
22030,"black",0.5,0,0,33.5,28.5,27,3,2,1.5,13,12,11.5,123661.63,7073.50333333333,0,0,0,0,1,2,38,1,2,0,0,1,1,22030,0,1122.25,NA,812.25,"hs",729,"some_college","more"
23030,"white",0.5,0,0,50,36.5,46.5,4,5,3,16,15.1666666666667,13.5,0,0,0,0,0,0,24,0,0,0,0,0,0,1,24,23030,1,2500,"some_college",1332.25,"higher",2162.25,"college","more"
23031,"white",0.5,0,1,50,36.5,45,3,5,3,13,15.1666666666667,13.5,0,0,0,0,0,0,24,0,0,0,0,0,0,1,24,23031,1,2500,"some_college",1332.25,"higher",2025,"some_college","more"
40032,"white",0.5,1,0,35,26.5,34.5,4,2,1.5,16,12,10,167948.75,88293.4325,73489.2882450124,0,0,0,24,3,52,2,49,2,39,1,24,40032,1,1225,NA,702.25,"hs",1190.25,"college","more"
40034,"white",0.5,1,1,35,26.5,33,5,2,1.5,17,12,10,0,88293.4325,73489.2882450124,0,0,0,24,0,0,2,49,2,39,1,24,40034,1,1225,NA,702.25,"hs",1089,"higher","more"
40036,"white",0.5,1,1,35,26.5,29.5,5,2,1.5,17,12,10,45000,88293.4325,73489.2882450124,0,0,0,24,1,10,2,49,2,39,1,24,40036,1,1225,NA,702.25,"hs",870.25,"higher","more"
40031,"white",0.5,0,0,35,26,36,5,2,1.5,17,12,10,213484.9,48873.2,73489.2882450124,0,0,0,24,3,65,2,28,2,39,1,24,40031,1,1225,NA,676,"hs",1296,"higher","more"
40033,"white",0.5,0,0,35,26,34,2,2,1.5,12,12,10,0,48873.2,73489.2882450124,1,0,0,24,0,0,2,28,2,39,1,24,40033,1,1225,NA,676,"hs",1156,"hs","more"
40035,"white",0.5,0,1,35,26,30,1,2,1.5,10,12,10,0,48873.2,73489.2882450124,0,0,0,24,0,0,2,28,2,39,1,24,40035,1,1225,NA,676,"hs",900,"less_hs","more"
41030,"white",0.5,1,0,32.5,32.5,38,2,2,1,12,12,5.5,86429.7,186214.746666667,28369.5027247956,0,0,0,23,1,25,4,82,1,12,1,23,41030,1,1056.25,"less_hs",1056.25,"hs",1444,"hs","less"
41031,"white",0.5,1,1,32.5,32.5,38,1,2,1,11,12,5.5,57000,186214.746666667,28369.5027247956,1,0,0,23,1,14,4,82,1,12,1,23,41031,1,1056.25,"less_hs",1056.25,"hs",1444,"less_hs","less"
45030,"white",0,0,0,46.5,30.5,43,3,1,-Inf,13,8,0,38036.14,13003.9733333333,17719.9098155282,1,0,0,17,1,8,1,6,1,5,1,17,45030,1,2162.25,NA,930.25,"less_hs",1849,"some_college","more"
45031,"white",0,0,0,46.5,30.5,38,2,1,-Inf,12,8,0,0,13003.9733333333,17719.9098155282,1,0,0,17,0,0,1,6,1,5,1,17,45031,1,2162.25,NA,930.25,"less_hs",1444,"hs","more"
47034,"white",0.5,0,0,31,26.5,28.5,2,3,3,12,15,13.5,249467.8,35799.309,58407.7997275205,0,0,0,26,3,72,1,22,2,32,1,26,47034,1,961,"some_college",702.25,"some_college",812.25,"hs","more"
50032,"white",0.5,1,0,30.25,27,27,5,2,2,16.5,12,12,46608.415,53574.686,61625.5036369758,0,0,0,23,1,11,2,30,2,33,1,23,50032,1,915.0625,"hs",729,"hs",729,"higher","less"
53031,"white",0.5,1,1,31.75,28.5,36,2,2,1.5,12,11.1666666666667,11,0,35134.95,0,1,0,0,21,0,0,1,22,0,0,1,21,53031,1,1008.0625,NA,812.25,"hs",1296,"hs","more"
53030,"white",0.5,0,1,31.75,27.5,37,2,2,1.5,12,12,11,0,5268.365,0,0,0,0,21,0,0,1,2,0,0,1,21,53030,1,1008.0625,NA,756.25,"hs",1369,"hs","more"
53033,"white",0.5,0,1,31.75,27.5,35,2,2,1.5,12,12,11,129660.8415,5268.365,0,0,0,0,21,2,41,1,2,0,0,1,21,53033,1,1008.0625,NA,756.25,"hs",1225,"hs","more"
53036,"white",0.5,0,0,31.75,27.5,28,3,2,1.5,14,12,11,0,5268.365,0,0,0,0,21,0,0,1,2,0,0,1,21,53036,1,1008.0625,NA,756.25,"hs",784,"some_college","more"
53035,"white",0.5,0,0,31.75,27,30,5,2,1.5,17,12,11,0,0,0,0,0,0,21,0,0,0,0,0,0,1,21,53035,1,1008.0625,NA,729,"hs",900,"higher","more"
57030,"white",0.5,0,0,34,27.6666666666667,39.5,1,2,1,10,11.1666666666667,11,0,17139.5118333333,75613.6441792728,1,0,0,25,0,0,1,11,2,41,1,25,57030,1,1156,"less_hs",765.444444444444,"hs",1560.25,"less_hs","less"
60031,"white",0,0,1,44.5,39.5,40,5,2,1,15.5,12,11,157859.4,180844.6,222409.996006765,0,0,0,25,2,50,4,81,4,92,1,25,60031,1,1980.25,"less_hs",1560.25,"hs",1600,"higher","less"
60030,"white",0.333333333333333,1,0,48,36.5,45.5,5,4,-Inf,17,16,11,0,146945.35,226150.396974537,0,0,0,25,0,0,3,72,4,92,1,25,60030,1,2304,NA,1332.25,"college",2070.25,"higher","more"
61030,"white",0.5,1,0,47.5,34.3333333333333,37,5,4,4.5,17,16,16.5,249467.8,118855.583333333,0,0,0,0,25,3,72,3,63,0,0,1,25,61030,1,2256.25,NA,1178.77777777778,"college",1369,"higher","more"
61031,"white",0.5,1,1,47.5,34.3333333333333,35,5,4,4.5,17,16,16.5,304467.8,118855.583333333,0,0,0,0,25,4,80,3,63,0,0,1,25,61031,1,2256.25,NA,1178.77777777778,"college",1225,"higher","more"
61032,"white",0.5,0,0,47.5,29.5,27,4,5,4.5,16,16.6666666666667,16.5,147770.05,19756.3666666667,0,0,0,0,25,2,46,1,13,0,0,1,25,61032,1,2256.25,NA,870.25,"higher",729,"college","more"
79032,"white",0.5,0,0,46,32.5,30,4,3,2,16,14.1666666666667,12,0,0,131412.754001065,0,0,0,29,0,0,0,0,3,68,1,29,79032,1,2116,"hs",1056.25,"some_college",900,"college","less"
84030,"white",0.5,1,1,34,29.5,39,3,2,1.5,13,12,10.5,147680.7,16463.6416666667,106198.615169595,0,0,0,24,2,46,1,10,3,58,1,24,84030,1,1156,NA,870.25,"hs",1521,"some_college","more"
84031,"white",0.5,1,0,34,29.5,36,2,2,1.5,12,12,10.5,183395.55,16463.6416666667,106198.615169595,0,0,0,24,3,57,1,10,3,58,1,24,84031,1,1156,NA,870.25,"hs",1296,"hs","more"
88031,"white",0.5,0,0,39.5,33.8333333333333,35,4,4,1,16,16,10,314825.25,426728.9,308583.07984121,0,0,0,25,4,82,4,97,4,97,1,25,88031,1,1560.25,"less_hs",1144.69444444444,"college",1225,"college","less"
88032,"white",0.5,0,0,39.5,33.8333333333333,33,5,4,1,17,16,10,0,426728.9,308583.07984121,0,0,0,25,0,0,4,97,4,97,1,25,88032,1,1560.25,"less_hs",1144.69444444444,"college",1089,"higher","less"
88030,"white",0.5,1,0,39.5,31.3333333333333,38,3,1,1,14,11,10,0,108305.795,308583.07984121,0,0,0,25,0,0,3,59,4,97,1,25,88030,1,1560.25,"less_hs",981.777777777778,"less_hs",1444,"some_college","less"
88035,"white",0.5,1,1,39.5,27.3333333333333,28.5,4,2,1,15.5,12,10,302593.3,114603.033333333,308583.07984121,0,0,0,25,4,80,3,61,4,97,1,25,88035,1,1560.25,"less_hs",747.111111111111,"hs",812.25,"college","less"
89030,"white",0.5,0,0,38,32.5,38,5,2,2,17,12,12,106787.15,115975.57,107502.960122459,0,0,0,25,2,33,3,62,3,58,1,25,89030,1,1444,"hs",1056.25,"hs",1444,"higher","less"
89034,"white",0.5,0,0,38,32.5,28,5,2,2,16.5,12,12,0,115975.57,107502.960122459,0,0,0,25,0,0,3,62,3,58,1,25,89034,1,1444,"hs",1056.25,"hs",784,"higher","less"
89031,"white",0.5,0,0,38,33,36,3,2,2,14,8,12,119110.4,18256.6933333333,107502.960122459,0,0,0,25,2,36,1,12,3,58,1,25,89031,1,1444,"hs",1089,"hs",1296,"some_college","less"
89032,"white",0.5,0,1,38,28.5,36,2,2,2,12,12,12,64733.9,16985.6566666667,107502.960122459,0,0,0,25,1,16,1,11,3,58,1,25,89032,1,1444,"hs",812.25,"hs",1296,"hs","less"
89033,"white",0.5,0,0,38,28.5,35,-Inf,2,2,NA,12,12,0,16985.6566666667,107502.960122459,0,0,0,25,0,0,1,11,3,58,1,25,89033,1,1444,"hs",812.25,"hs",1225,NA,"less"
96030,"white",0.5,0,0,37.5,27.8,33,5,2,1.5,17,12,11.5,269467.8,222730.96,222409.996006765,1,0,0,29,4,76,4,87,4,92,1,29,96030,1,1406.25,NA,772.84,"hs",1089,"higher","more"
96031,"white",0.5,0,1,37.5,27.8,31.5,5,2,1.5,16.5,12,11.5,327595.3,222730.96,222409.996006765,0,0,0,29,4,83,4,87,4,92,1,29,96031,1,1406.25,NA,772.84,"hs",992.25,"higher","more"
105030,"black",0.5,0,0,49.5,27.5,41,2,1,1,12,10,5.5,0,0,0,0,0,0,13,0,0,0,0,0,0,1,13,105030,0,2450.25,"less_hs",756.25,"less_hs",1681,"hs","less"
105031,"black",0.5,0,1,49.5,27.5,39,3,1,1,13,10,5.5,0,0,0,1,0,0,13,0,0,0,0,0,0,1,13,105031,0,2450.25,"less_hs",756.25,"less_hs",1521,"some_college","less"
105034,"black",0.5,0,0,49.5,27.5,37,2,1,1,12,10,5.5,0,0,0,0,0,0,13,0,0,0,0,0,0,1,13,105034,0,2450.25,"less_hs",756.25,"less_hs",1369,"hs","less"
114032,"white",0.5,1,0,49.5,30.1666666666667,33,2,2,2,12,12,12.5,310722.8,0,205722.053227474,0,0,0,23,4,82,0,0,4,89,1,23,114032,1,2450.25,"hs",910.027777777778,"hs",1089,"hs","less"
114033,"white",0.5,1,1,49.5,30.1666666666667,30,1,2,2,10,12,12.5,229021.05,0,205722.053227474,0,0,0,23,3,69,0,0,4,89,1,23,114033,1,2450.25,"hs",910.027777777778,"hs",900,"less_hs","less"
121032,"white",0.5,1,0,40.5,28.5,30,3,5,3,13,16.8333333333333,14,0,70890.2,202202.240009083,0,0,0,25,0,0,2,40,4,88,1,25,121032,1,1640.25,"some_college",812.25,"higher",900,"some_college","more"
121033,"white",0.5,1,1,40.5,28.5,28,3,5,3,13,16.8333333333333,14,0,70890.2,202202.240009083,0,0,0,25,0,0,2,40,4,88,1,25,121033,1,1640.25,"some_college",812.25,"higher",784,"some_college","more"
121030,"white",0.5,0,0,40.5,27,31,5,5,3,17,17,14,213038.1,189281.72,202202.240009083,0,0,0,25,3,65,4,83,4,88,1,25,121030,1,1640.25,"some_college",729,"higher",961,"higher","more"
127030,"white",0.5,0,0,49.5,36.8333333333333,44,3,2,2,14,12,12,225000,204859.35,111204.998003382,0,0,0,24,3,67,4,85,3,60,1,24,127030,1,2450.25,"hs",1356.69444444444,"hs",1936,"some_college","less"
127031,"white",0.5,0,0,49.5,36.8333333333333,40,4,2,2,16,12,12,121787.15,204859.35,111204.998003382,0,0,0,24,2,37,4,85,3,60,1,24,127031,1,2450.25,"hs",1356.69444444444,"hs",1600,"college","less"
127032,"white",0.5,0,1,49.5,36.8333333333333,37,3,2,2,14,12,12,248578.2,204859.35,111204.998003382,0,0,0,24,3,72,4,85,3,60,1,24,127032,1,2450.25,"hs",1356.69444444444,"hs",1369,"some_college","less"
127033,"white",0.5,0,0,49.5,31.5,35.5,5,2,2,17,12,12,167680.7,229492.416666667,111204.998003382,0,0,0,24,3,52,4,88,3,60,1,24,127033,1,2450.25,"hs",992.25,"hs",1260.25,"higher","less"
127034,"white",0.5,0,1,49.5,31.5,33,3,2,2,13,12,12,261967.8,229492.416666667,111204.998003382,1,0,0,24,3,74,4,88,3,60,1,24,127034,1,2450.25,"hs",992.25,"hs",1089,"some_college","less"
129032,"white",0.5,0,1,44.5,35.5,44.5,1,1,-Inf,9,8,1.5,0,0,0,1,0,0,17,0,0,0,0,0,0,1,17,129032,1,1980.25,NA,1260.25,"less_hs",1980.25,"less_hs","more"
129031,"white",0.5,0,0,44.5,27.5,41,1,1,-Inf,11,6.16666666666667,1.5,0,0,0,1,0,0,17,0,0,0,0,0,0,1,17,129031,1,1980.25,NA,756.25,"less_hs",1681,"less_hs","more"
129039,"white",0.5,0,0,44.5,27.5,36.5,1,1,-Inf,11,6.16666666666667,1.5,0,0,0,1,0,0,17,0,0,0,0,0,0,1,17,129039,1,1980.25,NA,756.25,"less_hs",1332.25,"less_hs","more"
151033,"white",0.5,1,0,47.5,34.5,34,4,5,3,16,17,14,0,920988.283333333,321751.209402111,0,0,0,24,0,0,4,100,4,98,1,24,151033,1,2256.25,"some_college",1190.25,"higher",1156,"college","more"
151035,"white",0.5,1,0,47.5,34.5,31,4,5,3,16,17,14,0,920988.283333333,321751.209402111,0,0,0,24,0,0,4,100,4,98,1,24,151035,1,2256.25,"some_college",1190.25,"higher",961,"college","more"
151037,"white",0.5,1,0,47.5,34.5,28,4,5,3,16,17,14,0,920988.283333333,321751.209402111,0,0,0,24,0,0,4,100,4,98,1,24,151037,1,2256.25,"some_college",1190.25,"higher",784,"college","more"
165030,"white",0.333333333333333,1,0,45.6666666666667,39.5,42,5,4,-Inf,17,16,12,198395.55,323635.05,127477.340675144,0,0,0,24,3,61,4,93,3,67,1,24,165030,1,2085.44444444444,NA,1560.25,"college",1764,"higher","more"
165031,"white",0.333333333333333,0,1,45.6666666666667,36.5,33,4,5,-Inf,16,16.8333333333333,12,381612.35,251328.416666667,127477.340675144,0,0,0,24,4,88,4,90,3,67,1,24,165031,1,2085.44444444444,NA,1332.25,"higher",1089,"college","more"
166030,"white",0,1,1,60,36.5,39,5,4,1,17,16,5,208574.25,393727.616666667,84475.5172413793,0,0,0,24,3,64,4,96,2,43,1,24,166030,1,3600,"less_hs",1332.25,"college",1521,"higher","less"
166031,"white",0,1,0,60,36.5,36,4,4,1,16,16,5,338129.45,393727.616666667,84475.5172413793,0,0,0,24,4,84,4,96,2,43,1,24,166031,1,3600,"less_hs",1332.25,"college",1296,"college","less"
166032,"white",0,1,1,60,36.5,32,4,4,1,16,16,5,0,393727.616666667,84475.5172413793,0,0,0,24,0,0,4,96,2,43,1,24,166032,1,3600,"less_hs",1332.25,"college",1024,"college","less"
166033,"white",0,1,1,60,36.5,30,4,4,1,16,16,5,115000,393727.616666667,84475.5172413793,0,0,0,24,2,35,4,96,2,43,1,24,166033,1,3600,"less_hs",1332.25,"college",900,"college","less"
173033,"white",0.5,0,1,54.5,32.3333333333333,32,3,3,1,13.5,12.1666666666667,7,0,37550.83,255957.172748129,0,0,0,23,0,0,1,23,4,94,1,23,173033,1,2970.25,"less_hs",1045.44444444444,"some_college",1024,"some_college","less"
173035,"white",0.5,0,0,54.5,32.3333333333333,29,1,3,1,11,12.1666666666667,7,133269.65,37550.83,255957.172748129,0,0,0,23,2,42,1,23,4,94,1,23,173035,1,2970.25,"less_hs",1045.44444444444,"some_college",841,"less_hs","less"
173030,"white",0.5,0,0,54.5,31.5,39,3,2,1,14,12,7,203574.25,38378.4383333333,255957.172748129,0,0,0,23,3,63,1,23,4,94,1,23,173030,1,2970.25,"less_hs",992.25,"hs",1521,"some_college","less"
173031,"white",0.5,0,0,54.5,31.5,35,3,2,1,14,12,7,113001.6,38378.4383333333,255957.172748129,0,0,0,23,2,35,1,23,4,94,1,23,173031,1,2970.25,"less_hs",992.25,"hs",1225,"some_college","less"
173034,"white",0.5,0,0,54.5,31.5,31,2,2,1,12,12,7,127841.15,38378.4383333333,255957.172748129,0,0,0,23,2,40,1,23,4,94,1,23,173034,1,2970.25,"less_hs",992.25,"hs",961,"hs","less"
173032,"white",0.5,0,0,54.5,29.5,33,5,4,1,17,16,7,469110.4,84511.3,255957.172748129,0,0,0,23,4,92,2,47,4,94,1,23,173032,1,2970.25,"less_hs",870.25,"college",1089,"higher","less"
173036,"white",0.5,0,1,54.5,29.5,29,4,4,1,16,16,7,0,84511.3,255957.172748129,1,0,0,23,0,0,2,47,4,94,1,23,173036,1,2970.25,"less_hs",870.25,"college",841,"college","less"
174030,"white",0.5,0,0,46.25,37.8333333333333,37,4,5,2,16,16.8333333333333,12,0,270276.733333333,307759.155824955,0,0,0,23,0,0,4,91,4,97,1,23,174030,1,2139.0625,"hs",1431.36111111111,"higher",1369,"college","less"
174032,"white",0.5,0,1,46.25,37.8333333333333,32,5,5,2,17,16.8333333333333,12,203306.2,270276.733333333,307759.155824955,0,0,0,23,3,63,4,91,4,97,1,23,174032,1,2139.0625,"hs",1431.36111111111,"higher",1024,"higher","less"
174033,"white",0.5,1,0,46.25,32.5,30,4,5,2,16,16.1666666666667,12,178395.55,74894.1466666667,307759.155824955,0,0,0,23,3,56,2,43,4,97,1,23,174033,1,2139.0625,"hs",1056.25,"higher",900,"college","less"
174035,"white",0.5,1,1,46.25,32.5,29,5,5,2,17,16.1666666666667,12,81429.7,74894.1466666667,307759.155824955,0,0,0,23,1,23,2,43,4,97,1,23,174035,1,2139.0625,"hs",1056.25,"higher",841,"higher","less"
180030,"white",0.5,1,1,57,35.1666666666667,30,2,2,1,12,12,5.5,0,38931.0716666667,0,0,0,0,23,0,0,1,23,0,0,1,23,180030,1,3249,"less_hs",1236.69444444444,"hs",900,"hs","less"
180031,"white",0.5,1,0,57,35.1666666666667,29,2,2,1,12,12,5.5,0,38931.0716666667,0,1,0,0,23,0,0,1,23,0,0,1,23,180031,1,3249,"less_hs",1236.69444444444,"hs",841,"hs","less"
181031,"white",0.5,1,0,51.25,29.1666666666667,29.5,4,3,3,15,14.1666666666667,14,90000,60117.075,222409.996006765,0,0,0,23,2,26,2,34,4,92,1,23,181031,1,2626.5625,"some_college",850.694444444444,"some_college",870.25,"college","more"
181032,"white",0.5,1,1,51.25,29.1666666666667,27,4,3,3,16,14.1666666666667,14,0,60117.075,222409.996006765,0,0,0,23,0,0,2,34,4,92,1,23,181032,1,2626.5625,"some_college",850.694444444444,"some_college",729,"college","more"
186030,"white",0.5,0,1,49.5,39.5,37,4,4,1,16,15.3333333333333,9.5,83661.63,16134.37,137148.035484982,1,0,0,29,1,24,1,10,3,72,1,29,186030,1,2450.25,"less_hs",1560.25,"college",1369,"college","less"
190030,"white",0.5,0,1,35.5,27,38,2,1,1,12,10,8,116787.15,0,0,0,0,0,25,2,36,0,0,0,0,1,25,190030,1,1260.25,"less_hs",729,"less_hs",1444,"hs","less"
190033,"white",0.5,0,0,35.5,27,27,3,1,1,14,10,8,0,0,0,0,0,0,25,0,0,0,0,0,0,1,25,190033,1,1260.25,"less_hs",729,"less_hs",729,"some_college","less"
191030,"white",0,0,1,55.5,36.5,36,4,5,2,16,17,12,137233.9,219666.35,20663.3176540136,0,0,0,27,2,43,4,87,1,6,1,27,191030,1,3080.25,"hs",1332.25,"higher",1296,"college","less"
191031,"white",0,0,1,55.5,36.5,34,5,5,2,17,17,12,165000,219666.35,20663.3176540136,0,0,0,27,3,51,4,87,1,6,1,27,191031,1,3080.25,"hs",1332.25,"higher",1156,"higher","less"
197030,"white",0.5,0,1,48.5,35.8333333333333,36,3,3,3,14.5,14,14.5,0,0,92483.8116210968,0,0,0,24,0,0,0,0,2,48,1,24,197030,1,2352.25,"some_college",1284.02777777778,"some_college",1296,"some_college","more"
197031,"white",0.5,0,1,48.5,35.8333333333333,32,4,3,3,16,14,14.5,362509.9,0,92483.8116210968,0,0,0,24,4,86,0,0,2,48,1,24,197031,1,2352.25,"some_college",1284.02777777778,"some_college",1024,"college","more"
197032,"white",0.5,0,1,48.5,35.8333333333333,30.5,5,3,3,17,14,14.5,368754.95,0,92483.8116210968,0,0,0,24,4,87,0,0,2,48,1,24,197032,1,2352.25,"some_college",1284.02777777778,"some_college",930.25,"higher","more"
197033,"white",0.5,0,1,48.5,35.8333333333333,28,3,3,3,13,14,14.5,331254.95,0,92483.8116210968,0,0,0,24,4,84,0,0,2,48,1,24,197033,1,2352.25,"some_college",1284.02777777778,"some_college",784,"some_college","more"
198031,"white",0,0,0,37.5,34.3333333333333,33,5,5,3,17,16.8333333333333,13,0,262149.883333333,0,0,0,0,24,0,0,4,91,0,0,1,24,198031,1,1406.25,"some_college",1178.77777777778,"higher",1089,"higher","more"
200030,"white",0.5,1,1,36.5,28.6666666666667,36.5,2,2,3,12,12,13.5,213931.7,0,71758.1539509535,0,0,0,24,3,65,0,0,2,39,1,24,200030,1,1332.25,"some_college",821.777777777778,"hs",1332.25,"hs","more"
200032,"white",0.5,1,0,36.5,28.6666666666667,34.5,3,2,3,15,12,13.5,0,0,71758.1539509535,0,0,0,24,0,0,0,0,2,39,1,24,200032,1,1332.25,"some_college",821.777777777778,"hs",1190.25,"some_college","more"
200033,"white",0.5,1,0,36.5,28.6666666666667,33,1,2,3,11,12,13.5,42946.78,0,71758.1539509535,0,0,0,24,1,10,0,0,2,39,1,24,200033,1,1332.25,"some_college",821.777777777778,"hs",1089,"less_hs","more"
200034,"white",0.5,1,1,36.5,28.6666666666667,31,2,2,3,12,12,13.5,77680.7,0,71758.1539509535,0,0,0,24,1,21,0,0,2,39,1,24,200034,1,1332.25,"some_college",821.777777777778,"hs",961,"hs","more"
203030,"white",0.5,1,1,37.5,32.5,41,3,5,2,14,16.5,12,0,0,198682.426790692,0,0,0,29,0,0,0,0,4,88,1,29,203030,1,1406.25,"hs",1056.25,"higher",1681,"some_college","less"
203031,"white",0.5,0,0,37.5,27,27,4,3,2,16,14,12,676616.3,0,198682.426790692,0,0,0,29,4,96,0,0,4,88,1,29,203031,1,1406.25,"hs",729,"some_college",729,"college","less"
209030,"white",0.5,1,1,41.5,34.5,29,3,4,2,13,16,12,0,130697.883333333,68574.0177424912,0,0,0,25,0,0,3,67,2,38,1,25,209030,1,1722.25,"hs",1190.25,"college",841,"some_college","less"
223030,"white",0,1,1,46.5,40.5,46,5,4,2,17,16,12,0,159379.566666667,0,0,0,0,25,0,0,4,77,0,0,1,25,223030,1,2162.25,"hs",1640.25,"college",2116,"higher","less"
223031,"white",0,1,1,46.5,40.5,44,4,4,2,16,16,12,407148.5,159379.566666667,0,0,0,0,25,4,89,4,77,0,0,1,25,223031,1,2162.25,"hs",1640.25,"college",1936,"college","less"
228030,"white",0.5,1,0,45.5,37.5,34.5,4,4,-Inf,16,16,6,619829.2,428069.35,154382.652251872,0,0,0,29,4,95,4,97,4,77,1,29,228030,1,2070.25,NA,1406.25,"college",1190.25,"college","more"
228031,"white",0.5,1,1,45.5,37.5,30.5,4,4,-Inf,16,16,6,730186.6,428069.35,154382.652251872,0,0,0,29,4,96,4,97,4,77,1,29,228031,1,2070.25,NA,1406.25,"college",930.25,"college","more"
242031,"white",0.5,1,0,52,41.3333333333333,34,3,2,1,14,12,8,0,81118.575,30767.1956528547,0,0,0,22,0,0,2,46,1,13,1,22,242031,1,2704,"less_hs",1708.44444444444,"hs",1156,"some_college","less"
244030,"black",0,0,0,43.5,44.1666666666667,43.5,2,2,1,12,10.5,3,0,0,10194.9903301074,0,0,0,22,0,0,0,0,1,2,1,22,244030,0,1892.25,"less_hs",1950.69444444444,"hs",1892.25,"hs","less"
246030,"white",0.5,0,1,51.5,33.3333333333333,35,4,5,2,16,17,12,142502,166141.216666667,171083.063034389,0,0,0,23,2,44,4,78,4,82,1,23,246030,1,2652.25,"hs",1111.11111111111,"higher",1225,"college","less"
246031,"white",0.5,0,0,51.5,33.3333333333333,31.5,5,5,2,17,17,12,152680.7,166141.216666667,171083.063034389,0,0,0,23,2,47,4,78,4,82,1,23,246031,1,2652.25,"hs",1111.11111111111,"higher",992.25,"higher","less"
257037,"white",0.5,1,0,40.5,26,27,5,2,2.5,17,12,13,0,0,0,0,0,0,23,0,0,0,0,0,0,1,23,257037,1,1640.25,NA,676,"hs",729,"higher","more"
263030,"white",0.5,0,0,43,35.5,42,3,2,1.5,14,12,11.5,101429.7,148365.783333333,123068.782611419,0,0,0,29,2,31,3,72,3,65,1,29,263030,1,1849,NA,1260.25,"hs",1764,"some_college","more"
263034,"white",0.5,0,0,43,35.5,36,4,2,1.5,16,12,11.5,305361.4,148365.783333333,123068.782611419,0,0,0,29,4,80,3,72,3,65,1,29,263034,1,1849,NA,1260.25,"hs",1296,"college","more"
263036,"white",0.5,0,1,43,35.5,34.5,3,2,1.5,14,12,11.5,126787.15,148365.783333333,123068.782611419,1,0,0,29,2,40,3,72,3,65,1,29,263036,1,1849,NA,1260.25,"hs",1190.25,"some_college","more"
280032,"white",0.5,1,1,41,26,30,4,2,1.5,16,12,10.5,0,0,86173.0838344451,0,0,0,22,0,0,0,0,2,44,1,22,280032,1,1681,NA,676,"hs",900,"college","more"
280031,"white",0.5,0,1,41,33.5,38,4,3,1.5,16,14,10.5,1165229.75,105761.106666667,86173.0838344451,0,0,0,22,4,97,3,58,2,44,1,22,280031,1,1681,NA,1122.25,"some_college",1444,"college","more"
287031,"white",0.5,0,1,50.5,34.5,45,3,3,2,13,13,12,122144.55,319960.716666667,188669.661123117,0,0,0,24,2,37,4,93,4,86,1,24,287031,1,2550.25,"hs",1190.25,"some_college",2025,"some_college","less"
287036,"white",0.5,1,0,50.5,31.5,36,2,3,2,12,13.6666666666667,12,244646.55,177347.8,188669.661123117,0,0,0,24,3,71,4,81,4,86,1,24,287036,1,2550.25,"hs",992.25,"some_college",1296,"hs","less"
301031,"white",0.5,1,1,42,37.5,46,4,4,1.5,16,15.6666666666667,11,457684.65,464927.6,137148.035484982,0,0,0,29,4,92,4,98,3,72,1,29,301031,1,1764,NA,1406.25,"college",2116,"college","more"
301032,"white",0.5,1,1,42,37.5,43,4,4,1.5,16,15.6666666666667,11,180448.75,464927.6,137148.035484982,1,0,0,29,3,56,4,98,3,72,1,29,301032,1,1764,NA,1406.25,"college",1849,"college","more"
301030,"white",0.5,0,0,42,34.5,43,4,2,1.5,16,12,11,305361.4,336360.25,137148.035484982,1,0,0,29,4,80,4,94,3,72,1,29,301030,1,1764,NA,1190.25,"hs",1849,"college","more"
301033,"white",0.5,0,1,42,34.5,42,5,2,1.5,17,12,11,1200000,336360.25,137148.035484982,0,0,0,29,4,97,4,94,3,72,1,29,301033,1,1764,NA,1190.25,"hs",1764,"higher","more"
301035,"white",0.5,0,0,42,31.5,37,3,2,1.5,13,12,11,0,0,137148.035484982,0,0,0,29,0,0,0,0,3,72,1,29,301035,1,1764,NA,992.25,"hs",1369,"some_college","more"
301036,"white",0.5,0,1,42,31.5,35,2,2,1.5,12,12,11,0,0,137148.035484982,0,0,0,29,0,0,0,0,3,72,1,29,301036,1,1764,NA,992.25,"hs",1225,"hs","more"
301037,"white",0.5,0,1,42,31.5,32,2,2,1.5,12,12,11,94000.79,0,137148.035484982,0,0,0,29,2,28,0,0,3,72,1,29,301037,1,1764,NA,992.25,"hs",1024,"hs","more"
302030,"white",0.5,0,0,51,36.5,41,5,3,3.5,17,14.1666666666667,14.5,373933.65,252245.55,147707.475140155,1,0,0,24,4,87,4,90,3,75,1,24,302030,1,2601,NA,1332.25,"some_college",1681,"higher","more"
302035,"white",0.5,1,1,51,34,37.5,4,4,3.5,16,16,14.5,419648.5,378685.816666667,147707.475140155,0,0,0,24,4,90,4,96,3,75,1,24,302035,1,2601,NA,1156,"college",1406.25,"college","more"
302036,"white",0.5,1,0,51,38.3333333333333,28,5,5,3.5,17,17,14.5,227863.4,200342.816666667,147707.475140155,0,0,0,24,3,68,4,85,3,75,1,24,302036,1,2601,NA,1469.44444444444,"higher",784,"higher","more"
303030,"white",0,1,1,42.5,39.5,41,4,2,2,16,12,12,259289.1,320452.8,191825.025016443,0,0,0,24,3,74,4,93,4,87,1,24,303030,1,1806.25,"hs",1560.25,"hs",1681,"college","less"
308036,"white",0.5,0,0,43,36.1666666666667,33,5,3,2,17,14,12,302503.95,389278.633333333,90723.905229885,0,0,0,24,4,80,4,96,2,46,1,24,308036,1,1849,"hs",1308.02777777778,"some_college",1089,"higher","less"
308037,"white",0.5,0,0,43,36.1666666666667,31,4,3,2,16,14,12,198484.9,389278.633333333,90723.905229885,0,0,0,24,3,62,4,96,2,46,1,24,308037,1,1849,"hs",1308.02777777778,"some_college",961,"college","less"
308031,"white",0.5,1,1,43,32.5,38.5,4,2,2,16,12,12,0,68359.045,90723.905229885,0,0,0,24,0,0,2,38,2,46,1,24,308031,1,1849,"hs",1056.25,"hs",1482.25,"college","less"
308033,"white",0.5,1,0,43,32.5,36,3,2,2,14,12,12,5178711.5,68359.045,90723.905229885,0,0,0,24,4,98,2,38,2,46,1,24,308033,1,1849,"hs",1056.25,"hs",1296,"some_college","less"
308034,"white",0.5,1,0,43,32.5,36,3,2,2,14,12,12,81787.15,68359.045,90723.905229885,0,0,0,24,1,23,2,38,2,46,1,24,308034,1,1849,"hs",1056.25,"hs",1296,"some_college","less"
311030,"white",0.5,0,0,33,27.5,34,3,3,2,14,13,12,50000,0,121673.331321839,0,0,0,25,1,12,0,0,3,64,1,25,311030,1,1089,"hs",756.25,"some_college",1156,"some_college","less"
311031,"white",0.5,0,0,33,27.5,30,3,3,2,15,13,12,50000,0,121673.331321839,0,0,0,25,1,12,0,0,3,64,1,25,311031,1,1089,"hs",756.25,"some_college",900,"some_college","less"
317030,"white",0.5,0,1,48,40.5,44,5,3,-Inf,17,14.8333333333333,9,0,60701.215,50322.7793103448,0,0,0,32,0,0,2,34,2,26,1,32,317030,1,2304,NA,1640.25,"some_college",1936,"higher","more"
317032,"white",0.5,0,0,48,40.5,41,5,3,-Inf,17,14.8333333333333,9,1197156.4,60701.215,50322.7793103448,0,0,0,32,4,97,2,34,2,26,1,32,317032,1,2304,NA,1640.25,"some_college",1681,"higher","more"
317034,"white",0.5,0,1,48,40.5,37,5,3,-Inf,17,14.8333333333333,9,0,60701.215,50322.7793103448,0,0,0,32,0,0,2,34,2,26,1,32,317034,1,2304,NA,1640.25,"some_college",1369,"higher","more"
317031,"white",0.5,0,0,48,34.5,42,5,2,-Inf,17,12,9,411648.5,149322.983333333,50322.7793103448,0,0,0,32,4,89,3,73,2,26,1,32,317031,1,2304,NA,1190.25,"hs",1764,"higher","more"
317033,"white",0.5,0,0,48,34.5,39,5,2,-Inf,17,12,9,320003.95,149322.983333333,50322.7793103448,0,0,0,32,4,83,3,73,2,26,1,32,317033,1,2304,NA,1190.25,"hs",1521,"higher","more"
317035,"white",0.5,0,1,48,34.5,34,5,2,-Inf,17,12,9,261216.85,149322.983333333,50322.7793103448,0,0,0,32,3,74,3,73,2,26,1,32,317035,1,2304,NA,1190.25,"hs",1156,"higher","more"
321030,"white",0.5,0,1,41.5,32.5,33,3,5,3,14,17,14,49500,383447.233333333,198135.73045977,0,0,0,24,1,11,4,96,4,88,1,24,321030,1,1722.25,"some_college",1056.25,"higher",1089,"some_college","more"
321032,"white",0.5,0,0,41.5,32.5,31.5,5,5,3,17,17,14,155358.6,383447.233333333,198135.73045977,0,0,0,24,2,49,4,96,4,88,1,24,321032,1,1722.25,"some_college",1056.25,"higher",992.25,"higher","more"
323030,"white",0.5,1,0,43.25,32.5,34,4,4,3,16,16,14,0,243118.866666667,181447.83045977,0,0,0,29,0,0,4,89,4,84,1,29,323030,1,1870.5625,"some_college",1056.25,"college",1156,"college","more"
323031,"white",0.5,1,1,43.25,32.5,34,4,4,3,16,16,14,140000,243118.866666667,181447.83045977,0,0,0,29,2,44,4,89,4,84,1,29,323031,1,1870.5625,"some_college",1056.25,"college",1156,"college","more"
331030,"white",0.5,0,1,44.75,34,37,2,4,-Inf,12,15.3333333333333,17,0,142750.033333333,393845.027011495,0,0,0,27,0,0,3,71,4,100,1,27,331030,1,2002.5625,NA,1156,"college",1369,"hs","more"
331031,"white",0.5,0,0,44.75,34,34,5,4,-Inf,17,15.3333333333333,17,0,142750.033333333,393845.027011495,0,0,0,27,0,0,3,71,4,100,1,27,331031,1,2002.5625,NA,1156,"college",1156,"higher","more"
331032,"white",0.5,0,1,44.75,34,33,5,4,-Inf,17,15.3333333333333,17,0,142750.033333333,393845.027011495,0,0,0,27,0,0,3,71,4,100,1,27,331032,1,2002.5625,NA,1156,"college",1089,"higher","more"
338030,"white",0.5,0,0,48.75,35.3333333333333,37,5,4,-Inf,17,14.5,16,1828594,536780.633333333,325362.151436782,0,0,0,24,4,97,4,99,4,98,1,24,338030,1,2376.5625,NA,1248.44444444444,"college",1369,"higher","more"
338031,"white",0.5,0,0,48.75,35.3333333333333,33,4,4,-Inf,16,14.5,16,808935.65,536780.633333333,325362.151436782,0,0,0,24,4,96,4,99,4,98,1,24,338031,1,2376.5625,NA,1248.44444444444,"college",1089,"college","more"
351031,"white",0.5,0,1,33,29.5,36,1,1,1.5,11,10.1666666666667,11.5,181608.415,0,102678.785057471,0,0,0,23,3,57,0,0,3,54,1,23,351031,1,1089,NA,870.25,"less_hs",1296,"less_hs","more"
351032,"white",0.5,0,1,33,28.5,35,3,2,1.5,15,12,11.5,0,231943.166666667,102678.785057471,0,0,0,23,0,0,4,88,3,54,1,23,351032,1,1089,NA,812.25,"hs",1225,"some_college","more"
351034,"white",0.5,0,1,33,28.5,33,3,2,1.5,14,12,11.5,0,231943.166666667,102678.785057471,0,0,0,23,0,0,4,88,3,54,1,23,351034,1,1089,NA,812.25,"hs",1089,"some_college","more"
351035,"white",0.5,0,1,33,28.5,33,2,2,1.5,12,12,11.5,0,231943.166666667,102678.785057471,0,0,0,23,0,0,4,88,3,54,1,23,351035,1,1089,NA,812.25,"hs",1089,"hs","more"
351033,"white",0.5,0,0,33,27,34,2,2,1.5,12,12,11.5,137323.25,0,102678.785057471,0,0,0,23,2,43,0,0,3,54,1,23,351033,1,1089,NA,729,"hs",1156,"hs","more"
351036,"white",0.5,0,1,33,27,32,3,2,1.5,14,12,11.5,70000,0,102678.785057471,0,0,0,23,1,18,0,0,3,54,1,23,351036,1,1089,NA,729,"hs",1024,"some_college","more"
351037,"white",0.5,0,0,33,27,31,2,2,1.5,12,12,11.5,166913,0,102678.785057471,0,0,0,23,3,52,0,0,3,54,1,23,351037,1,1089,NA,729,"hs",961,"hs","more"
354030,"white",0.5,1,0,59.5,28.5,39,5,2,2,17,10.3333333333333,10,25000,0,46150.7943103448,1,0,0,24,1,5,0,0,1,23,1,24,354030,1,3540.25,"hs",812.25,"hs",1521,"higher","less"
355030,"white",0.5,0,1,39,32.6666666666667,35,3,3,2,14,14.5,11,76072.275,0,156051.454022989,0,0,0,24,1,20,0,0,4,78,1,24,355030,1,1521,"hs",1067.11111111111,"some_college",1225,"some_college","less"
355031,"white",0.5,0,1,39,32.6666666666667,31,3,3,2,15,14.5,11,180627.45,0,156051.454022989,1,0,0,24,3,56,0,0,4,78,1,24,355031,1,1521,"hs",1067.11111111111,"some_college",961,"some_college","less"
355032,"white",0.5,1,1,39,30.5,27,4,4,2,16,16,11,90627.45,197540.266666667,156051.454022989,0,0,0,24,2,27,4,84,4,78,1,24,355032,1,1521,"hs",930.25,"college",729,"college","less"
361176,"white",0.5,1,1,32,27,30,3,2,1.5,15,12,9.5,75000,0,78769.0104022989,0,0,0,17,1,20,0,0,2,42,1,17,361176,1,1024,NA,729,"hs",900,"some_college","more"
391030,"white",0.5,0,1,40,33.5,36,5,4,3,17,16,14,340897.5,0,308583.094827586,0,0,0,29,4,85,0,0,4,98,1,29,391030,1,1600,"some_college",1122.25,"college",1296,"higher","more"
391031,"white",0.5,0,0,40,33.5,31.5,3,4,3,14,16,14,0,0,308583.094827586,0,0,0,29,0,0,0,0,4,98,1,29,391031,1,1600,"some_college",1122.25,"college",992.25,"some_college","more"
404005,"black",0,0,1,57.5,48.5,52,2,1,1,6,10,4,45536.14,40832.495,12379.7664367816,0,0,0,13,1,10,1,24,1,2,1,13,404005,0,3306.25,"less_hs",2352.25,"less_hs",2704,"hs","less"
409030,"white",0,0,0,49.5,33.5,45,5,3,1,17,12.8333333333333,11,343308.15,116624.163333333,87386.315229885,0,0,0,17,4,85,3,62,2,45,1,17,409030,1,2450.25,"less_hs",1122.25,"some_college",2025,"higher","less"
409031,"white",0,0,0,49.5,33.5,40,4,3,1,16,12.8333333333333,11,305361.4,116624.163333333,87386.315229885,0,0,0,17,4,80,3,62,2,45,1,17,409031,1,2450.25,"less_hs",1122.25,"some_college",1600,"college","less"
409032,"white",0,0,0,49.5,33.5,36,4,3,1,16,12.8333333333333,11,241521.05,116624.163333333,87386.315229885,1,0,0,17,3,70,3,62,2,45,1,17,409032,1,2450.25,"less_hs",1122.25,"some_college",1296,"college","less"
414031,"white",0.5,0,0,43.5,36.1666666666667,37,3,5,2.5,13,16.1666666666667,13.5,2e+05,67013.4833333333,94243.7184482758,0,0,0,24,3,62,2,37,2,49,1,24,414031,1,1892.25,NA,1308.02777777778,"higher",1369,"some_college","more"
414033,"white",0.5,0,1,43.5,36.1666666666667,35,4,5,2.5,16,16.1666666666667,13.5,0,67013.4833333333,94243.7184482758,0,0,0,24,0,0,2,37,2,49,1,24,414033,1,1892.25,NA,1308.02777777778,"higher",1225,"college","more"
414035,"white",0.5,0,0,43.5,36.1666666666667,33,2,5,2.5,12,16.1666666666667,13.5,56965.85,67013.4833333333,94243.7184482758,0,0,0,24,1,14,2,37,2,49,1,24,414035,1,1892.25,NA,1308.02777777778,"higher",1089,"hs","more"
414036,"white",0.5,0,1,43.5,33.5,33,4,4,2.5,16,16,13.5,0,75589.3166666667,94243.7184482758,0,0,0,24,0,0,2,43,2,49,1,24,414036,1,1892.25,NA,1122.25,"college",1089,"college","more"
414038,"white",0.5,0,0,43.5,33.5,31,5,4,2.5,16.5,16,13.5,0,75589.3166666667,94243.7184482758,0,0,0,24,0,0,2,43,2,49,1,24,414038,1,1892.25,NA,1122.25,"college",961,"higher","more"
419030,"black",0,0,0,29.5,33.5,44,2,1,1,12,10.8333333333333,4,0,0,0,1,0,0,3,0,0,0,0,0,0,1,3,419030,0,870.25,"less_hs",1122.25,"less_hs",1936,"hs","less"
419031,"black",0,0,0,29.5,33.5,42,1,1,1,10,10.8333333333333,4,0,0,0,0,0,0,3,0,0,0,0,0,0,1,3,419031,0,870.25,"less_hs",1122.25,"less_hs",1764,"less_hs","less"
419032,"black",0,0,1,29.5,33.5,41,-Inf,1,1,0,10.8333333333333,4,0,0,0,0,0,0,3,0,0,0,0,0,0,1,3,419032,0,870.25,"less_hs",1122.25,"less_hs",1681,NA,"less"
423032,"white",0.5,1,1,39,33.5,34,2,2,2,12,12,12,0,140391.183333333,82288.8236206897,0,0,0,17,0,0,3,70,2,42,1,17,423032,1,1521,"hs",1122.25,"hs",1156,"hs","less"
428030,"white",0.5,1,1,41,32.5,32,4,5,5,16,16.6666666666667,17,0,512066.733333333,341958.944827586,0,0,0,24,0,0,4,98,4,99,1,24,428030,1,1681,"higher",1056.25,"higher",1024,"college","more"
428031,"white",0.5,1,1,41,32.5,29.5,5,5,5,17,16.6666666666667,17,241521.05,512066.733333333,341958.944827586,0,0,0,24,3,70,4,98,4,99,1,24,428031,1,1681,"higher",1056.25,"higher",870.25,"higher","more"
432031,"white",0.5,1,0,46,32.5,40,2,2,2,12,11.6666666666667,12,75000,0,99341.2350574712,0,0,0,29,1,20,0,0,3,52,1,29,432031,1,2116,"hs",1056.25,"hs",1600,"hs","less"
433031,"white",0.5,0,0,37,25.5,31,3,2,2,13,12,12,0,41488.38,86471.1637931034,0,0,0,19,0,0,1,25,2,44,1,19,433031,1,1369,"hs",650.25,"hs",961,"some_college","less"
433033,"white",0.5,0,1,37,25.5,30,2,2,2,12,12,12,0,41488.38,86471.1637931034,0,0,0,19,0,0,1,25,2,44,1,19,433033,1,1369,"hs",650.25,"hs",900,"hs","less"
436031,"white",0.5,1,1,50,40.5,42,4,4,1.5,16,16,9.5,290007.9,300864.716666667,97672.4200574713,0,0,0,24,4,78,4,93,2,50,1,24,436031,1,2500,NA,1640.25,"college",1764,"college","more"
436032,"white",0.5,0,1,50,38.5,39,3,3,1.5,14,14,9.5,190895.55,236759.016666667,97672.4200574713,0,0,0,24,3,59,4,88,2,50,1,24,436032,1,2500,NA,1482.25,"some_college",1521,"some_college","more"
436034,"white",0.5,0,1,50,38.5,34,4,3,1.5,16,14,9.5,437505.95,236759.016666667,97672.4200574713,0,0,0,24,4,91,4,88,2,50,1,24,436034,1,2500,NA,1482.25,"some_college",1156,"college","more"
436033,"white",0.5,1,0,50,37.5,35,4,5,1.5,16,17,9.5,284914.6,163174.366666667,97672.4200574713,0,0,0,24,4,78,4,78,2,50,1,24,436033,1,2500,NA,1406.25,"higher",1225,"college","more"
436035,"white",0.5,1,0,50,37.5,32,4,5,1.5,16,17,9.5,218574.25,163174.366666667,97672.4200574713,0,0,0,24,3,66,4,78,2,50,1,24,436035,1,2500,NA,1406.25,"higher",1024,"college","more"
443031,"white",0.5,0,1,50.5,34.5,32,3,1,1,14,11,8,0,0,0,1,0,0,23,0,0,0,0,0,0,1,23,443031,1,2550.25,"less_hs",1190.25,"less_hs",1024,"some_college","less"
452030,"white",0.5,1,0,52.5,36.5,43.5,3,3,1,13,13,8.5,0,16548.6233333333,153178.625,0,0,0,23,0,0,1,10,4,76,1,23,452030,1,2756.25,"less_hs",1332.25,"some_college",1892.25,"some_college","less"
452033,"white",0.5,1,1,52.5,36.5,39,1,3,1,11,13,8.5,0,16548.6233333333,153178.625,0,0,0,23,0,0,1,10,4,76,1,23,452033,1,2756.25,"less_hs",1332.25,"some_college",1521,"less_hs","less"
452034,"white",0.5,1,1,52.5,36.5,35.5,2,3,1,12,13,8.5,0,16548.6233333333,153178.625,0,0,0,23,0,0,1,10,4,76,1,23,452034,1,2756.25,"less_hs",1332.25,"some_college",1260.25,"hs","less"
452035,"white",0.5,1,1,52.5,36.5,41.5,3,3,1,15,13,8.5,106608.415,16548.6233333333,153178.625,0,0,0,23,2,33,1,10,4,76,1,23,452035,1,2756.25,"less_hs",1332.25,"some_college",1722.25,"some_college","less"
461030,"white",0.5,1,1,51,38.5,46,2,2,1,12,11.6666666666667,5,0,31549.78,13447.6991666666,0,0,0,22,0,0,1,20,1,3,1,22,461030,1,2601,"less_hs",1482.25,"hs",2116,"hs","less"
461031,"white",0.5,1,1,51,38.5,37,4,2,1,16,11.6666666666667,5,98751.4,31549.78,13447.6991666666,0,0,0,22,2,30,1,20,1,3,1,22,461031,1,2601,"less_hs",1482.25,"hs",1369,"college","less"
465030,"white",0.5,1,0,46,33.5,46,2,1,2,12,10.8333333333333,12,169019.055,75755.1183333333,215479.318965517,0,0,0,23,3,53,2,43,4,90,1,23,465030,1,2116,"hs",1122.25,"less_hs",2116,"hs","less"
465031,"white",0.5,1,0,46,33.5,39,5,1,2,17,10.8333333333333,12,295361.4,75755.1183333333,215479.318965517,0,0,0,23,4,79,2,43,4,90,1,23,465031,1,2116,"hs",1122.25,"less_hs",1521,"higher","less"
465032,"white",0.5,1,1,46,33.5,37.5,3,1,2,15,10.8333333333333,12,245003.95,75755.1183333333,215479.318965517,0,0,0,23,3,71,2,43,4,90,1,23,465032,1,2116,"hs",1122.25,"less_hs",1406.25,"some_college","less"
473034,"white",0.5,0,0,40.5,25.5,33,2,2,3,12,12,13,0,0,131868.29454023,0,0,0,26,0,0,0,0,3,68,1,26,473034,1,1640.25,"some_college",650.25,"hs",1089,"hs","more"
473035,"white",0.5,0,0,40.5,25.5,29,2,2,3,12,12,13,95000,0,131868.29454023,0,0,0,26,2,28,0,0,3,68,1,26,473035,1,1640.25,"some_college",650.25,"hs",841,"hs","more"
476030,"white",0,0,1,59.5,45.5,37,5,2,-Inf,16.5,12,NA,192877.65,91280.04,68574.0171839081,1,0,0,24,3,60,2,50,2,37,1,24,476030,1,3540.25,NA,2070.25,"hs",1369,"higher","more"
476031,"white",0,0,0,59.5,45.5,34,5,2,-Inf,17,12,NA,152680.7,91280.04,68574.0171839081,0,0,0,24,2,47,2,50,2,37,1,24,476031,1,3540.25,NA,2070.25,"hs",1156,"higher","more"
478033,"white",0,0,1,47.5,34.5,41,2,2,1,12,12,6,116787.15,171236.6,0,0,0,0,25,2,36,4,79,0,0,1,25,478033,1,2256.25,"less_hs",1190.25,"hs",1681,"hs","less"
478035,"white",0,0,1,47.5,34.5,40,2,2,1,12,12,6,270003.95,171236.6,0,0,0,0,25,4,76,4,79,0,0,1,25,478035,1,2256.25,"less_hs",1190.25,"hs",1600,"hs","less"
478030,"white",0,0,0,47.5,33.5,46,3,1,1,15,9,6,0,0,0,1,0,0,25,0,0,0,0,0,0,1,25,478030,1,2256.25,"less_hs",1122.25,"less_hs",2116,"some_college","less"
478032,"white",0,0,1,47.5,33.5,43.5,3,1,1,13,9,6,0,0,0,1,0,0,25,0,0,0,0,0,0,1,25,478032,1,2256.25,"less_hs",1122.25,"less_hs",1892.25,"some_college","less"
478034,"white",0,0,1,47.5,33.5,43,5,1,1,17,9,6,0,0,0,1,0,0,25,0,0,0,0,0,0,1,25,478034,1,2256.25,"less_hs",1122.25,"less_hs",1849,"higher","less"
478036,"white",0,0,0,47.5,33.5,38.5,3,1,1,15,9,6,188395.55,0,0,0,0,0,25,3,58,0,0,0,0,1,25,478036,1,2256.25,"less_hs",1122.25,"less_hs",1482.25,"some_college","less"
478037,"white",0,0,1,47.5,33.5,36,2,1,1,11.5,9,6,88038.1,0,0,1,0,0,25,1,25,0,0,0,0,1,25,478037,1,2256.25,"less_hs",1122.25,"less_hs",1296,"hs","less"
487034,"white",1,1,0,26.5,25.5,33,5,2,-Inf,17,12,NA,0,7622.8195,29052.8445689655,1,0,0,22,0,0,1,3,1,12,1,22,487034,1,702.25,NA,650.25,"hs",1089,"higher","more"
487035,"white",1,1,0,26.5,25.5,29,2,2,-Inf,12,12,NA,20000,7622.8195,29052.8445689655,0,0,0,22,1,4,1,3,1,12,1,22,487035,1,702.25,NA,650.25,"hs",841,"hs","more"
490031,"white",0.5,1,0,59,33.8333333333333,39,4,2,1,15,12,6.5,287503.95,27336.0366666667,41144.4093103449,0,0,0,22,4,78,1,17,1,20,1,22,490031,1,3481,"less_hs",1144.69444444444,"hs",1521,"college","less"
496030,"white",0.5,0,0,43,31.5,35,2,1,2,12,10,12,0,47050.26,101192.233275862,1,0,0,23,0,0,2,27,3,54,1,23,496030,1,1849,"hs",992.25,"less_hs",1225,"hs","less"
514030,"black",0.5,0,0,59.75,35.5,43,5,3,1.5,17,13.8333333333333,10,472684.65,103279.088333333,75249.1971839081,0,0,0,31,4,92,3,56,2,40,1,31,514030,0,3570.0625,NA,1260.25,"some_college",1849,"higher","more"
514031,"black",0.5,0,1,59.75,35.5,40,5,3,1.5,17,13.8333333333333,10,710722.75,103279.088333333,75249.1971839081,0,0,0,31,4,96,3,56,2,40,1,31,514031,0,3570.0625,NA,1260.25,"some_college",1600,"higher","more"
517030,"white",0.5,0,1,33.5,27.8333333333333,28,3,3,3,14,12.3333333333333,14,0,157087.55,83439.7,0,0,0,29,0,0,4,76,2,43,1,29,517030,1,1122.25,"some_college",774.694444444444,"some_college",784,"some_college","more"
544031,"white",0.5,1,1,46,39.5,34,3,4,1,14,15.6666666666667,8,0,0,44664.2225287356,1,0,0,24,0,0,0,0,1,23,1,24,544031,1,2116,"less_hs",1560.25,"college",1156,"some_college","less"
548032,"white",0.5,1,0,45,27.5,34,5,3,2.5,17,13,12.5,192038.1,107035.366666667,188122.98045977,0,0,0,24,3,59,3,58,4,85,1,24,548032,1,2025,NA,756.25,"some_college",1156,"higher","more"
548034,"white",0.5,1,0,45,27.5,32,3,3,2.5,14,13,12.5,0,107035.366666667,188122.98045977,0,0,0,24,0,0,3,58,4,85,1,24,548034,1,2025,NA,756.25,"some_college",1024,"some_college","more"
548033,"white",0.5,1,1,45,28.5,32,4,3,2.5,16,13.6666666666667,12.5,187500,90086.475,188122.98045977,0,0,0,24,3,58,2,50,4,85,1,24,548033,1,2025,NA,812.25,"some_college",1024,"college","more"
548036,"white",0.5,1,1,45,28.5,29,3,3,2.5,15,13.6666666666667,12.5,0,90086.475,188122.98045977,0,0,0,24,0,0,2,50,4,85,1,24,548036,1,2025,NA,812.25,"some_college",841,"some_college","more"
548035,"white",0.5,1,1,45,25.5,30,2,2,2.5,12,12,12.5,0,0,188122.98045977,1,0,0,24,0,0,0,0,4,85,1,24,548035,1,2025,NA,650.25,"hs",900,"hs","more"
556034,"white",0.5,0,0,38,32.5,37,3,3,1.5,15,12.8333333333333,11,299329.6,21055.8433333333,61625.5023563218,0,0,0,17,4,80,1,14,2,33,1,17,556034,1,1444,NA,1056.25,"some_college",1369,"some_college","more"
556033,"white",0.5,0,1,38,30.5,37,2,2,1.5,12,12,11,0,79044.7733333333,61625.5023563218,1,0,0,17,0,0,2,45,2,33,1,17,556033,1,1444,NA,930.25,"hs",1369,"hs","more"
556035,"white",0.5,0,0,38,30.5,34,2,2,1.5,12,12,11,250000,79044.7733333333,61625.5023563218,0,0,0,17,3,72,2,45,2,33,1,17,556035,1,1444,NA,930.25,"hs",1156,"hs","more"
563030,"white",0.5,0,0,38,34.5,45,5,1,1.5,16,11,11,102500,62034.5216666667,20025.53,1,0,0,21,2,32,2,35,1,5,1,21,563030,1,1444,NA,1190.25,"less_hs",2025,"higher","more"
563036,"white",0.5,0,1,38,34.5,38.5,3,1,1.5,14,11,11,36250.99,62034.5216666667,20025.53,1,0,0,21,1,8,2,35,1,5,1,21,563036,1,1444,NA,1190.25,"less_hs",1482.25,"some_college","more"
563035,"white",0.5,1,1,38,28,39,1,1,1.5,10,9,11,0,13115.2466666667,20025.53,1,0,0,21,0,0,1,6,1,5,1,21,563035,1,1444,NA,784,"less_hs",1521,"less_hs","more"
563040,"white",0.5,1,0,38,28,36,3,1,1.5,13,9,11,134823.25,13115.2466666667,20025.53,0,0,0,21,2,42,1,6,1,5,1,21,563040,1,1444,NA,784,"less_hs",1296,"some_college","more"
563041,"white",0.5,0,1,38,26.5,35,-Inf,1,1.5,NA,10,11,0,0,20025.53,1,0,0,21,0,0,0,0,1,5,1,21,563041,1,1444,NA,702.25,"less_hs",1225,NA,"more"
563042,"white",0.5,0,0,38,26.5,33,1,1,1.5,11,10,11,0,0,20025.53,1,0,0,21,0,0,0,0,1,5,1,21,563042,1,1444,NA,702.25,"less_hs",1089,"less_hs","more"
564030,"white",0.5,0,1,39,35.8333333333333,45,3,2,2,14,12,12,0,104772.838333333,0,0,0,0,24,0,0,3,57,0,0,1,24,564030,1,1521,"hs",1284.02777777778,"hs",2025,"some_college","less"
569030,"black",0,0,1,49.5,28,33,2,2,1,12,12,10,79876.085,0,53187.3044683908,0,0,0,25,1,22,0,0,2,28,1,25,569030,0,2450.25,"less_hs",784,"hs",1089,"hs","less"
569031,"black",0,0,1,49.5,28,30,3,2,1,14,12,10,0,0,53187.3044683908,1,0,0,25,0,0,0,0,2,28,1,25,569031,0,2450.25,"less_hs",784,"hs",900,"some_college","less"
569032,"black",0,0,1,49.5,28,28,2,2,1,6,12,10,39876.085,0,53187.3044683908,0,0,0,25,1,9,0,0,2,28,1,25,569032,0,2450.25,"less_hs",784,"hs",784,"hs","less"
570030,"black",0.5,0,1,45,37.3333333333333,41,3,2,-Inf,14,12,0,119555.2,89475.22,0,0,0,0,3,2,37,2,49,0,0,1,3,570030,0,2025,NA,1393.77777777778,"hs",1681,"some_college","more"
570033,"black",0.5,0,0,45,27.5,35,2,3,-Inf,12,13.1666666666667,0,0,14901.3983333333,0,0,0,0,3,0,0,1,8,0,0,1,3,570033,0,2025,NA,756.25,"some_college",1225,"hs","more"
570035,"black",0.5,0,0,45,27.5,31.5,1,3,-Inf,11,13.1666666666667,0,91608.415,14901.3983333333,0,0,0,0,3,2,27,1,8,0,0,1,3,570035,0,2025,NA,756.25,"some_college",992.25,"less_hs","more"
573030,"white",0.5,0,1,49.5,30.5,37,5,5,4,17,17,16,1067871.5,103232.116666667,164395.404022989,1,0,0,32,4,97,3,56,4,80,1,32,573030,1,2450.25,"college",930.25,"higher",1369,"higher","more"
573031,"white",0.5,0,1,49.5,30.5,35,4,5,4,16,17,16,330361.4,103232.116666667,164395.404022989,0,0,0,32,4,83,3,56,4,80,1,32,573031,1,2450.25,"college",930.25,"higher",1225,"college","more"
573032,"white",0.5,0,1,49.5,30.5,30,3,5,4,14,17,16,491977.7,103232.116666667,164395.404022989,1,0,0,32,4,93,3,56,4,80,1,32,573032,1,2450.25,"college",930.25,"higher",900,"some_college","more"
573034,"white",0.5,0,0,49.5,30.5,27,3,5,4,15,17,16,491977.7,103232.116666667,164395.404022989,1,0,0,32,4,93,3,56,4,80,1,32,573034,1,2450.25,"college",930.25,"higher",729,"some_college","more"
573033,"white",0.5,0,0,49.5,26.5,29,4,5,4,16,17,16,0,186654.075,164395.404022989,0,0,0,32,0,0,4,82,4,80,1,32,573033,1,2450.25,"college",702.25,"higher",841,"college","more"
575030,"white",0.5,0,1,50.5,32.5,36,3,3,1,14,14,10,137144.55,148365.783333333,204810.93045977,0,0,0,24,2,43,3,72,4,88,1,24,575030,1,2550.25,"less_hs",1056.25,"some_college",1296,"some_college","less"
577030,"white",0.5,0,1,41.5,26,33,2,2,1,12,12,9.5,0,61247.4133333333,201291.11724138,0,0,0,24,0,0,2,34,4,88,1,24,577030,1,1722.25,"less_hs",676,"hs",1089,"hs","less"
582032,"white",0.5,1,1,45.5,35.5,29.5,3,5,1,14,17,11,0,177507.05,144552.117241379,0,0,0,29,0,0,4,81,3,74,1,29,582032,1,2070.25,"less_hs",1260.25,"higher",870.25,"some_college","less"
582033,"white",0.5,1,0,45.5,35.5,27.5,4,5,1,16,17,11,0,177507.05,144552.117241379,0,0,0,29,0,0,4,81,3,74,1,29,582033,1,2070.25,"less_hs",1260.25,"higher",756.25,"college","less"
582030,"white",0.5,0,0,45.5,32.5,43,3,2,1,14,12,11,203574.25,142318.75,144552.117241379,0,0,0,29,3,63,3,70,3,74,1,29,582030,1,2070.25,"less_hs",1056.25,"hs",1849,"some_college","less"
582031,"white",0.5,0,1,45.5,32.5,39,3,2,1,13,12,11,124733.9,142318.75,144552.117241379,0,0,0,29,2,39,3,70,3,74,1,29,582031,1,2070.25,"less_hs",1056.25,"hs",1521,"some_college","less"
586030,"white",0.5,0,0,25.5,25,34,5,1,2.5,17,11,12.5,261610.4,0,0,0,0,0,23,3,74,0,0,0,0,1,23,586030,1,650.25,NA,625,"less_hs",1156,"higher","more"
596032,"white",0.5,1,0,47,37.3333333333333,36,5,5,4.5,17,17,16.5,305361.4,243141.333333333,350758.477873563,0,0,0,27,4,80,4,89,4,99,1,27,596032,1,2209,NA,1393.77777777778,"higher",1296,"higher","more"
596031,"white",0.5,0,1,47,34.6666666666667,36,5,5,4.5,17,16.8333333333333,16.5,0,887610.816666667,350758.477873563,0,0,0,27,0,0,4,100,4,99,1,27,596031,1,2209,NA,1201.77777777778,"higher",1296,"higher","more"
596035,"white",0.5,0,1,47,34.6666666666667,33,4,5,4.5,16,16.8333333333333,16.5,0,887610.816666667,350758.477873563,0,0,0,27,0,0,4,100,4,99,1,27,596035,1,2209,NA,1201.77777777778,"higher",1089,"college","more"
596036,"white",0.5,0,0,47,34.6666666666667,29,4,5,4.5,16,16.8333333333333,16.5,258935.6,887610.816666667,350758.477873563,0,0,0,27,3,74,4,100,4,99,1,27,596036,1,2209,NA,1201.77777777778,"higher",841,"college","more"
597035,"white",0.5,1,0,58,37.1666666666667,27.5,2,2,-Inf,12,11.1666666666667,1,0,16704.3716666667,0,1,0,0,25,0,0,1,11,0,0,1,25,597035,1,3364,NA,1381.36111111111,"hs",756.25,"hs","more"
597030,"white",0.5,0,1,58,34.3333333333333,40.5,2,1,-Inf,6,10,1,38840.345,77938.43,0,1,0,0,25,1,8,2,44,0,0,1,25,597030,1,3364,NA,1178.77777777778,"less_hs",1640.25,"hs","more"
607030,"white",0.5,1,1,41.5,35.5,41,3,2,2.5,14,12,13,189144.55,42628.7166666667,119822.318103449,0,0,0,25,3,59,1,25,3,63,1,25,607030,1,1722.25,NA,1260.25,"hs",1681,"some_college","more"
607039,"white",0.5,1,1,41.5,35.5,35.5,3,2,2.5,14,12,13,0,42628.7166666667,119822.318103449,0,0,0,25,0,0,1,25,3,63,1,25,607039,1,1722.25,NA,1260.25,"hs",1260.25,"some_college","more"
607032,"white",0.5,0,0,41.5,32.5,41,3,3,2.5,13,13.6666666666667,13,50000,22067.4291666667,119822.318103449,0,0,0,25,1,12,1,14,3,63,1,25,607032,1,1722.25,NA,1056.25,"some_college",1681,"some_college","more"
607037,"white",0.5,0,1,41.5,32.5,38,3,3,2.5,14,13.6666666666667,13,157162.8,22067.4291666667,119822.318103449,1,0,0,25,2,49,1,14,3,63,1,25,607037,1,1722.25,NA,1056.25,"some_college",1444,"some_college","more"
608033,"white",0.5,0,1,40.5,34.5,43,3,3,2,14,13,12,90000,245111.45,193402.700287357,0,0,0,24,2,26,4,89,4,87,1,24,608033,1,1640.25,"hs",1190.25,"some_college",1849,"some_college","less"
608036,"white",0.5,0,1,40.5,34.5,32,3,3,2,15,13,12,0,245111.45,193402.700287357,0,0,0,24,0,0,4,89,4,87,1,24,608036,1,1640.25,"hs",1190.25,"some_college",1024,"some_college","less"
616030,"white",0,1,1,59.5,32.6666666666667,30,5,3,2,17,14.1666666666667,12,0,165366.283333333,171435.03045977,0,0,0,23,0,0,4,78,4,82,1,23,616030,1,3540.25,"hs",1067.11111111111,"some_college",900,"higher","less"
618030,"white",0.5,0,1,33,27,27,4,5,2,16,17,12,0,327207.06,150862.840804597,0,0,0,29,0,0,4,93,4,76,1,29,618030,1,1089,"hs",729,"higher",729,"college","less"
620030,"white",0.5,0,0,48,39.6666666666667,47,5,3,2,17,14.5,12,309003.95,353567.7,184785.38045977,0,0,0,29,4,81,4,95,4,85,1,29,620030,1,2304,"hs",1573.44444444444,"some_college",2209,"higher","less"
620031,"white",0.5,0,0,48,39.6666666666667,40,4,3,2,16,14.5,12,241967.8,353567.7,184785.38045977,0,0,0,29,3,71,4,95,4,85,1,29,620031,1,2304,"hs",1573.44444444444,"some_college",1600,"college","less"
620032,"white",0.5,0,0,48,30.5,32,5,4,2,17,16,12,412148.5,458154.65,184785.38045977,0,0,0,29,4,89,4,98,4,85,1,29,620032,1,2304,"hs",930.25,"college",1024,"higher","less"
620033,"white",0.5,0,0,48,30.5,29,4,4,2,16,16,12,0,458154.65,184785.38045977,0,0,0,29,0,0,4,98,4,85,1,29,620033,1,2304,"hs",930.25,"college",841,"college","less"
620034,"white",0.5,0,1,48,27.5,27,4,3,2,16,15,12,233042.05,256069.533333333,184785.38045977,0,0,0,29,3,69,4,90,4,85,1,29,620034,1,2304,"hs",756.25,"some_college",729,"college","less"
625031,"white",0.5,0,1,41,33.5,27,2,4,2.5,12,16,13.5,0,0,0,0,0,0,23,0,0,0,0,0,0,1,23,625031,1,1681,NA,1122.25,"college",729,"hs","more"
626042,"white",0.5,0,1,41.25,25,37,2,2,1,12,12,8.5,0,0,77646.8850574713,0,0,0,24,0,0,0,0,2,41,1,24,626042,1,1701.5625,"less_hs",625,"hs",1369,"hs","less"
626033,"white",0.5,0,1,41.25,28.5,41,2,2,1,12,12,8.5,195000,134936.173333333,77646.8850574713,0,0,0,24,3,60,3,68,2,41,1,24,626033,1,1701.5625,"less_hs",812.25,"hs",1681,"hs","less"
626034,"white",0.5,0,0,41.25,30.5,42,3,2,1,14,11.1666666666667,8.5,272735.9,6085.56333333333,77646.8850574713,0,0,0,24,4,76,1,2,2,41,1,24,626034,1,1701.5625,"less_hs",930.25,"hs",1764,"some_college","less"
626041,"white",0.5,0,1,41.25,30.5,37.5,2,2,1,12,11.1666666666667,8.5,0,6085.56333333333,77646.8850574713,0,0,0,24,0,0,1,2,2,41,1,24,626041,1,1701.5625,"less_hs",930.25,"hs",1406.25,"hs","less"
630030,"white",0.5,1,1,49.5,33.5,34,-Inf,3,5,NA,14.6666666666667,17,0,126513.283333333,198682.420114942,0,0,0,24,0,0,3,66,4,88,1,24,630030,1,2450.25,"higher",1122.25,"some_college",1156,NA,"more"
630032,"white",0.5,1,1,49.5,33.5,33,4,3,5,16,14.6666666666667,17,0,126513.283333333,198682.420114942,0,0,0,24,0,0,3,66,4,88,1,24,630032,1,2450.25,"higher",1122.25,"some_college",1089,"college","more"
631034,"white",0.5,0,1,50,35.5,33,5,5,4,17,17,16,0,84268.8466666667,248353.012643678,0,0,0,24,0,0,2,47,4,94,1,24,631034,1,2500,"college",1260.25,"higher",1089,"higher","more"
631035,"white",0.5,0,1,50,35.5,30,5,5,4,17,17,16,0,84268.8466666667,248353.012643678,0,0,0,24,0,0,2,47,4,94,1,24,631035,1,2500,"college",1260.25,"higher",900,"higher","more"
633030,"white",0.5,0,0,44,33.5,45,2,1,1,12,9.83333333333333,9,267323.25,0,0,0,0,0,23,3,75,0,0,0,0,1,23,633030,1,1936,"less_hs",1122.25,"less_hs",2025,"hs","less"
633033,"white",0.5,0,0,44,33.5,43,2,1,1,12,9.83333333333333,9,0,0,0,0,0,0,23,0,0,0,0,0,0,1,23,633033,1,1936,"less_hs",1122.25,"less_hs",1849,"hs","less"
634005,"white",0.5,1,1,57.5,48.8333333333333,53,2,5,1,12,16.1666666666667,7.5,203574.25,143098.433333333,58196.8007471265,0,0,0,23,3,63,3,71,2,31,1,23,634005,1,3306.25,"less_hs",2384.69444444444,"higher",2809,"hs","less"
634006,"white",0.5,1,0,57.5,48.8333333333333,51,4,5,1,16,16.1666666666667,7.5,344308.15,143098.433333333,58196.8007471265,0,0,0,23,4,85,3,71,2,31,1,23,634006,1,3306.25,"less_hs",2384.69444444444,"higher",2601,"college","less"
634007,"white",0.5,1,0,57.5,48.8333333333333,50,2,5,1,12,16.1666666666667,7.5,193395.55,143098.433333333,58196.8007471265,0,0,0,23,3,60,3,71,2,31,1,23,634007,1,3306.25,"less_hs",2384.69444444444,"higher",2500,"hs","less"
634008,"white",0.5,1,0,57.5,48.8333333333333,47,3,5,1,14,16.1666666666667,7.5,191612.4,143098.433333333,58196.8007471265,0,0,0,23,3,59,3,71,2,31,1,23,634008,1,3306.25,"less_hs",2384.69444444444,"higher",2209,"some_college","less"
636031,"white",0.5,1,1,42.5,33.5,30,2,4,2,12,15.6666666666667,12,85448.75,95466.2583333333,116484.718103449,1,0,0,24,1,25,3,53,3,61,1,24,636031,1,1806.25,"hs",1122.25,"college",900,"hs","less"
636032,"white",0.5,1,1,42.5,33.5,27.5,3,4,2,13,15.6666666666667,12,40000,95466.2583333333,116484.718103449,1,0,0,24,1,9,3,53,3,61,1,24,636032,1,1806.25,"hs",1122.25,"college",756.25,"some_college","less"
639032,"white",0.5,1,1,37,30.3333333333333,29,3,2,1.5,13,12,10,142414.6,106223.713333333,0,0,0,0,26,2,44,3,58,0,0,1,26,639032,1,1369,NA,920.111111111111,"hs",841,"some_college","more"
641031,"white",0.5,1,1,46.5,34.5,40,4,3,2.5,16,15,12.5,254467.8,277222.133333333,360469.177011495,0,0,0,22,3,73,4,92,4,99,1,22,641031,1,2162.25,NA,1190.25,"some_college",1600,"college","more"
647031,"white",0,1,1,41.5,35.5,38,3,3,1,14,12.8333333333333,7,234289.1,176173.216666667,0,0,0,0,22,3,69,4,80,0,0,1,22,647031,1,1722.25,"less_hs",1260.25,"some_college",1444,"some_college","less"
647033,"white",0,1,1,41.5,35.5,30.5,3,3,1,14,12.8333333333333,7,134646.55,176173.216666667,0,0,0,0,22,2,42,4,80,0,0,1,22,647033,1,1722.25,"less_hs",1260.25,"some_college",930.25,"some_college","less"
647034,"white",0,1,0,41.5,35.5,29.5,2,3,1,12,12.8333333333333,7,231163.6,176173.216666667,0,0,0,0,22,3,69,4,80,0,0,1,22,647034,1,1722.25,"less_hs",1260.25,"some_college",870.25,"hs","less"
647030,"white",0,1,1,41.5,29.3333333333333,38,3,3,1,14,12.8333333333333,7,20000,92409.6783333333,0,0,0,0,22,1,4,3,51,0,0,1,22,647030,1,1722.25,"less_hs",860.444444444444,"some_college",1444,"some_college","less"
650032,"white",0.5,1,0,42,27,33.5,3,3,1.5,14,14,11,0,0,113056.011494253,0,0,0,22,0,0,0,0,3,60,1,22,650032,1,1764,NA,729,"some_college",1122.25,"some_college","more"
652031,"white",0.5,1,1,35,26.5,31,4,2,1.5,16,12,10.5,178038.1,0,195162.606896552,0,0,0,23,3,55,0,0,4,87,1,23,652031,1,1225,NA,702.25,"hs",961,"college","more"
656030,"white",0.5,0,1,34.5,30.5,37.5,5,2,2.5,17,12,13,307861.4,185360.066666667,273931.602298851,0,0,0,24,4,81,4,82,4,96,1,24,656030,1,1190.25,NA,930.25,"hs",1406.25,"higher","more"
656031,"white",0.5,0,0,34.5,28.6666666666667,31,4,4,2.5,16,16,13,216252.95,91017.7966666667,273931.602298851,0,0,0,24,3,66,2,50,4,96,1,24,656031,1,1190.25,NA,821.777777777778,"college",961,"college","more"
656032,"white",0.5,0,0,34.5,28.6666666666667,31,3,4,2.5,15,16,13,0,91017.7966666667,273931.602298851,0,0,0,24,0,0,2,50,4,96,1,24,656032,1,1190.25,NA,821.777777777778,"college",961,"some_college","more"
656033,"white",0.5,0,0,34.5,26,28,4,3,2.5,16,14,13,0,0,273931.602298851,1,0,0,24,0,0,0,0,4,96,1,24,656033,1,1190.25,NA,676,"some_college",784,"college","more"
660030,"white",0.5,0,1,42,34.3333333333333,42,2,3,2,12,14,12,106787.15,124719,212397.246551724,0,0,0,29,2,33,3,65,4,90,1,29,660030,1,1764,"hs",1178.77777777778,"some_college",1764,"hs","less"
660031,"white",0.5,0,1,42,34.3333333333333,40,3,3,2,15,14,12,538756.9,124719,212397.246551724,0,0,0,29,4,94,3,65,4,90,1,29,660031,1,1764,"hs",1178.77777777778,"some_college",1600,"some_college","less"
664031,"white",0.5,1,0,53.5,28.5,30,5,3,2,17,15,12,305361.4,116399.983333333,102678.785057471,0,0,0,29,4,80,3,62,3,54,1,29,664031,1,2862.25,"hs",812.25,"some_college",900,"higher","less"
664033,"white",0.5,1,1,53.5,28.5,28,4,3,2,16,15,12,152680.7,116399.983333333,102678.785057471,0,0,0,29,2,47,3,62,3,54,1,29,664033,1,2862.25,"hs",812.25,"some_college",784,"college","less"
664032,"white",0.5,1,1,53.5,27.5,30,-Inf,2,2,NA,12,12,0,291194.916666667,102678.785057471,0,0,0,29,0,0,4,92,3,54,1,29,664032,1,2862.25,"hs",756.25,"hs",900,NA,"less"
664034,"white",0.5,1,0,53.5,27.5,28,3,2,2,15,12,12,0,291194.916666667,102678.785057471,0,0,0,29,0,0,4,92,3,54,1,29,664034,1,2862.25,"hs",756.25,"hs",784,"some_college","less"
664030,"white",0.5,0,1,53.5,31.5,31.5,4,4,2,16,16,12,0,263683,102678.785057471,0,0,0,29,0,0,4,91,3,54,1,29,664030,1,2862.25,"hs",992.25,"college",992.25,"college","less"
664035,"white",0.5,0,1,53.5,31.5,27,4,4,2,16,16,12,0,263683,102678.785057471,0,0,0,29,0,0,4,91,3,54,1,29,664035,1,2862.25,"hs",992.25,"college",729,"college","less"
677030,"white",0.5,0,1,35,32.8333333333333,41,3,2,1,14,12,9,0,15713.8033333333,70607.2636206897,0,0,0,7,0,0,1,9,2,38,1,7,677030,1,1225,"less_hs",1078.02777777778,"hs",1681,"some_college","less"
677032,"white",0.5,0,1,35,32.8333333333333,39,5,2,1,8.5,12,9,470988.85,15713.8033333333,70607.2636206897,0,0,0,7,4,92,1,9,2,38,1,7,677032,1,1225,"less_hs",1078.02777777778,"hs",1521,"higher","less"
677033,"white",0.5,1,1,35,29.5,33,2,2,1,12,12,9,202680.7,88614.2533333333,70607.2636206897,0,0,0,7,3,63,2,49,2,38,1,7,677033,1,1225,"less_hs",870.25,"hs",1089,"hs","less"
691031,"white",0.5,1,0,30.5,27.5,29,3,3,3,15,14.8333333333333,14,197502,148317.783333333,169584.017241379,0,0,0,24,3,61,3,72,4,81,1,24,691031,1,930.25,"some_college",756.25,"some_college",841,"some_college","more"
691033,"white",0.5,1,0,30.5,27.5,26.5,3,3,3,14,14.8333333333333,14,0,148317.783333333,169584.017241379,0,0,0,24,0,0,3,72,4,81,1,24,691033,1,930.25,"some_college",756.25,"some_college",702.25,"some_college","more"
691030,"white",0.5,1,0,30.5,27,29,3,3,3,15,14,14,0,29634.56,169584.017241379,0,0,0,24,0,0,1,19,4,81,1,24,691030,1,930.25,"some_college",729,"some_college",841,"some_college","more"
691032,"white",0.5,1,0,30.5,27,27,4,3,3,16,14,14,237680.7,29634.56,169584.017241379,0,0,0,24,3,70,1,19,4,81,1,24,691032,1,930.25,"some_college",729,"some_college",729,"college","more"
692032,"white",0.5,0,0,33.5,27,32,2,2,2,12,12,12,238220.8,189964.82,153848.459482759,0,0,0,15,3,70,4,83,4,77,1,15,692032,1,1122.25,"hs",729,"hs",1024,"hs","less"
692033,"white",0.5,0,0,33.5,27,30,2,2,2,12,12,12,222684.6,189964.82,153848.459482759,0,0,0,15,3,67,4,83,4,77,1,15,692033,1,1122.25,"hs",729,"hs",900,"hs","less"
698033,"white",0.5,1,1,40.5,26.5,31.5,4,2,2.5,16,12,12.5,0,0,175171.463505747,0,0,0,23,0,0,0,0,4,84,1,23,698033,1,1640.25,NA,702.25,"hs",992.25,"college","more"
698036,"white",0.5,1,1,40.5,26.5,27.5,2,2,2.5,12,12,12.5,41429.7,0,175171.463505747,0,0,0,23,1,9,0,0,4,84,1,23,698036,1,1640.25,NA,702.25,"hs",756.25,"hs","more"
698034,"white",0.5,0,0,40.5,26.5,29,4,3,2.5,16,14,12.5,149591.35,186792.05,175171.463505747,0,0,0,23,2,46,4,83,4,84,1,23,698034,1,1640.25,NA,702.25,"some_college",841,"college","more"
698035,"white",0.5,0,1,40.5,26.5,27,3,3,2.5,14,14,12.5,167680.7,186792.05,175171.463505747,0,0,0,23,3,52,4,83,4,84,1,23,698035,1,1640.25,NA,702.25,"some_college",729,"some_college","more"
709034,"white",0.5,1,0,34.5,29.5,36.5,2,1,1.5,12,10.8333333333333,10.5,0,0,0,1,0,0,23,0,0,0,0,0,0,1,23,709034,1,1190.25,NA,870.25,"less_hs",1332.25,"hs","more"
709035,"white",0.5,1,0,34.5,29.5,35,2,1,1.5,12,10.8333333333333,10.5,51859.65,0,0,1,0,0,23,1,13,0,0,0,0,1,23,709035,1,1190.25,NA,870.25,"less_hs",1225,"hs","more"
709172,"white",0.5,1,1,34.5,29.5,39,2,1,1.5,12,10.8333333333333,10.5,95000,0,0,0,0,0,23,2,28,0,0,0,0,1,23,709172,1,1190.25,NA,870.25,"less_hs",1521,"hs","more"
709036,"white",0.5,1,1,34.5,26.6,33,4,2,1.5,16,12,10.5,201627.45,28643.94,0,0,0,0,23,3,63,1,18,0,0,1,23,709036,1,1190.25,NA,707.56,"hs",1089,"college","more"
709030,"white",0.5,0,0,34.5,31.5,40,4,2,1.5,16,12,10.5,103574.3,0,0,0,0,0,23,2,32,0,0,0,0,1,23,709030,1,1190.25,NA,992.25,"hs",1600,"college","more"
709031,"white",0.5,0,1,34.5,31.5,38,2,2,1.5,12,12,10.5,0,0,0,0,0,0,23,0,0,0,0,0,0,1,23,709031,1,1190.25,NA,992.25,"hs",1444,"hs","more"
709032,"white",0.5,0,0,34.5,31.5,37,3,2,1.5,14,12,10.5,0,0,0,0,0,0,23,0,0,0,0,0,0,1,23,709032,1,1190.25,NA,992.25,"hs",1369,"some_college","more"
709033,"white",0.5,0,0,34.5,26,37.5,5,3,1.5,17,13.3333333333333,10.5,365003.95,21073.4633333333,0,0,0,0,23,4,87,1,14,0,0,1,23,709033,1,1190.25,NA,676,"some_college",1406.25,"higher","more"
711030,"white",0.5,0,0,40.5,26.5,29,2,3,1.5,12,14,10,0,0,131868.29454023,0,0,0,27,0,0,0,0,3,68,1,27,711030,1,1640.25,NA,702.25,"some_college",841,"hs","more"
712034,"white",0.5,0,1,38,29.5,28,5,2,1.5,16.5,12,10,170359.4,0,106380.861494253,0,0,0,23,3,53,0,0,3,58,1,23,712034,1,1444,NA,870.25,"hs",784,"higher","more"
712032,"white",0.5,0,0,38,28.5,35,4,2,1.5,16,12,10,157680.7,123315.283333333,106380.861494253,0,0,0,23,2,50,3,65,3,58,1,23,712032,1,1444,NA,812.25,"hs",1225,"college","more"
713033,"white",0.5,0,0,44,34.5,42,3,2,1.5,14,12,10.5,0,45866.235,101101.141666666,0,0,0,23,0,0,2,27,3,53,1,23,713033,1,1936,NA,1190.25,"hs",1764,"some_college","more"
727030,"black",0.5,0,0,29.5,27.5,29,5,4,2,16.5,16,12,508935.65,0,0,0,0,0,25,4,94,0,0,0,0,1,25,727030,0,870.25,"hs",756.25,"college",841,"higher","less"
728031,"white",0.333333333333333,0,0,44.3333333333333,27.5,33,2,3,-Inf,12,13,16,353129.45,413476.05,185613.429118774,0,0,0,24,4,86,4,96,4,85,1,24,728031,1,1965.44444444444,NA,756.25,"some_college",1089,"hs","more"
729031,"white",0.5,1,0,34,35.3333333333333,28,3,2,1.5,14,12,10.5,0,86150.3116666667,0,1,0,0,23,0,0,2,48,0,0,1,23,729031,1,1156,NA,1248.44444444444,"hs",784,"some_college","more"
729030,"white",0.5,0,1,34,33.5,42.5,2,2,1.5,12,12,10.5,0,93498.6833333333,0,0,0,0,23,0,0,3,52,0,0,1,23,729030,1,1156,NA,1122.25,"hs",1806.25,"hs","more"
729037,"white",0.5,0,1,34,33.5,31,2,2,1.5,12,12,10.5,0,93498.6833333333,0,1,0,0,23,0,0,3,52,0,0,1,23,729037,1,1156,NA,1122.25,"hs",961,"hs","more"
729038,"white",0.5,0,1,34,33.5,33,2,2,1.5,12,12,10.5,0,93498.6833333333,0,0,0,0,23,0,0,3,52,0,0,1,23,729038,1,1156,NA,1122.25,"hs",1089,"hs","more"
736030,"white",0.5,1,0,45.5,35.5,43,4,2,2,16,12,12,170448.75,173144.183333333,54859.2157471265,0,0,0,23,3,54,4,79,2,30,1,23,736030,1,2070.25,"hs",1260.25,"hs",1849,"college","less"
736031,"white",0.5,1,0,45.5,35.5,39,4,2,2,16,12,12,181254.9,173144.183333333,54859.2157471265,0,0,0,23,3,57,4,79,2,30,1,23,736031,1,2070.25,"hs",1260.25,"hs",1521,"college","less"
750031,"white",0.5,1,1,32.5,25.5,30,4,2,1,16,12,11,0,109159.4,123068.761494253,1,0,0,24,0,0,3,59,3,65,1,24,750031,1,1056.25,"less_hs",650.25,"hs",900,"college","less"
751030,"white",0.5,1,0,33,29.5,42.5,3,2,2.5,14,12,13.5,1000,81158.1616666667,117892.643390805,0,0,0,24,1,1,2,46,3,62,1,24,751030,1,1089,NA,870.25,"hs",1806.25,"some_college","more"
751031,"white",0.5,1,0,33,29.5,41,5,2,2.5,17,12,13.5,0,81158.1616666667,117892.643390805,1,0,0,24,0,0,2,46,3,62,1,24,751031,1,1089,NA,870.25,"hs",1681,"higher","more"
751032,"white",0.5,0,0,33,28.5,39,4,3,2.5,16,14.5,13.5,106163.6,165134.666666667,117892.643390805,0,0,0,24,2,33,4,78,3,62,1,24,751032,1,1089,NA,812.25,"some_college",1521,"college","more"
751033,"white",0.5,0,0,33,28.5,36,4,3,2.5,16,14.5,13.5,170000,165134.666666667,117892.643390805,1,0,0,24,3,53,4,78,3,62,1,24,751033,1,1089,NA,812.25,"some_college",1296,"college","more"
751034,"white",0.5,1,0,33,27.5,32,4,3,2.5,16,12.8333333333333,13.5,203574.25,89519.3166666667,117892.643390805,0,0,0,24,3,63,2,49,3,62,1,24,751034,1,1089,NA,756.25,"some_college",1024,"college","more"
751035,"white",0.5,1,0,33,27.5,30,3,3,2.5,14,12.8333333333333,13.5,414023,89519.3166666667,117892.643390805,0,0,0,24,4,90,2,49,3,62,1,24,751035,1,1089,NA,756.25,"some_college",900,"some_college","more"
759030,"white",0.5,1,0,57,37.5,36,5,5,2,17,16.8333333333333,12,0,260797.45,121308.854885058,0,0,0,29,0,0,4,91,3,64,1,29,759030,1,3249,"hs",1406.25,"higher",1296,"higher","less"
759031,"white",0.5,1,1,57,37.5,31,4,5,2,16,16.8333333333333,12,0,260797.45,121308.854885058,0,0,0,29,0,0,4,91,3,64,1,29,759031,1,3249,"hs",1406.25,"higher",961,"college","less"
773030,"white",0.5,0,0,27.5,26,35,5,2,1.5,17,12,11.5,30536.14,0,95469.4405172414,0,0,0,23,1,6,0,0,2,49,1,23,773030,1,756.25,NA,676,"hs",1225,"higher","more"
773031,"white",0.5,0,1,27.5,26,33,2,2,1.5,12,12,11.5,0,0,95469.4405172414,1,0,0,23,0,0,0,0,2,49,1,23,773031,1,756.25,NA,676,"hs",1089,"hs","more"
773032,"white",0.5,0,0,27.5,26,33,3,2,1.5,14,12,11.5,162770.05,0,95469.4405172414,0,0,0,23,3,51,0,0,2,49,1,23,773032,1,756.25,NA,676,"hs",1089,"some_college","more"
773033,"white",0.5,0,0,27.5,26,31,3,2,1.5,13,12,11.5,0,0,95469.4405172414,0,0,0,23,0,0,0,0,2,49,1,23,773033,1,756.25,NA,676,"hs",961,"some_college","more"
774030,"white",0,0,1,54.5,31.5,33,-Inf,3,1,NA,14.2,5,280414.6,79575.15,0,0,0,0,23,4,77,2,45,0,0,1,23,774030,1,2970.25,"less_hs",992.25,"some_college",1089,NA,"less"
777030,"white",0.5,0,0,46.5,37,33,4,3,2,16,15,12,509185.45,343443.45,115194.735057471,0,0,0,24,4,94,4,94,3,61,1,24,777030,1,2162.25,"hs",1369,"some_college",1089,"college","less"
777031,"white",0.5,1,1,46.5,30.5,28,5,4,2,17,16,12,213395.55,120421.633333333,115194.735057471,0,0,0,24,3,65,3,64,3,61,1,24,777031,1,2162.25,"hs",930.25,"college",784,"higher","less"
779030,"white",0.5,0,1,50.25,41.5,41.5,3,4,3.5,14,16,15,0,202323.266666667,288404.112643678,0,0,0,29,0,0,4,85,4,96,1,29,779030,1,2525.0625,NA,1722.25,"college",1722.25,"some_college","more"
779034,"white",0.5,0,1,50.25,41.5,38,4,4,3.5,16,16,15,167500,202323.266666667,288404.112643678,0,0,0,29,3,52,4,85,4,96,1,29,779034,1,2525.0625,NA,1722.25,"college",1444,"college","more"
779036,"white",0.5,0,1,50.25,35.5,35,2,3,3.5,12,12.1666666666667,15,140000,332647.533333333,288404.112643678,0,0,0,29,2,44,4,94,4,96,1,29,779036,1,2525.0625,NA,1260.25,"some_college",1225,"hs","more"
779038,"white",0.5,0,1,50.25,35.5,29,3,3,3.5,15,12.1666666666667,15,305003.95,332647.533333333,288404.112643678,1,0,0,29,4,80,4,94,4,96,1,29,779038,1,2525.0625,NA,1260.25,"some_college",841,"some_college","more"
780030,"white",0,0,0,49.5,41.6666666666667,44,2,3,2,12,12.1666666666667,12,175806.2,434162.966666667,265496.545689655,0,0,0,29,3,55,4,97,4,96,1,29,780030,1,2450.25,"hs",1736.11111111111,"some_college",1936,"hs","less"
780031,"white",0,0,0,49.5,41.6666666666667,39,2,3,2,12,12.1666666666667,12,183216.85,434162.966666667,265496.545689655,0,0,0,29,3,57,4,97,4,96,1,29,780031,1,2450.25,"hs",1736.11111111111,"some_college",1521,"hs","less"
789030,"white",0,0,1,44.5,32.5,41,3,2,1,14,12,9,305540.1,78013.6583333333,0,0,0,0,27,4,81,2,44,0,0,1,27,789030,1,1980.25,"less_hs",1056.25,"hs",1681,"some_college","less"
796032,"white",0.5,1,1,34.5,28.5,32,2,4,2,12,16,12,170000,0,0,1,0,0,27,3,53,0,0,0,0,1,27,796032,1,1190.25,"hs",812.25,"college",1024,"hs","less"
796033,"white",0.5,0,0,34.5,27.4,31,4,2,2,16,12,12,253574.25,185815.56,0,0,0,0,27,3,73,4,82,0,0,1,27,796033,1,1190.25,"hs",750.76,"hs",961,"college","less"
796034,"white",0.5,0,1,34.5,27.4,27,2,2,2,12,12,12,0,185815.56,0,0,0,0,27,0,0,4,82,0,0,1,27,796034,1,1190.25,"hs",750.76,"hs",729,"hs","less"
819030,"white",0.5,1,1,37,30.5,34.5,3,5,2.5,14,16.1666666666667,13,240270.05,177685.783333333,208695.170114942,0,0,0,24,3,70,4,81,4,89,1,24,819030,1,1369,NA,930.25,"higher",1190.25,"some_college","more"
819031,"white",0.5,1,1,37,30.5,32,5,5,2.5,17,16.1666666666667,13,0,177685.783333333,208695.170114942,0,0,0,24,0,0,4,81,4,89,1,24,819031,1,1369,NA,930.25,"higher",1024,"higher","more"
819032,"white",0.5,1,0,37,30.5,30,2,5,2.5,12,16.1666666666667,13,224431.3,177685.783333333,208695.170114942,0,0,0,24,3,67,4,81,4,89,1,24,819032,1,1369,NA,930.25,"higher",900,"hs","more"
823032,"white",0.5,0,1,53,37.5,37,4,5,2,16,17,12,483042.05,210296.616666667,72093.8304022989,0,0,0,24,4,93,4,86,2,39,1,24,823032,1,2809,"hs",1406.25,"higher",1369,"college","less"
823033,"white",0.5,0,0,53,37.5,31,5,5,2,17,17,12,419737.85,210296.616666667,72093.8304022989,0,0,0,24,4,90,4,86,2,39,1,24,823033,1,2809,"hs",1406.25,"higher",961,"higher","less"
832030,"white",0.5,0,0,45.5,35.5,41,4,2,2,16,12,12,150609.2,211115.033333333,119822.318103449,0,0,0,24,2,47,4,86,3,63,1,24,832030,1,2070.25,"hs",1260.25,"hs",1681,"college","less"
833030,"white",0,1,1,32.5,31.1666666666667,42,2,2,1,12,12,10,89536.93,103631.218333333,51612.7373563218,0,0,0,23,2,26,3,56,2,28,1,23,833030,1,1056.25,"less_hs",971.361111111111,"hs",1764,"hs","less"
833032,"white",0,1,1,32.5,30.5,34,2,2,1,12,12,10,70000,61711.7166666667,51612.7373563218,0,0,0,23,1,18,2,34,2,28,1,23,833032,1,1056.25,"less_hs",930.25,"hs",1156,"hs","less"
833034,"white",0,1,0,32.5,30.5,27,2,2,1,12,12,10,60000,61711.7166666667,51612.7373563218,0,0,0,23,1,14,2,34,2,28,1,23,833034,1,1056.25,"less_hs",930.25,"hs",729,"hs","less"
833033,"white",0,1,0,32.5,27,33,4,2,1,16,12,10,264646.55,39688.534,51612.7373563218,0,0,0,23,3,75,1,24,2,28,1,23,833033,1,1056.25,"less_hs",729,"hs",1089,"college","less"
840036,"black",0,0,1,37.5,30.6666666666667,40,2,1,1,12,10,10,0,0,0,0,0,0,3,0,0,0,0,0,0,1,3,840036,0,1406.25,"less_hs",940.444444444445,"less_hs",1600,"hs","less"
840038,"black",0,0,0,37.5,30.6666666666667,36,2,1,1,12,10,10,0,0,0,0,0,0,3,0,0,0,0,0,0,1,3,840038,0,1406.25,"less_hs",940.444444444445,"less_hs",1296,"hs","less"
840030,"black",0,0,0,37.5,26.5,45,2,1,1,12,9.5,10,0,0,0,0,0,0,3,0,0,0,0,0,0,1,3,840030,0,1406.25,"less_hs",702.25,"less_hs",2025,"hs","less"
846037,"black",0.5,0,1,51.25,34.3333333333333,36,2,2,1,12,12,7,330361.4,26153.3033333333,21967.6648275862,0,0,0,3,4,83,1,16,1,7,1,3,846037,0,2626.5625,"less_hs",1178.77777777778,"hs",1296,"hs","less"
846030,"black",0.5,0,0,51.25,30.1666666666667,28,4,1,1,16,11,7,0,20941.5445,21967.6648275862,1,0,0,3,0,0,1,13,1,7,1,3,846030,0,2626.5625,"less_hs",910.027777777778,"less_hs",784,"college","less"
846035,"black",0.5,0,1,51.25,30.1666666666667,38,3,1,1,15,11,7,56644.155,20941.5445,21967.6648275862,0,0,0,3,1,14,1,13,1,7,1,3,846035,0,2626.5625,"less_hs",910.027777777778,"less_hs",1444,"some_college","less"
846039,"black",0.5,0,0,51.25,28.5,33,4,4,1,15.5,16,7,0,51412.5033333333,21967.6648275862,0,0,0,3,0,0,2,29,1,7,1,3,846039,0,2626.5625,"less_hs",812.25,"college",1089,"college","less"
846040,"black",0.5,0,0,51.25,28.5,28,4,4,1,16,16,7,152680.7,51412.5033333333,21967.6648275862,1,0,0,3,2,47,2,29,1,7,1,3,846040,0,2626.5625,"less_hs",812.25,"college",784,"college","less"
855031,"white",0.5,0,1,42,37,36,5,5,2.5,17,16.8333333333333,13.5,687063.1,405834.816666667,342870.11091954,1,0,0,24,4,96,4,96,4,99,1,24,855031,1,1764,NA,1369,"higher",1296,"higher","more"
855033,"white",0.5,0,1,42,37,33,5,5,2.5,17,16.8333333333333,13.5,0,405834.816666667,342870.11091954,0,0,0,24,0,0,4,96,4,99,1,24,855033,1,1764,NA,1369,"higher",1089,"higher","more"
855032,"white",0.5,0,0,42,34.1666666666667,34,4,4,2.5,16,16,13.5,213752.95,460990.433333333,342870.11091954,1,0,0,24,3,65,4,98,4,99,1,24,855032,1,1764,NA,1167.36111111111,"college",1156,"college","more"
856031,"white",0.5,0,0,33.75,30.5,34,4,5,-Inf,16,17,13,0,112066.833333333,342505.634482758,0,0,0,24,0,0,3,60,4,99,1,24,856031,1,1139.0625,NA,930.25,"higher",1156,"college","more"
856032,"white",0.5,0,0,33.75,30.5,33,5,5,-Inf,17,17,13,173038.1,112066.833333333,342505.634482758,0,0,0,24,3,54,3,60,4,99,1,24,856032,1,1139.0625,NA,930.25,"higher",1089,"higher","more"
856033,"white",0.5,0,1,33.75,30.5,30,5,5,-Inf,17,17,13,185627.45,112066.833333333,342505.634482758,0,0,0,24,3,58,3,60,4,99,1,24,856033,1,1139.0625,NA,930.25,"higher",900,"higher","more"
856030,"white",0.5,0,0,33.75,29,34,3,3,-Inf,14,13.5,13,167948.75,123247.466666667,342505.634482758,0,0,0,24,3,52,3,65,4,99,1,24,856030,1,1139.0625,NA,841,"some_college",1156,"some_college","more"
856034,"white",0.5,0,0,33.75,29,28.5,3,3,-Inf,13,13.5,13,239467.8,123247.466666667,342505.634482758,0,0,0,24,3,70,3,65,4,99,1,24,856034,1,1139.0625,NA,841,"some_college",812.25,"some_college","more"
876030,"white",0.5,1,1,43.5,33.5,42,2,2,2.5,12,12,12.5,0,43641.642,143276.524712643,0,0,0,23,0,0,2,26,3,74,1,23,876030,1,1892.25,NA,1122.25,"hs",1764,"hs","more"
880031,"white",0,1,1,32.5,29.5,29,3,4,2,13,15.3333333333333,12,6991.26,31079.03,102314.35862069,0,0,0,23,1,2,1,20,3,54,1,23,880031,1,1056.25,"hs",870.25,"college",841,"some_college","less"
880032,"white",0,1,0,32.5,29.5,29,5,4,2,17,15.3333333333333,12,319825.25,31079.03,102314.35862069,0,0,0,23,4,82,1,20,3,54,1,23,880032,1,1056.25,"hs",870.25,"college",841,"higher","less"
881031,"white",0.5,1,0,51,34.5,34,5,5,4.5,17,16.8333333333333,16.5,362500,276958.866666667,198682.420114942,0,0,0,24,4,86,4,92,4,88,1,24,881031,1,2601,NA,1190.25,"higher",1156,"higher","more"
885030,"white",0.5,0,1,56.5,35.5,41,2,2,2,12,12,10.5,0,33382.735,63294.2973563219,1,0,0,23,0,0,1,21,2,34,1,23,885030,1,3192.25,"hs",1260.25,"hs",1681,"hs","less"
885032,"white",0.5,0,1,56.5,35.5,32,3,2,2,15,12,10.5,228931.7,33382.735,63294.2973563219,1,0,0,23,3,68,1,21,2,34,1,23,885032,1,3192.25,"hs",1260.25,"hs",1024,"some_college","less"
897030,"white",0,0,1,39.5,33.6666666666667,44,3,2,1,13,12,10,0,44747.92,66110.1479310345,1,0,0,23,0,0,2,26,2,36,1,23,897030,1,1560.25,"less_hs",1133.44444444444,"hs",1936,"some_college","less"
897031,"white",0,0,0,39.5,33.6666666666667,42,3,2,1,14,12,10,101787.15,44747.92,66110.1479310345,0,0,0,23,2,31,2,26,2,36,1,23,897031,1,1560.25,"less_hs",1133.44444444444,"hs",1764,"some_college","less"
897032,"white",0,0,0,39.5,33.6666666666667,39.5,2,2,1,12,12,10,0,44747.92,66110.1479310345,1,0,0,23,0,0,2,26,2,36,1,23,897032,1,1560.25,"less_hs",1133.44444444444,"hs",1560.25,"hs","less"
897034,"white",0,1,0,39.5,25.5,30,2,2,1,12,12,10,16303.81,0,66110.1479310345,1,0,0,23,1,4,0,0,2,36,1,23,897034,1,1560.25,"less_hs",650.25,"hs",900,"hs","less"
905030,"white",0.5,1,0,48.5,35.5,44,2,2,2.5,12,12,12.5,0,160732.583333333,117880.198275862,1,0,0,24,0,0,4,77,3,62,1,24,905030,1,2352.25,NA,1260.25,"hs",1936,"hs","more"
907030,"white",0,0,0,44.5,34.3333333333333,39,5,4,1,17,16,8,0,73568.33,14959.2061781609,0,0,0,17,0,0,2,41,1,3,1,17,907030,1,1980.25,"less_hs",1178.77777777778,"college",1521,"higher","less"
907031,"white",0,0,1,44.5,34.3333333333333,34,5,4,1,17,16,8,221648.9,73568.33,14959.2061781609,0,0,0,17,3,67,2,41,1,3,1,17,907031,1,1980.25,"less_hs",1178.77777777778,"college",1156,"higher","less"
908032,"white",0.5,0,0,31,31.5,36,3,3,2,14,14,12,95000,73750.4583333333,227613.16091954,1,0,0,22,2,28,2,42,4,92,1,22,908032,1,961,"hs",992.25,"some_college",1296,"some_college","less"
908034,"white",0.5,0,1,31,31.5,34.5,5,3,2,17,14,12,70000,73750.4583333333,227613.16091954,0,0,0,22,1,18,2,42,4,92,1,22,908034,1,961,"hs",992.25,"some_college",1190.25,"higher","less"
908031,"white",0.5,1,0,31,30.5,38.5,5,3,2,17,13,12,460095.3,77827.2816666667,227613.16091954,0,0,0,22,4,92,2,44,4,92,1,22,908031,1,961,"hs",930.25,"some_college",1482.25,"higher","less"
908033,"white",0.5,1,0,31,30.5,35,4,3,2,16,13,12,200538.1,77827.2816666667,227613.16091954,0,0,0,22,3,62,2,44,4,92,1,22,908033,1,961,"hs",930.25,"some_college",1225,"college","less"
909030,"white",0.5,0,1,41,29.5,35,4,3,2.5,16,14,13,147591.35,43622.5666666667,77435.8908045975,0,0,0,23,2,46,2,26,2,41,1,23,909030,1,1681,NA,870.25,"some_college",1225,"college","more"
909031,"white",0.5,0,1,41,29.5,35,4,3,2.5,16,14,13,63304.205,43622.5666666667,77435.8908045975,0,0,0,23,1,16,2,26,2,41,1,23,909031,1,1681,NA,870.25,"some_college",1225,"college","more"
909032,"white",0.5,0,0,41,29.5,30,5,3,2.5,17,14,13,0,43622.5666666667,77435.8908045975,0,0,0,23,0,0,2,26,2,41,1,23,909032,1,1681,NA,870.25,"some_college",900,"higher","more"
910031,"white",0.5,0,0,42,32.5,35.5,4,4,2,16,16,12,292414.6,149595.166666667,162999.973850575,0,0,0,23,4,79,3,74,4,80,1,23,910031,1,1764,"hs",1056.25,"college",1260.25,"college","less"
910030,"white",0.5,0,1,42,29.5,36,4,3,2,16,14,12,162680.7,88707.9333333333,162999.973850575,0,0,0,23,2,50,2,49,4,80,1,23,910030,1,1764,"hs",870.25,"some_college",1296,"college","less"
910033,"white",0.5,0,0,42,29.5,33,3,3,2,15,14,12,82500,88707.9333333333,162999.973850575,0,0,0,23,1,23,2,49,4,80,1,23,910033,1,1764,"hs",870.25,"some_college",1089,"some_college","less"
915033,"white",0.5,1,0,40.5,27.3333333333333,28.5,5,3,4,17,14,16,0,0,133628.201149425,0,0,0,24,0,0,0,0,3,69,1,24,915033,1,1640.25,"college",747.111111111111,"some_college",812.25,"higher","more"
915030,"white",0.5,0,1,40.5,26.5,31,5,3,4,17,13,16,0,0,133628.201149425,0,0,0,24,0,0,0,0,3,69,1,24,915030,1,1640.25,"college",702.25,"some_college",961,"higher","more"
915034,"white",0.5,0,1,40.5,26.5,28,5,3,4,16.5,13,16,0,0,133628.201149425,0,0,0,24,0,0,0,0,3,69,1,24,915034,1,1640.25,"college",702.25,"some_college",784,"higher","more"
915031,"white",0.5,0,1,40.5,25.5,30,3,3,4,13.5,14,16,168308.15,91045.475,133628.201149425,0,0,0,24,3,53,2,50,3,69,1,24,915031,1,1640.25,"college",650.25,"some_college",900,"some_college","more"
915032,"white",0.5,0,1,40.5,25.5,28,4,3,4,16,14,16,0,91045.475,133628.201149425,0,0,0,24,0,0,2,50,3,69,1,24,915032,1,1640.25,"college",650.25,"some_college",784,"college","more"
921030,"white",0.5,1,1,45.5,36.6666666666667,38,-Inf,2,1.5,NA,12,11.5,0,3951.275,276118.31091954,0,0,0,23,0,0,1,1,4,96,1,23,921030,1,2070.25,NA,1344.44444444444,"hs",1444,NA,"more"
937030,"black",0.5,1,0,49,30.5,34,5,3,1,17,12.8333333333333,4.5,0,0,55588.1136206896,0,0,0,13,0,0,0,0,2,30,1,13,937030,0,2401,"less_hs",930.25,"some_college",1156,"higher","less"
941031,"white",0.5,0,0,44,33.5,41,2,2,1.5,12,12,11.5,262235.9,93593.9966666667,0,0,0,0,23,3,75,3,52,0,0,1,23,941031,1,1936,NA,1122.25,"hs",1681,"hs","more"
941033,"white",0.5,0,0,44,33.5,32,5,2,1.5,17,12,11.5,203574.25,93593.9966666667,0,0,0,0,23,3,63,3,52,0,0,1,23,941033,1,1936,NA,1122.25,"hs",1024,"higher","more"
941034,"white",0.5,0,1,44,33.5,30,2,2,1.5,12,12,11.5,76340.345,93593.9966666667,0,1,0,0,23,1,20,3,52,0,0,1,23,941034,1,1936,NA,1122.25,"hs",900,"hs","more"
952032,"white",0.5,0,1,43.5,30.5,29,5,5,2,17,17,12,250000,338834.4,212823.998563219,0,0,0,29,3,72,4,94,4,90,1,29,952032,1,1892.25,"hs",930.25,"higher",841,"higher","less"
958030,"white",0,0,1,53.5,42.8333333333333,44,5,3,1,16.5,12.1666666666667,10,193216.85,13817.5065,156022.672988506,0,0,0,23,3,60,1,7,4,78,1,23,958030,1,2862.25,"less_hs",1834.69444444444,"some_college",1936,"higher","less"
961033,"white",0.5,0,0,33.5,26,34,2,3,1.5,12,13,10,0,30293.1033333333,0,1,0,0,17,0,0,1,19,0,0,1,17,961033,1,1122.25,NA,676,"some_college",1156,"hs","more"
967031,"white",0.5,1,0,51,33.6666666666667,35,4,2,2.5,16,12,12.5,254467.8,80126.0216666667,137148.014367816,0,0,0,24,3,73,2,45,3,71,1,24,967031,1,2601,NA,1133.44444444444,"hs",1225,"college","more"
970031,"white",0.5,0,0,28,26.5,36,4,2,1.5,16,12,10,115000,82324.8375,0,0,0,0,22,2,35,2,46,0,0,1,22,970031,1,784,NA,702.25,"hs",1296,"college","more"
982032,"white",0.5,0,1,32,25.5,28.5,4,3,1,16,14,9.5,0,258319.15,87581.0085632185,0,0,0,17,0,0,4,91,2,45,1,17,982032,1,1024,"less_hs",650.25,"some_college",812.25,"college","less"
984031,"black",0,0,1,40.5,34.5,43,2,2,2,12,12,12,0,0,0,0,0,0,2,0,0,0,0,0,0,1,2,984031,0,1640.25,"hs",1190.25,"hs",1849,"hs","less"
984032,"black",0,0,1,40.5,34.5,38.5,-Inf,2,2,0,12,12,0,0,0,1,0,0,2,0,0,0,0,0,0,1,2,984032,0,1640.25,"hs",1190.25,"hs",1482.25,NA,"less"
984033,"black",0,0,0,40.5,34.5,37,2,2,2,12,12,12,0,0,0,0,0,0,2,0,0,0,0,0,0,1,2,984033,0,1640.25,"hs",1190.25,"hs",1369,"hs","less"
1000031,"white",0.5,0,0,40.5,32.5,31,4,4,-Inf,16,16,16,365000,224088.833333333,143823.214367816,0,0,0,24,4,87,4,88,3,74,1,24,1000031,1,1640.25,NA,1056.25,"college",961,"college","more"
1000033,"white",0.5,0,1,40.5,32.5,29,4,4,-Inf,16,16,16,698669.55,224088.833333333,143823.214367816,0,0,0,24,4,96,4,88,3,74,1,24,1000033,1,1640.25,NA,1056.25,"college",841,"college","more"
1000034,"white",0.5,0,1,40.5,34.5,27,4,3,-Inf,16,14,16,275000,327498.066666667,143823.214367816,1,0,0,24,4,77,4,94,3,74,1,24,1000034,1,1640.25,NA,1190.25,"some_college",729,"college","more"
1000030,"white",0.5,1,1,40.5,30.5,32,4,4,-Inf,16,16,16,0,208919.35,143823.214367816,0,0,0,24,0,0,4,86,3,74,1,24,1000030,1,1640.25,NA,930.25,"college",1024,"college","more"
1000032,"white",0.5,1,1,40.5,30.5,31,-Inf,4,-Inf,0,16,16,0,208919.35,143823.214367816,0,0,0,24,0,0,4,86,3,74,1,24,1000032,1,1640.25,NA,930.25,"college",961,NA,"more"
1012030,"white",0.5,1,0,40.5,34.5,39,4,3,3.5,16,14,15,305361.4,509284.2,301543.468390804,1,0,0,29,4,80,4,98,4,97,1,29,1012030,1,1640.25,NA,1190.25,"some_college",1521,"college","more"
1012031,"white",0.5,1,0,40.5,34.5,38,3,3,3.5,14,14,15,292414.6,509284.2,301543.468390804,0,0,0,29,4,79,4,98,4,97,1,29,1012031,1,1640.25,NA,1190.25,"some_college",1444,"some_college","more"
1013031,"white",0.5,1,1,42,33.5,27,4,3,1,16,15,10,76340.345,0,218890.183333334,0,0,0,29,1,20,0,0,4,91,1,29,1013031,1,1764,"less_hs",1122.25,"some_college",729,"college","less"
1016005,"white",0,0,1,55.5,47.5,49,4,3,1,16,15,11,103574.25,0,0,1,0,0,31,2,32,0,0,0,0,1,31,1016005,1,3080.25,"less_hs",2256.25,"some_college",2401,"college","less"
1028037,"white",0.5,1,0,41.25,37.6666666666667,34,3,1,1,15,10.1666666666667,8,9678.715,0,0,0,0,0,23,1,2,0,0,0,0,1,23,1028037,1,1701.5625,"less_hs",1418.77777777778,"less_hs",1156,"some_college","less"
1028036,"white",0.5,0,1,41.25,26,34,3,1,1,13,10,8,15000,0,0,0,0,0,23,1,3,0,0,0,0,1,23,1028036,1,1701.5625,"less_hs",676,"less_hs",1156,"some_college","less"
1028039,"white",0.5,0,0,41.25,26,30.5,3,1,1,14,10,8,292414.6,0,0,0,0,0,23,4,79,0,0,0,0,1,23,1028039,1,1701.5625,"less_hs",676,"less_hs",930.25,"some_college","less"
1028040,"white",0.5,0,1,41.25,26,28,2,1,1,12,10,8,0,0,0,0,0,0,23,0,0,0,0,0,0,1,23,1028040,1,1701.5625,"less_hs",676,"less_hs",784,"hs","less"
1034030,"black",0,0,0,45.5,35.5,34,3,2,1,14.5,11.8,8,119287.15,0,0,0,0,0,3,2,37,0,0,0,0,1,3,1034030,0,2070.25,"less_hs",1260.25,"hs",1156,"some_college","less"
1034170,"black",0,0,0,45.5,35.5,45,3,2,1,14,11.8,8,0,0,0,0,0,0,3,0,0,0,0,0,0,1,3,1034170,0,2070.25,"less_hs",1260.25,"hs",2025,"some_college","less"
1034171,"black",0,0,0,45.5,35.5,40,3,2,1,14,11.8,8,0,0,0,0,0,0,3,0,0,0,0,0,0,1,3,1034171,0,2070.25,"less_hs",1260.25,"hs",1600,"some_college","less"
1037032,"white",0,1,0,54.5,39.3333333333333,36.5,4,3,1,16,14.5,10,533935.65,381422.366666667,240009.062643678,0,0,0,25,4,94,4,96,4,93,1,25,1037032,1,2970.25,"less_hs",1547.11111111111,"some_college",1332.25,"college","less"
1037033,"white",0,1,1,54.5,37.5,35,2,3,1,12,13.6666666666667,10,264289.1,513227.483333333,240009.062643678,0,0,0,25,3,75,4,99,4,93,1,25,1037033,1,2970.25,"less_hs",1406.25,"some_college",1225,"hs","less"
1038030,"white",0.5,0,1,63,38.5,46,4,1,1,16,11,7.5,132323.25,0,56528.0107471264,0,0,0,23,2,41,0,0,2,31,1,23,1038030,1,3969,"less_hs",1482.25,"less_hs",2116,"college","less"
1038031,"white",0.5,0,1,63,38.5,42.5,3,1,1,13,11,7.5,81340.345,0,56528.0107471264,0,0,0,23,1,23,0,0,2,31,1,23,1038031,1,3969,"less_hs",1482.25,"less_hs",1806.25,"some_college","less"
1038032,"white",0.5,0,0,63,38.5,27.5,2,1,1,12,11,7.5,0,0,56528.0107471264,0,0,0,23,0,0,0,0,2,31,1,23,1038032,1,3969,"less_hs",1482.25,"less_hs",756.25,"hs","less"
1043031,"white",0.5,0,1,55.75,31.5,33,3,5,2,15,16.5,12,160000,257114.266666667,58379.0289655173,0,0,0,23,2,50,4,91,2,32,1,23,1043031,1,3108.0625,"hs",992.25,"higher",1089,"some_college","less"
1043033,"white",0.5,0,1,55.75,31.5,30,4,5,2,16,16.5,12,0,257114.266666667,58379.0289655173,0,0,0,23,0,0,4,91,2,32,1,23,1043033,1,3108.0625,"hs",992.25,"higher",900,"college","less"
1043034,"white",0.5,0,1,55.75,31.5,29,5,5,2,17,16.5,12,207500,257114.266666667,58379.0289655173,0,0,0,23,3,64,4,91,2,32,1,23,1043034,1,3108.0625,"hs",992.25,"higher",841,"higher","less"
1043032,"white",0.5,0,1,55.75,27.5,32,1,2,2,10,12,12,63572.275,9878.185,58379.0289655173,1,0,0,23,1,16,1,4,2,32,1,23,1043032,1,3108.0625,"hs",756.25,"hs",1024,"less_hs","less"
1043035,"white",0.5,0,1,55.75,27.5,29,3,2,2,13,12,12,71072.275,9878.185,58379.0289655173,1,0,0,23,1,18,1,4,2,32,1,23,1043035,1,3108.0625,"hs",756.25,"hs",841,"some_college","less"
1043036,"white",0.5,0,0,55.75,27.5,28,2,2,2,12,12,12,0,9878.185,58379.0289655173,0,0,0,23,0,0,1,4,2,32,1,23,1043036,1,3108.0625,"hs",756.25,"hs",784,"hs","less"
1043008,"white",0.5,0,0,55.75,44.6666666666667,52,4,2,2,15,12,12,5203711.5,50607.7233333333,58379.0289655173,1,0,0,23,4,99,2,29,2,32,1,23,1043008,1,3108.0625,"hs",1995.11111111111,"hs",2704,"college","less"
1047032,"white",0.5,0,1,43,27,27,3,3,2,14,13,12,0,0,140639.071551724,1,0,0,24,0,0,0,0,3,73,1,24,1047032,1,1849,"hs",729,"some_college",729,"some_college","less"
1048032,"white",0.5,0,0,30,27.5,36,3,1,1,13.5,10,7.5,0,0,0,0,0,0,26,0,0,0,0,0,0,1,26,1048032,1,900,"less_hs",756.25,"less_hs",1296,"some_college","less"
1048035,"white",0.5,0,1,30,27.5,32,1,1,1,10,10,7.5,10000,0,0,1,0,0,26,1,2,0,0,0,0,1,26,1048035,1,900,"less_hs",756.25,"less_hs",1024,"less_hs","less"
1048034,"white",0.5,0,0,30,25,31.5,2,1,1,12,11,7.5,0,0,0,0,0,0,26,0,0,0,0,0,0,1,26,1048034,1,900,"less_hs",625,"less_hs",992.25,"hs","less"
1051036,"white",0.5,1,0,42.25,34.5,43,3,1,1,14,11,5.5,0,74517.35,0,0,0,0,26,0,0,2,42,0,0,1,26,1051036,1,1785.0625,"less_hs",1190.25,"less_hs",1849,"some_college","less"
1051038,"white",0.5,1,0,42.25,34.5,41,3,1,1,15,11,5.5,0,74517.35,0,1,0,0,26,0,0,2,42,0,0,1,26,1051038,1,1785.0625,"less_hs",1190.25,"less_hs",1681,"some_college","less"
1051039,"white",0.5,1,0,42.25,34.5,41,4,1,1,16,11,5.5,7e+05,74517.35,0,0,0,0,26,4,96,2,42,0,0,1,26,1051039,1,1785.0625,"less_hs",1190.25,"less_hs",1681,"college","less"
1051041,"white",0.5,1,1,42.25,34.5,36,1,1,1,9,11,5.5,203574.25,74517.35,0,1,0,0,26,3,63,2,42,0,0,1,26,1051041,1,1785.0625,"less_hs",1190.25,"less_hs",1296,"less_hs","less"
1061030,"white",0.5,0,0,39,27.6,26,2,3,2.5,12,13,13,124289.1,0,410532.977011495,0,0,0,24,2,38,0,0,4,100,1,24,1061030,1,1521,NA,761.76,"some_college",676,"hs","more"
1062030,"white",0.5,0,1,52,34.5,34,4,4,4,16,16,16,0,440333.3,376245.96091954,0,0,0,24,0,0,4,97,4,100,1,24,1062030,1,2704,"college",1190.25,"college",1156,"college","more"
1062031,"white",0.5,0,1,52,34.5,31,5,4,4,17,16,16,787509.9,440333.3,376245.96091954,0,0,0,24,4,96,4,97,4,100,1,24,1062031,1,2704,"college",1190.25,"college",961,"higher","more"
1064030,"white",0.5,1,0,57.5,44.6666666666667,45,4,5,1,16,17,9,443042.05,145453.133333333,151045.054022989,0,0,0,29,4,91,3,72,4,76,1,29,1064030,1,3306.25,"less_hs",1995.11111111111,"higher",2025,"college","less"
1068031,"white",0.5,0,0,32,29.5,43,3,3,2.5,13,14.8333333333333,13,0,65188.2833333333,49169.9675287357,1,0,0,22,0,0,2,35,1,25,1,22,1068031,1,1024,NA,870.25,"some_college",1849,"some_college","more"
1072031,"white",0.5,1,0,30.5,26,28,5,2,1.5,17,12,10.5,140430.5,130573.333333333,120095.637931034,0,0,0,22,2,44,3,67,3,64,1,22,1072031,1,930.25,NA,676,"hs",784,"higher","more"
1077031,"white",0.5,0,0,35.5,29.5,31,4,3,-Inf,16,15,16,330361.4,151654.255,181447.83045977,0,0,0,22,4,83,3,74,4,84,1,22,1077031,1,1260.25,NA,870.25,"some_college",961,"college","more"
1077032,"white",0.5,0,0,35.5,29.5,28,4,3,-Inf,16,15,16,269293.1,151654.255,181447.83045977,0,0,0,22,3,75,3,74,4,84,1,22,1077032,1,1260.25,NA,870.25,"some_college",784,"college","more"
1081030,"white",0.5,1,0,43.5,35.6666666666667,37,4,5,2,16,16.1666666666667,12,458042.05,111382.973333333,155960.347413793,0,0,0,24,4,92,3,60,4,78,1,24,1081030,1,1892.25,"hs",1272.11111111111,"higher",1369,"college","less"
1081031,"white",0.5,1,1,43.5,35.6666666666667,35,2,5,2,12,16.1666666666667,12,305361.4,111382.973333333,155960.347413793,0,0,0,24,4,80,3,60,4,78,1,24,1081031,1,1892.25,"hs",1272.11111111111,"higher",1225,"hs","less"
1081032,"white",0.5,0,0,43.5,32.5,34,3,2,2,13,12,12,88038.1,135146.383333333,155960.347413793,0,0,0,24,1,25,3,68,4,78,1,24,1081032,1,1892.25,"hs",1056.25,"hs",1156,"some_college","less"
1084032,"white",0.5,0,0,35.5,30.5,28,5,3,2.5,17,14,12.5,269293.1,65854.5666666667,0,0,0,0,19,3,75,2,36,0,0,1,19,1084032,1,1260.25,NA,930.25,"some_college",784,"higher","more"
1084031,"white",0.5,1,0,35.5,27.5,34,3,2,2.5,14,12,12.5,0,36048.65,0,0,0,0,19,0,0,1,22,0,0,1,19,1084031,1,1260.25,NA,756.25,"hs",1156,"some_college","more"
1087030,"white",0,1,0,58,50.5,38,5,2,1,17,12,8,162859.4,199963.3,116393.611494253,0,0,0,24,3,51,4,85,3,61,1,24,1087030,1,3364,"less_hs",2550.25,"hs",1444,"higher","less"
1087031,"white",0,1,0,58,50.5,34.5,5,2,1,17,12,8,228752.95,199963.3,116393.611494253,0,0,0,24,3,68,4,85,3,61,1,24,1087031,1,3364,"less_hs",2550.25,"hs",1190.25,"higher","less"
1088035,"white",0,1,1,58,40.5,46,4,2,5,16,12,17,190576.6,236546.516666667,130108.387931034,1,0,0,24,3,59,4,88,3,67,1,24,1088035,1,3364,"higher",1640.25,"hs",2116,"college","more"
1088030,"white",0.333333333333333,0,1,57.6666666666667,35.6666666666667,44,2,2,-Inf,12,12,17,165718.8,173307.45,131240.091954023,0,0,0,24,3,52,4,79,3,68,1,24,1088030,1,3325.44444444444,NA,1272.11111111111,"hs",1936,"hs","more"
1088032,"white",0.333333333333333,0,0,57.6666666666667,35.6666666666667,44,5,2,-Inf,17,12,17,437861.4,173307.45,131240.091954023,0,0,0,24,4,91,4,79,3,68,1,24,1088032,1,3325.44444444444,NA,1272.11111111111,"hs",1936,"higher","more"
1088034,"white",0.333333333333333,0,0,57.6666666666667,35.6666666666667,41,3,2,-Inf,15,12,17,274289.1,173307.45,131240.091954023,0,0,0,24,4,76,4,79,3,68,1,24,1088034,1,3325.44444444444,NA,1272.11111111111,"hs",1681,"some_college","more"
1088031,"white",0.333333333333333,1,1,57.6666666666667,38.5,43.5,2,3,-Inf,12,14,17,0,173505.466666667,131240.091954023,0,0,0,24,0,0,4,80,3,68,1,24,1088031,1,3325.44444444444,NA,1482.25,"some_college",1892.25,"hs","more"
1088033,"white",0.333333333333333,1,1,57.6666666666667,38.5,41,3,3,-Inf,14,14,17,495988.85,173505.466666667,131240.091954023,0,0,0,24,4,93,4,80,3,68,1,24,1088033,1,3325.44444444444,NA,1482.25,"some_college",1681,"some_college","more"
1088036,"white",0.333333333333333,1,1,57.6666666666667,38.5,37.5,3,3,-Inf,14,14,17,417505.95,173505.466666667,131240.091954023,1,0,0,24,4,90,4,80,3,68,1,24,1088036,1,3325.44444444444,NA,1482.25,"some_college",1406.25,"some_college","more"
1090030,"white",0.5,0,0,36.5,29.5,34.5,4,2,2,16,12,12,0,156651.433333333,86051.280229885,0,0,0,24,0,0,4,76,2,44,1,24,1090030,1,1332.25,"hs",870.25,"hs",1190.25,"college","less"
1090031,"white",0.5,0,1,36.5,29.5,33,3,2,2,13,12,12,335897.5,156651.433333333,86051.280229885,0,0,0,24,4,84,4,76,2,44,1,24,1090031,1,1332.25,"hs",870.25,"hs",1089,"some_college","less"
1092031,"white",0.5,0,1,33.5,29.5,31,4,4,2.5,16,16,12.5,0,113010.716666667,93454.8767528735,0,0,0,24,0,0,3,60,2,48,1,24,1092031,1,1122.25,NA,870.25,"college",961,"college","more"
1092032,"white",0.5,0,1,33.5,29.5,28,5,4,2.5,17,16,12.5,0,113010.716666667,93454.8767528735,0,0,0,24,0,0,3,60,2,48,1,24,1092032,1,1122.25,NA,870.25,"college",784,"higher","more"
1093031,"white",0.5,0,0,28,25,28,4,3,-Inf,16,13,6.5,188216.85,118538.2,165621.116091954,0,0,0,27,3,58,3,63,4,81,1,27,1093031,1,784,NA,625,"some_college",784,"college","more"
1096030,"white",0.5,0,1,40,31.2,41.5,2,2,1,12,12,3.5,55000,84137.886,20389.9814367816,1,0,0,17,1,13,2,46,1,6,1,17,1096030,1,1600,"less_hs",973.44,"hs",1722.25,"hs","less"
1096032,"white",0.5,0,1,40,27.5,36.5,3,1,1,14,10,3.5,85893.565,29544.3688333333,20389.9814367816,0,0,0,17,1,25,1,19,1,6,1,17,1096032,1,1600,"less_hs",756.25,"less_hs",1332.25,"some_college","less"
1096174,"white",0.5,0,0,40,27.5,39,3,1,1,14,10,3.5,0,29544.3688333333,20389.9814367816,0,0,0,17,0,0,1,19,1,6,1,17,1096174,1,1600,"less_hs",756.25,"less_hs",1521,"some_college","less"
1097030,"white",0,1,1,44,34.5,36,3,3,1,15,13.1666666666667,8,152591.35,120551.996666667,40962.186091954,0,0,0,17,2,47,3,64,1,20,1,17,1097030,1,1936,"less_hs",1190.25,"some_college",1296,"some_college","less"
1097172,"white",0,0,1,44,33.5,43,2,3,1,12,12.3333333333333,8,18125.495,88706.0316666667,40962.186091954,1,0,0,17,1,4,2,49,1,20,1,17,1097172,1,1936,"less_hs",1122.25,"some_college",1849,"hs","less"
1098030,"white",0.5,1,0,53.5,34.5,46,4,3,1,16,14,7,0,114251.15,51339.4025287356,0,0,0,22,0,0,3,61,2,27,1,22,1098030,1,2862.25,"less_hs",1190.25,"some_college",2116,"college","less"
1098031,"white",0.5,1,0,53.5,34.5,40,4,3,1,16,14,7,228931.7,114251.15,51339.4025287356,0,0,0,22,3,68,3,61,2,27,1,22,1098031,1,2862.25,"less_hs",1190.25,"some_college",1600,"college","less"
1099031,"white",0.5,0,0,33,26.6666666666667,36,5,2,1,17,12,9,115000,0,0,0,0,0,17,2,35,0,0,0,0,1,17,1099031,1,1089,"less_hs",711.111111111111,"hs",1296,"higher","less"
1109175,"white",0.5,1,0,52.5,28.5,32,-Inf,4,3,NA,8,14,0,89564.9166666667,185332.070114943,0,0,0,24,0,0,2,50,4,85,1,24,1109175,1,2756.25,"some_college",812.25,"college",1024,NA,"more"
1125030,"white",0.5,1,1,45,27,32,4,2,1,16,12,7,93216.83,16595.2,137148.014367816,0,0,0,17,2,28,1,10,3,71,1,17,1125030,1,2025,"less_hs",729,"hs",1024,"college","less"
1125031,"white",0.5,1,0,45,27,28,2,2,1,12,12,7,37500,16595.2,137148.014367816,0,0,0,17,1,8,1,10,3,71,1,17,1125031,1,2025,"less_hs",729,"hs",784,"hs","less"
1129006,"black",0,0,1,57.5,53.5,56,2,1,-Inf,12,8,NA,0,58064.0566666667,0,0,0,0,3,0,0,2,32,0,0,1,3,1129006,0,3306.25,NA,2862.25,"less_hs",3136,"hs","more"
1129039,"black",0.5,0,0,35,27.5,31,3,1,1,15,9,6.5,182198.95,0,0,0,0,0,3,3,57,0,0,0,0,1,3,1129039,0,1225,"less_hs",756.25,"less_hs",961,"some_college","less"
1144032,"white",0.5,0,1,49.5,37.5,42,2,2,1.5,12,12,10,142323.25,76874.54,161422.28045977,0,0,0,22,2,44,2,44,4,79,1,22,1144032,1,2450.25,NA,1406.25,"hs",1764,"hs","more"
1144033,"white",0.5,1,1,49.5,33.5,38,3,2,1.5,13,12,10,0,14120.6743333333,161422.28045977,0,0,0,22,0,0,1,8,4,79,1,22,1144033,1,2450.25,NA,1122.25,"hs",1444,"some_college","more"
1144034,"white",0.5,1,0,49.5,33.5,34,4,2,1.5,16,12,10,152233.9,14120.6743333333,161422.28045977,0,0,0,22,2,47,1,8,4,79,1,22,1144034,1,2450.25,NA,1122.25,"hs",1156,"college","more"
1155031,"white",0.5,1,1,29.5,27.5,33,2,4,2,12,15.3333333333333,12,0,0,100621.591091954,0,0,0,22,0,0,0,0,3,53,1,22,1155031,1,870.25,"hs",756.25,"college",1089,"hs","less"
1162030,"white",0.5,0,0,35.5,31.5,40,5,3,2,17,13.6666666666667,12,0,0,32527.1044827586,0,0,0,26,0,0,0,0,1,15,1,26,1162030,1,1260.25,"hs",992.25,"some_college",1600,"higher","less"
1162034,"white",0.5,0,1,35.5,31.5,35,3,3,2,14,13.6666666666667,12,254467.8,0,32527.1044827586,0,0,0,26,3,73,0,0,1,15,1,26,1162034,1,1260.25,"hs",992.25,"some_college",1225,"some_college","less"
1163031,"white",0.5,1,0,40,35.5,40,2,5,2,12,16.1666666666667,12,299646.55,148623.416666667,53281.5323563218,0,0,0,26,4,80,3,73,2,28,1,26,1163031,1,1600,"hs",1260.25,"higher",1600,"hs","less"
1163032,"white",0.5,1,0,40,35.5,39,4,5,2,16,16.1666666666667,12,372414.6,148623.416666667,53281.5323563218,0,0,0,26,4,87,3,73,2,28,1,26,1163032,1,1600,"hs",1260.25,"higher",1521,"college","less"
1163033,"white",0.5,0,1,40,34.5,36,5,5,2,17,17,12,157591.35,66759.2883333333,53281.5323563218,0,0,0,26,2,49,2,37,2,28,1,26,1163033,1,1600,"hs",1190.25,"higher",1296,"higher","less"
1163036,"white",0.5,0,0,40,34.5,31,4,5,2,16,17,12,142500,66759.2883333333,53281.5323563218,0,0,0,26,2,44,2,37,2,28,1,26,1163036,1,1600,"hs",1190.25,"higher",961,"college","less"
1163035,"white",0.5,1,1,40,33.5,32,5,5,2,17,16.1666666666667,12,177859.4,145391.933333333,53281.5323563218,0,0,0,26,3,55,3,72,2,28,1,26,1163035,1,1600,"hs",1122.25,"higher",1024,"higher","less"
1163039,"white",0.5,1,1,40,33.5,30,5,5,2,17,16.1666666666667,12,414297,145391.933333333,53281.5323563218,0,0,0,26,4,90,3,72,2,28,1,26,1163039,1,1600,"hs",1122.25,"higher",900,"higher","less"
1163034,"white",0.5,1,1,40,31.5,36,5,3,2,17,15,12,388701.7,75256.9166666667,53281.5323563218,0,0,0,26,4,88,2,43,2,28,1,26,1163034,1,1600,"hs",992.25,"some_college",1296,"higher","less"
1163037,"white",0.5,1,1,40,31.5,32,4,3,2,16,15,12,1600000,75256.9166666667,53281.5323563218,0,0,0,26,4,97,2,43,2,28,1,26,1163037,1,1600,"hs",992.25,"some_college",1024,"college","less"
1163038,"white",0.5,1,0,40,31.5,31,4,3,2,16,15,12,418308.15,75256.9166666667,53281.5323563218,0,0,0,26,4,90,2,43,2,28,1,26,1163038,1,1600,"hs",992.25,"some_college",961,"college","less"
1163040,"white",0.5,1,1,40,27,28,5,4,2,17,16,12,0,37537.1,53281.5323563218,0,0,0,26,0,0,1,23,2,28,1,26,1163040,1,1600,"hs",729,"college",784,"higher","less"
1164030,"white",0.5,1,0,33,28.6666666666667,34,3,2,1,14,12,8,373486.85,123005.575,75431.4204022989,0,0,0,26,4,87,3,65,2,40,1,26,1164030,1,1089,"less_hs",821.777777777778,"hs",1156,"some_college","less"
1164033,"white",0.5,1,0,33,28.6666666666667,28,3,2,1,14,12,8,117144.55,123005.575,75431.4204022989,0,0,0,26,2,36,3,65,2,40,1,26,1164033,1,1089,"less_hs",821.777777777778,"hs",784,"some_college","less"
1164032,"white",0.5,1,1,33,27,28,3,2,1,13,12,8,143502,64763.418,75431.4204022989,0,0,0,26,2,45,2,35,2,40,1,26,1164032,1,1089,"less_hs",729,"hs",784,"some_college","less"
1166175,"white",0.5,1,0,39.5,32.8333333333333,43,2,2,1,12,12,10,41429.7,45867.5166666667,46150.7943103448,0,0,0,23,1,9,2,27,1,23,1,23,1166175,1,1560.25,"less_hs",1078.02777777778,"hs",1849,"hs","less"
1168008,"black",0,0,0,48.5,40.3333333333333,49,1,1,1,9,4,8,25893.565,0,6857.40171839081,0,0,0,13,1,5,0,0,1,1,1,13,1168008,0,2352.25,"less_hs",1626.77777777778,"less_hs",2401,"less_hs","less"
1168031,"black",0,0,0,48.5,40.3333333333333,44,5,1,1,17,4,8,71072.275,0,6857.40171839081,0,0,0,13,1,18,0,0,1,1,1,13,1168031,0,2352.25,"less_hs",1626.77777777778,"less_hs",1936,"higher","less"
1168034,"black",0,0,0,48.5,40.3333333333333,36,4,1,1,14,4,8,0,0,6857.40171839081,0,0,0,13,0,0,0,0,1,1,1,13,1168034,0,2352.25,"less_hs",1626.77777777778,"less_hs",1296,"college","less"
1168035,"black",0,0,0,48.5,40.3333333333333,31,2,1,1,12,4,8,0,0,6857.40171839081,1,0,0,13,0,0,0,0,1,1,1,13,1168035,0,2352.25,"less_hs",1626.77777777778,"less_hs",961,"hs","less"
1168036,"black",0,0,0,48.5,40.3333333333333,30,4,1,1,16,4,8,135002,0,6857.40171839081,0,0,0,13,2,43,0,0,1,1,1,13,1168036,0,2352.25,"less_hs",1626.77777777778,"less_hs",900,"college","less"
1169031,"white",0.5,0,1,40,27,26,5,3,3,17,14,13,0,137254.812,61169.9443103449,0,0,0,22,0,0,3,69,2,33,1,22,1169031,1,1600,"some_college",729,"some_college",676,"higher","more"
1179031,"white",0.5,1,0,42,33.5,38,5,3,1.5,17,14,11.5,198484.9,153964.866666667,99341.2350574712,0,0,0,22,3,62,3,75,3,52,1,22,1179031,1,1764,NA,1122.25,"some_college",1444,"higher","more"
1184032,"white",0.5,1,0,49.5,44.6666666666667,45.5,4,4,1.5,16,15.5,11.5,396791.1,678600.933333333,83439.7,0,0,0,29,4,88,4,100,2,43,1,29,1184032,1,2450.25,NA,1995.11111111111,"college",2070.25,"college","more"
1184033,"white",0.5,1,0,49.5,44.6666666666667,44.5,3,4,1.5,13,15.5,11.5,0,678600.933333333,83439.7,0,0,0,29,0,0,4,100,2,43,1,29,1184033,1,2450.25,NA,1995.11111111111,"college",1980.25,"some_college","more"
1184035,"white",0.5,1,0,49.5,35.8333333333333,41,3,2,1.5,14,12,11.5,287146.55,179705.05,83439.7,0,0,0,29,4,78,4,81,2,43,1,29,1184035,1,2450.25,NA,1284.02777777778,"hs",1681,"some_college","more"
1184037,"white",0.5,1,0,49.5,35.8333333333333,38,4,2,1.5,16,12,11.5,215091.35,179705.05,83439.7,0,0,0,29,3,66,4,81,2,43,1,29,1184037,1,2450.25,NA,1284.02777777778,"hs",1444,"college","more"
1184040,"white",0.5,1,1,49.5,31.5,31,3,2,1.5,7.5,12,11.5,432148.5,254471.65,83439.7,0,0,0,29,4,91,4,90,2,43,1,29,1184040,1,2450.25,NA,992.25,"hs",961,"some_college","more"
1184039,"white",0.5,1,0,49.5,29.5,31,4,3,1.5,16,13.8333333333333,11.5,0,79124.2833333333,83439.7,0,0,0,29,0,0,2,45,2,43,1,29,1184039,1,2450.25,NA,870.25,"some_college",961,"college","more"
1191030,"white",0.5,0,1,45.25,31,44,3,2,1,13,12,10,157680.7,191664.95,49579.4959195402,0,0,0,23,2,50,4,84,1,25,1,23,1191030,1,2047.5625,"less_hs",961,"hs",1936,"some_college","less"
1192033,"white",0.5,0,1,32,28.5,32,4,2,1.5,16,12,10.5,305361.4,142575.713333333,0,0,0,0,23,4,80,3,71,0,0,1,23,1192033,1,1024,NA,812.25,"hs",1024,"college","more"
1192035,"white",0.5,0,1,32,28.5,29,5,2,1.5,17,12,10.5,0,142575.713333333,0,0,0,0,23,0,0,3,71,0,0,1,23,1192035,1,1024,NA,812.25,"hs",841,"higher","more"
1192030,"white",0.5,0,1,32,27.5,37,3,2,1.5,13,12,10.5,48393.565,104959.576666667,0,0,0,0,23,1,11,3,57,0,0,1,23,1192030,1,1024,NA,756.25,"hs",1369,"some_college","more"
1192031,"white",0.5,0,1,32,27.5,33,3,2,1.5,14,12,10.5,0,104959.576666667,0,0,0,0,23,0,0,3,57,0,0,1,23,1192031,1,1024,NA,756.25,"hs",1089,"some_college","more"
1192032,"white",0.5,0,0,32,26.6,34,5,2,1.5,17,12,10.5,168000,95681.584,0,0,0,0,23,3,53,3,53,0,0,1,23,1192032,1,1024,NA,707.56,"hs",1156,"higher","more"
1192034,"white",0.5,0,0,32,26.6,31,4,2,1.5,16,12,10.5,0,95681.584,0,0,0,0,23,0,0,3,53,0,0,1,23,1192034,1,1024,NA,707.56,"hs",961,"college","more"
1200031,"white",0.5,0,0,39,35.5,46.5,5,2,1.5,17,12,10,1678594,186769.566666667,99341.2350574712,0,0,0,32,4,97,4,83,3,52,1,32,1200031,1,1521,NA,1260.25,"hs",2162.25,"higher","more"
1200030,"white",0.5,1,0,39,32.5,41.5,5,3,1.5,17,12.8333333333333,10,330627.45,114977.45,99341.2350574712,0,0,0,32,4,84,3,61,3,52,1,32,1200030,1,1521,NA,1056.25,"some_college",1722.25,"higher","more"
1203031,"white",0,0,1,49.5,33.5,38.5,3,3,1,13,13.6666666666667,10,249646.55,102095.793333333,137148.014367816,0,0,0,25,3,72,3,56,3,71,1,25,1203031,1,2450.25,"less_hs",1122.25,"some_college",1482.25,"some_college","less"
1203032,"white",0,0,1,49.5,33.5,37,3,3,1,13,13.6666666666667,10,287235.9,102095.793333333,137148.014367816,0,0,0,25,4,78,3,56,3,71,1,25,1203032,1,2450.25,"less_hs",1122.25,"some_college",1369,"some_college","less"
1206030,"white",0.5,0,1,42.5,32.8333333333333,40,3,2,1.5,6.5,12,11.5,450000,372875.083333333,131868.29454023,1,0,0,31,4,91,4,95,3,68,1,31,1206030,1,1806.25,NA,1078.02777777778,"hs",1600,"some_college","more"
1206031,"white",0.5,0,1,42.5,32.8333333333333,39,2,2,1.5,12,12,11.5,0,372875.083333333,131868.29454023,1,0,0,31,0,0,4,95,3,68,1,31,1206031,1,1806.25,NA,1078.02777777778,"hs",1521,"hs","more"
1221030,"white",0.5,1,1,38.5,28.5,33,3,5,2,14,16.8333333333333,12,0,0,255957.170977011,0,0,0,23,0,0,0,0,4,94,1,23,1221030,1,1482.25,"hs",812.25,"higher",1089,"some_college","less"
1221031,"white",0.5,1,1,38.5,28.5,30,5,5,2,17,16.8333333333333,12,0,0,255957.170977011,0,0,0,23,0,0,0,0,4,94,1,23,1221031,1,1482.25,"hs",812.25,"higher",900,"higher","less"
1221032,"white",0.5,1,0,38.5,28.5,27,4,5,2,16,16.8333333333333,12,0,0,255957.170977011,1,0,0,23,0,0,0,0,4,94,1,23,1221032,1,1482.25,"hs",812.25,"higher",729,"college","less"
1222033,"white",0.5,0,0,31.5,26,33,4,2,1.5,16,12,10.5,180716.85,26128.9733333333,262996.797413793,0,0,0,23,3,56,1,16,4,95,1,23,1222033,1,992.25,NA,676,"hs",1089,"college","more"
1222034,"white",0.5,0,1,31.5,26,29,4,2,1.5,16,12,10.5,155361.4,26128.9733333333,262996.797413793,0,0,0,23,2,49,1,16,4,95,1,23,1222034,1,992.25,NA,676,"hs",841,"college","more"
1222032,"white",0.5,0,0,31.5,25.5,35,5,2,1.5,17,12,10.5,101429.7,328180.4,262996.797413793,0,0,0,23,2,31,4,94,4,95,1,23,1222032,1,992.25,NA,650.25,"hs",1225,"higher","more"
1222035,"white",0.5,0,1,31.5,25.5,28,5,2,1.5,16,12,10.5,63572.275,328180.4,262996.797413793,1,0,0,23,1,16,4,94,4,95,1,23,1222035,1,992.25,NA,650.25,"hs",784,"higher","more"
1233030,"white",0.5,0,0,38,30.5,42,3,2,1.5,14,12,10.5,569658.4,57182.9783333333,66996.3337931034,0,0,0,23,4,95,2,32,2,36,1,23,1233030,1,1444,NA,930.25,"hs",1764,"some_college","more"
1233031,"white",0.5,0,1,38,30.5,42,2,2,1.5,12,12,10.5,0,57182.9783333333,66996.3337931034,1,0,0,23,0,0,2,32,2,36,1,23,1233031,1,1444,NA,930.25,"hs",1764,"hs","more"
1236030,"white",0.5,1,1,51,34.5,35,4,3,1.5,16,13,10,173842.3,105745.206666667,98436.0158045977,0,0,0,23,3,54,3,58,3,52,1,23,1236030,1,2601,NA,1190.25,"some_college",1225,"college","more"
1236031,"white",0.5,1,1,51,34.5,30,4,3,1.5,15,13,10,0,105745.206666667,98436.0158045977,0,0,0,23,0,0,3,58,3,52,1,23,1236031,1,2601,NA,1190.25,"some_college",900,"college","more"
1242030,"white",0.5,1,1,32,30.5,36,4,4,2,16,15.8333333333333,12,0,273750.933333333,157538.040804597,0,0,0,24,0,0,4,92,4,78,1,24,1242030,1,1024,"hs",930.25,"college",1296,"college","less"
1242031,"white",0.5,1,0,32,30.5,33.5,4,4,2,16,15.8333333333333,12,0,273750.933333333,157538.040804597,0,0,0,24,0,0,4,92,4,78,1,24,1242031,1,1024,"hs",930.25,"college",1122.25,"college","less"
1242032,"white",0.5,1,0,32,30.5,31,4,4,2,16,15.8333333333333,12,151180.7,273750.933333333,157538.040804597,0,0,0,24,2,47,4,92,4,78,1,24,1242032,1,1024,"hs",930.25,"college",961,"college","less"
1242034,"white",0.5,1,0,32,27.6666666666667,27,5,4,2,17,15.6666666666667,12,55000,94573.8833333333,157538.040804597,0,0,0,24,1,13,3,53,4,78,1,24,1242034,1,1024,"hs",765.444444444444,"college",729,"higher","less"
1242033,"white",0.5,1,1,32,26,28.5,4,4,2,16,16,12,258935.65,177151.9,157538.040804597,0,0,0,24,3,74,4,80,4,78,1,24,1242033,1,1024,"hs",676,"college",812.25,"college","less"
1254030,"white",0.5,1,1,42,30.5,28,4,2,2,16,12,12,103574.3,136754.58,77494.63375,0,0,0,25,2,32,3,68,2,41,1,25,1254030,1,1764,"hs",930.25,"hs",784,"college","less"
1260035,"white",0.5,1,1,43,35.8333333333333,43,3,2,1.5,15,12,10,122500,96665.045,114331.589022989,0,0,0,25,2,38,3,54,3,60,1,25,1260035,1,1849,NA,1284.02777777778,"hs",1849,"some_college","more"
1260039,"white",0.5,1,0,43,35.8333333333333,40,2,2,1.5,12,12,10,124289.1,96665.045,114331.589022989,0,0,0,25,2,38,3,54,3,60,1,25,1260039,1,1849,NA,1284.02777777778,"hs",1600,"hs","more"
1266030,"white",0,0,1,48.5,26,31,3,2,2,13,12,12,81429.7,70051.13,7616.0318275862,1,0,0,23,1,23,2,39,1,2,1,23,1266030,1,2352.25,"hs",676,"hs",961,"some_college","less"
1266031,"white",0,0,0,48.5,26,29,2,2,2,12,12,12,185500,70051.13,7616.0318275862,0,0,0,23,3,58,2,39,1,2,1,23,1266031,1,2352.25,"hs",676,"hs",841,"hs","less"
1267031,"white",0.5,1,0,58.5,40.5,43,2,2,1.5,12,12,8,246699.75,70872.3833333333,29098.4028735632,0,0,0,25,3,71,2,40,1,12,1,25,1267031,1,3422.25,NA,1640.25,"hs",1849,"hs","more"
1269030,"white",0,1,0,37,31.3333333333333,40.5,3,3,1,14,13.8333333333333,6,381701.7,59111,70428.3754022988,0,0,0,17,4,88,2,33,2,38,1,17,1269030,1,1369,"less_hs",981.777777777778,"some_college",1640.25,"some_college","less"
1269031,"white",0,1,1,37,31.3333333333333,36,2,3,1,12,13.8333333333333,6,254467.8,59111,70428.3754022988,0,0,0,17,3,73,2,33,2,38,1,17,1269031,1,1369,"less_hs",981.777777777778,"some_college",1296,"hs","less"
1269032,"white",0,1,0,37,31.3333333333333,34,3,3,1,15,13.8333333333333,6,218842.3,59111,70428.3754022988,0,0,0,17,3,66,2,33,2,38,1,17,1269032,1,1369,"less_hs",981.777777777778,"some_college",1156,"some_college","less"
1270032,"white",0,0,0,46,37.8333333333333,36,3,2,-Inf,13,12,NA,180627.45,183776.148333333,43388.65,0,0,0,22,3,56,4,82,1,21,1,22,1270032,1,2116,NA,1431.36111111111,"hs",1296,"some_college","more"
1271030,"white",0.5,1,0,56.25,37.3333333333333,39,5,5,1.5,17,17,10.5,94108.415,41159.1,96877.3658045977,0,0,0,17,2,28,1,24,2,50,1,17,1271030,1,3164.0625,NA,1393.77777777778,"higher",1521,"higher","more"
1271031,"white",0.5,1,1,56.25,37.3333333333333,34,4,5,1.5,16,17,10.5,195000,41159.1,96877.3658045977,0,0,0,17,3,60,1,24,2,50,1,17,1271031,1,3164.0625,NA,1393.77777777778,"higher",1156,"college","more"
1274030,"white",0.5,0,1,62,38.1666666666667,35,2,5,-Inf,12,16.8333333333333,12,0,466989.016666667,212397.246551724,0,0,0,29,0,0,4,98,4,90,1,29,1274030,1,3844,NA,1456.69444444444,"higher",1225,"hs","more"
1274031,"white",0.5,0,1,62,38.1666666666667,32,3,5,-Inf,13,16.8333333333333,12,341789.1,466989.016666667,212397.246551724,0,0,0,29,4,85,4,98,4,90,1,29,1274031,1,3844,NA,1456.69444444444,"higher",1024,"some_college","more"
1274032,"white",0.5,0,0,62,38.1666666666667,29,4,5,-Inf,16,16.8333333333333,12,210000,466989.016666667,212397.246551724,0,0,0,29,3,65,4,98,4,90,1,29,1274032,1,3844,NA,1456.69444444444,"higher",841,"college","more"
1281031,"white",0.5,1,1,50,40.5,38,4,5,2,16,17,12,0,729955.3,0,0,0,0,31,0,0,4,100,0,0,1,31,1281031,1,2500,"hs",1640.25,"higher",1444,"college","less"
1281033,"white",0.5,1,0,50,40.5,34,4,5,2,16,17,12,0,729955.3,0,0,0,0,31,0,0,4,100,0,0,1,31,1281033,1,2500,"hs",1640.25,"higher",1156,"college","less"
1281035,"white",0.5,1,1,50,37,29,5,4,2,17,16,12,0,300106.65,0,0,0,0,31,0,0,4,93,0,0,1,31,1281035,1,2500,"hs",1369,"college",841,"higher","less"
1281036,"white",0.5,1,0,50,37,28,5,4,2,17,16,12,0,300106.65,0,0,0,0,31,0,0,4,93,0,0,1,31,1281036,1,2500,"hs",1369,"college",784,"higher","less"
1281032,"white",0.5,1,1,50,32.5,35,5,4,2,17,16,12,558935.65,740023.216666667,0,0,0,0,31,4,94,4,100,0,0,1,31,1281032,1,2500,"hs",1056.25,"college",1225,"higher","less"
1281034,"white",0.5,1,0,50,32.5,31,5,4,2,17,16,12,396701.7,740023.216666667,0,0,0,0,31,4,88,4,100,0,0,1,31,1281034,1,2500,"hs",1056.25,"college",961,"higher","less"
1282031,"white",0.5,1,0,44,39,42,4,5,1,16,17,5,0,0,0,0,0,0,31,0,0,0,0,0,0,1,31,1282031,1,1936,"less_hs",1521,"higher",1764,"college","less"
1282032,"white",0.5,1,0,44,39,37,4,5,1,16,17,5,0,0,0,0,0,0,31,0,0,0,0,0,0,1,31,1282032,1,1936,"less_hs",1521,"higher",1369,"college","less"
1282030,"white",0.5,0,0,44,36.5,43.5,5,5,1,17,16.8333333333333,5,152680.7,445278.9,0,0,0,0,31,2,47,4,97,0,0,1,31,1282030,1,1936,"less_hs",1332.25,"higher",1892.25,"higher","less"
1282034,"white",0.5,0,0,44,36.5,35,5,5,1,17,16.8333333333333,5,258935.65,445278.9,0,0,0,0,31,3,74,4,97,0,0,1,31,1282034,1,1936,"less_hs",1332.25,"higher",1225,"higher","less"
1282035,"white",0.5,0,0,44,36.5,41,4,5,1,16,16.8333333333333,5,0,445278.9,0,0,0,0,31,0,0,4,97,0,0,1,31,1282035,1,1936,"less_hs",1332.25,"higher",1681,"college","less"
1282033,"white",0.5,0,1,44,30.5,37,3,4,1,15,14.3333333333333,5,211074.25,372579.916666667,0,0,0,0,31,3,65,4,95,0,0,1,31,1282033,1,1936,"less_hs",930.25,"college",1369,"some_college","less"
1282036,"white",0.5,0,1,44,30.5,34,4,4,1,16,14.3333333333333,5,544293.05,372579.916666667,0,0,0,0,31,4,94,4,95,0,0,1,31,1282036,1,1936,"less_hs",930.25,"college",1156,"college","less"
1285031,"white",0.5,0,0,39,30.5,29,5,5,3.5,17,17,15.5,0,196125.966666667,273749.38908046,0,0,0,29,0,0,4,84,4,96,1,29,1285031,1,1521,NA,930.25,"higher",841,"higher","more"
1285030,"white",0.5,0,0,39,27.5,29,4,5,3.5,16,17,15.5,284829.2,770897.566666667,273749.38908046,0,0,0,29,4,78,4,100,4,96,1,29,1285030,1,1521,NA,756.25,"higher",841,"college","more"
1285032,"white",0.5,0,1,39,27.5,28,4,5,3.5,16,17,15.5,325000,770897.566666667,273749.38908046,0,0,0,29,4,83,4,100,4,96,1,29,1285032,1,1521,NA,756.25,"higher",784,"college","more"
1286030,"white",0.5,0,0,37.5,31.3333333333333,36,3,3,2,15,13,12,0,543174.266666667,292197.245689655,0,0,0,29,0,0,4,99,4,97,1,29,1286030,1,1406.25,"hs",981.777777777778,"some_college",1296,"some_college","less"
1286031,"white",0.5,0,1,37.5,31.3333333333333,32,2,3,2,12,13,12,0,543174.266666667,292197.245689655,0,0,0,29,0,0,4,99,4,97,1,29,1286031,1,1406.25,"hs",981.777777777778,"some_college",1024,"hs","less"
1286032,"white",0.5,0,0,37.5,27.6666666666667,31,4,4,2,16,15.1666666666667,12,0,442397.2,292197.245689655,0,0,0,29,0,0,4,97,4,97,1,29,1286032,1,1406.25,"hs",765.444444444444,"college",961,"college","less"
1286033,"white",0.5,0,1,37.5,27.6666666666667,26,-Inf,4,2,0,15.1666666666667,12,517871.3,442397.2,292197.245689655,0,0,0,29,4,94,4,97,4,97,1,29,1286033,1,1406.25,"hs",765.444444444444,"college",676,NA,"less"
1288030,"white",0.5,0,1,60.5,33.5,37,3,5,2,14,16.8333333333333,12,330361.4,137392.5,58561.252183908,0,0,0,23,4,83,3,69,2,32,1,23,1288030,1,3660.25,"hs",1122.25,"higher",1369,"some_college","less"
1288031,"white",0.5,0,0,60.5,33.5,34.5,5,5,2,17,16.8333333333333,12,241699.75,137392.5,58561.252183908,0,0,0,23,3,71,3,69,2,32,1,23,1288031,1,3660.25,"hs",1122.25,"higher",1190.25,"higher","less"
1298032,"white",0.5,1,0,38.5,28.5,29,2,3,4,12,12.6666666666667,16,0,19405,219169.128735632,0,0,0,23,0,0,1,13,4,91,1,23,1298032,1,1482.25,"college",812.25,"some_college",841,"hs","more"
1298031,"white",0.5,0,0,38.5,25.75,31,5,4,4,17,16,16,0,218963.125,219169.128735632,0,0,0,23,0,0,4,87,4,91,1,23,1298031,1,1482.25,"college",663.0625,"college",961,"higher","more"
1298033,"white",0.5,0,1,38.5,25.75,29,3,4,4,14,16,16,304914.6,218963.125,219169.128735632,0,0,0,23,4,80,4,87,4,91,1,23,1298033,1,1482.25,"college",663.0625,"college",841,"some_college","more"
1300030,"white",0,0,0,32.5,33.5,44.5,4,2,2,16,12,12,356254.95,221064.683333333,71729.3839655172,0,0,0,21,4,86,4,87,2,38,1,21,1300030,1,1056.25,"hs",1122.25,"hs",1980.25,"college","less"
1300032,"white",0,0,0,32.5,33.5,34.5,4,2,2,16,12,12,345897.5,221064.683333333,71729.3839655172,0,0,0,21,4,85,4,87,2,38,1,21,1300032,1,1056.25,"hs",1122.25,"hs",1190.25,"college","less"
1301031,"black",0.5,0,0,53,31,34,3,3,1,15,14,5.5,76340.345,58945.86,59774.4841379311,0,0,0,7,1,20,2,33,2,32,1,7,1301031,0,2809,"less_hs",961,"some_college",1156,"some_college","less"
1302035,"white",0.5,1,0,43.5,35.5,34,5,5,2,16.5,17,12,0,181129.183333333,101101.141666666,0,0,0,24,0,0,4,81,3,53,1,24,1302035,1,1892.25,"hs",1260.25,"higher",1156,"higher","less"
1302036,"white",0.5,1,0,43.5,35.5,32,2,5,2,12,17,12,0,181129.183333333,101101.141666666,0,0,0,24,0,0,4,81,3,53,1,24,1302036,1,1892.25,"hs",1260.25,"higher",1024,"hs","less"
1302037,"white",0.5,1,1,43.5,35.5,28.5,5,5,2,17,17,12,1e+05,181129.183333333,101101.141666666,0,0,0,24,2,30,4,81,3,53,1,24,1302037,1,1892.25,"hs",1260.25,"higher",812.25,"higher","less"
1302032,"white",0.5,0,1,43.5,31.5,40,4,4,2,16,15.6666666666667,12,0,208055.216666667,101101.141666666,1,0,0,24,0,0,4,86,3,53,1,24,1302032,1,1892.25,"hs",992.25,"college",1600,"college","less"
1302033,"white",0.5,0,1,43.5,31.5,37,4,4,2,16,15.6666666666667,12,175000,208055.216666667,101101.141666666,0,0,0,24,3,54,4,86,3,53,1,24,1302033,1,1892.25,"hs",992.25,"college",1369,"college","less"
1312031,"black",0.5,1,1,35.5,27.5,32,2,2,1.5,12,12,9.5,5213711.5,0,0,0,0,0,25,4,99,0,0,0,0,1,25,1312031,0,1260.25,NA,756.25,"hs",1024,"hs","more"
1315032,"white",0.5,0,0,38,26,27,4,2,2,16,12,11.5,152859.4,0,153835.964367816,0,0,0,23,2,48,0,0,4,77,1,23,1315032,1,1444,"hs",676,"hs",729,"college","less"
1328030,"white",0.5,1,1,51.5,34.5,38,3,3,-Inf,13,13.6666666666667,12,93216.85,247972.328833333,171435.03045977,0,0,0,28,2,28,4,90,4,82,1,28,1328030,1,2652.25,NA,1190.25,"some_college",1444,"some_college","more"
1335031,"white",0.5,0,1,37.5,33.3333333333333,46,3,1,1,14,11,10,225627.45,80119.9916666667,36972.4243103449,0,0,0,23,3,68,2,45,1,18,1,23,1335031,1,1406.25,"less_hs",1111.11111111111,"less_hs",2116,"some_college","less"
1335034,"white",0.5,0,0,37.5,33.3333333333333,45,3,1,1,15,11,10,0,80119.9916666667,36972.4243103449,0,0,0,23,0,0,2,45,1,18,1,23,1335034,1,1406.25,"less_hs",1111.11111111111,"less_hs",2025,"some_college","less"
1335035,"white",0.5,0,1,37.5,33.3333333333333,41,4,1,1,16,11,10,0,80119.9916666667,36972.4243103449,0,0,0,23,0,0,2,45,1,18,1,23,1335035,1,1406.25,"less_hs",1111.11111111111,"less_hs",1681,"college","less"
1335032,"white",0.5,0,1,37.5,32.5,42,4,3,1,16,13,10,114197.77,69090.9833333333,36972.4243103449,0,0,0,23,2,35,2,38,1,18,1,23,1335032,1,1406.25,"less_hs",1056.25,"some_college",1764,"college","less"
1335038,"white",0.5,0,0,37.5,32.5,37,2,3,1,12,13,10,4999999,69090.9833333333,36972.4243103449,1,0,0,23,4,97,2,38,1,18,1,23,1335038,1,1406.25,"less_hs",1056.25,"some_college",1369,"hs","less"
1335037,"white",0.5,1,0,37.5,30.5,38,4,2,1,16,12,10,312772,110808.656666667,36972.4243103449,0,0,0,23,4,82,3,60,1,18,1,23,1335037,1,1406.25,"less_hs",930.25,"hs",1444,"college","less"
1335043,"white",0.5,1,1,37.5,30.5,35,4,2,1,16,12,10,163608.8,110808.656666667,36972.4243103449,0,0,0,23,3,51,3,60,1,18,1,23,1335043,1,1406.25,"less_hs",930.25,"hs",1225,"college","less"
1335177,"white",0.5,1,0,37.5,30.5,33,-Inf,2,1,0,12,10,196791.1,110808.656666667,36972.4243103449,0,0,0,23,3,61,3,60,1,18,1,23,1335177,1,1406.25,"less_hs",930.25,"hs",1089,NA,"less"
1335036,"white",0.5,1,1,37.5,29.6666666666667,39,3,2,1,15,12,10,289825.25,26786.275,36972.4243103449,0,0,0,23,4,78,1,17,1,18,1,23,1335036,1,1406.25,"less_hs",880.111111111111,"hs",1521,"some_college","less"
1335039,"white",0.5,1,0,37.5,29.6666666666667,37,4,2,1,16,12,10,0,26786.275,36972.4243103449,0,0,0,23,0,0,1,17,1,18,1,23,1335039,1,1406.25,"less_hs",880.111111111111,"hs",1369,"college","less"
1335042,"white",0.5,1,1,37.5,29.6666666666667,35,3,2,1,15,12,10,186806.2,26786.275,36972.4243103449,0,0,0,23,3,58,1,17,1,18,1,23,1335042,1,1406.25,"less_hs",880.111111111111,"hs",1225,"some_college","less"
1335045,"white",0.5,1,1,37.5,28,34.5,2,2,1,12,12,10,0,85175.8326666667,36972.4243103449,0,0,0,23,0,0,2,48,1,18,1,23,1335045,1,1406.25,"less_hs",784,"hs",1190.25,"hs","less"
1335046,"white",0.5,1,1,37.5,28,30,-Inf,2,1,0,12,10,0,85175.8326666667,36972.4243103449,0,0,0,23,0,0,2,48,1,18,1,23,1335046,1,1406.25,"less_hs",784,"hs",900,NA,"less"
1335040,"white",0.5,1,0,37.5,26.8,37.5,3,2,1,15,12,10,57500.79,32972.954,36972.4243103449,0,0,0,23,1,14,1,21,1,18,1,23,1335040,1,1406.25,"less_hs",718.24,"hs",1406.25,"some_college","less"
1335041,"white",0.5,1,0,37.5,26.8,36,2,2,1,12,12,10,60893.565,32972.954,36972.4243103449,0,0,0,23,1,15,1,21,1,18,1,23,1335041,1,1406.25,"less_hs",718.24,"hs",1296,"hs","less"
1335048,"white",0.5,1,0,37.5,26.8,29,2,2,1,12,12,10,88197.77,32972.954,36972.4243103449,0,0,0,23,2,26,1,21,1,18,1,23,1335048,1,1406.25,"less_hs",718.24,"hs",841,"hs","less"
1335044,"white",0.5,1,0,37.5,25.5,35,4,1,1,16,11,10,290182.65,39946.945,36972.4243103449,0,0,0,23,4,79,1,24,1,18,1,23,1335044,1,1406.25,"less_hs",650.25,"less_hs",1225,"college","less"
1335047,"white",0.5,1,1,37.5,25.5,31,2,1,1,12,11,10,15536.14,39946.945,36972.4243103449,0,0,0,23,1,3,1,24,1,18,1,23,1335047,1,1406.25,"less_hs",650.25,"less_hs",961,"hs","less"
1335049,"white",0.5,1,1,37.5,25.5,27,3,1,1,14,11,10,256610.4,39946.945,36972.4243103449,0,0,0,23,3,74,1,24,1,18,1,23,1335049,1,1406.25,"less_hs",650.25,"less_hs",729,"some_college","less"
1342030,"white",0.5,1,0,43.5,33.6666666666667,36,2,2,1,12,12,9.5,0,78939.2866666667,68209.5707471264,0,0,0,24,0,0,2,44,2,37,1,24,1342030,1,1892.25,"less_hs",1133.44444444444,"hs",1296,"hs","less"
1345032,"white",0.5,1,1,30.5,27,34,2,2,2,12,12,12,155091.35,0,63294.2973563219,1,0,0,23,2,49,0,0,2,34,1,23,1345032,1,930.25,"hs",729,"hs",1156,"hs","less"
1345034,"white",0.5,0,0,30.5,26,27.5,3,2,2,13,12,12,0,102218.183333333,63294.2973563219,0,0,0,23,0,0,3,56,2,34,1,23,1345034,1,930.25,"hs",676,"hs",756.25,"some_college","less"
1351004,"white",1,0,0,59.5,47.6666666666667,52,3,2,-Inf,14,12,NA,0,63228.4833333333,41487.2799712643,0,0,0,23,0,0,2,35,1,20,1,23,1351004,1,3540.25,NA,2272.11111111111,"hs",2704,"some_college","more"
1351030,"white",1,0,0,59.5,47.6666666666667,44.5,3,2,-Inf,14,12,NA,147537.7,63228.4833333333,41487.2799712643,0,0,0,23,2,46,2,35,1,20,1,23,1351030,1,3540.25,NA,2272.11111111111,"hs",1980.25,"some_college","more"
1353030,"white",0.5,0,0,43,35.3333333333333,41.5,4,4,4.5,16,16,16.5,299807.35,171530.133333333,135177.138505747,0,0,0,25,4,80,4,79,3,70,1,25,1353030,1,1849,NA,1248.44444444444,"college",1722.25,"college","more"
1353031,"white",0.5,0,1,43,35.3333333333333,39.5,3,4,4.5,14,16,16.5,170287.9,171530.133333333,135177.138505747,0,0,0,25,3,53,4,79,3,70,1,25,1353031,1,1849,NA,1248.44444444444,"college",1560.25,"some_college","more"
1353032,"white",0.5,0,1,43,30.5,40,2,3,4.5,12,14,16.5,140000,48310.7666666667,135177.138505747,0,0,0,25,2,44,2,27,3,70,1,25,1353032,1,1849,NA,930.25,"some_college",1600,"hs","more"
1355031,"white",0.5,0,0,40.5,33.5,37,4,3,-Inf,16,14.8333333333333,14,5e+05,344729.866666667,282059.79454023,0,0,0,25,4,93,4,94,4,96,1,25,1355031,1,1640.25,NA,1122.25,"some_college",1369,"college","more"
1358030,"white",1,0,0,28.5,25.5,32,4,2,1,16,12,8,55982.92,64743.45,0,0,0,0,17,1,13,2,35,0,0,1,17,1358030,1,812.25,"less_hs",650.25,"hs",1024,"college","less"
1376030,"white",0,1,1,34.5,31.5,38,3,2,2,14,11.8333333333333,12,0,0,0,0,0,0,21,0,0,0,0,0,0,1,21,1376030,1,1190.25,"hs",992.25,"hs",1444,"some_college","less"
1376031,"white",0,1,0,34.5,31.5,35,5,2,2,17,11.8333333333333,12,290361.4,0,0,0,0,0,21,4,79,0,0,0,0,1,21,1376031,1,1190.25,"hs",992.25,"hs",1225,"higher","less"
1376032,"white",0,1,0,34.5,31.5,31,1,2,2,10,11.8333333333333,12,0,0,0,0,0,0,21,0,0,0,0,0,0,1,21,1376032,1,1190.25,"hs",992.25,"hs",961,"less_hs","less"
1377030,"white",0.5,1,1,57,38.5,40,4,5,2,16,17,12,330361.4,604275.55,0,0,0,0,29,4,83,4,99,0,0,1,29,1377030,1,3249,"hs",1482.25,"higher",1600,"college","less"
1377031,"white",0.5,0,1,57,35.6666666666667,36,5,5,2,17,17,12,277859.4,248281.216666667,0,0,0,0,29,4,77,4,90,0,0,1,29,1377031,1,3249,"hs",1272.11111111111,"higher",1296,"higher","less"
1377032,"white",0.5,0,0,57,35.6666666666667,34.5,4,5,2,16,17,12,444005.95,248281.216666667,0,0,0,0,29,4,91,4,90,0,0,1,29,1377032,1,3249,"hs",1272.11111111111,"higher",1190.25,"college","less"
1377033,"white",0.5,0,1,57,35.6666666666667,32,4,5,2,16,17,12,80270.05,248281.216666667,0,0,0,0,29,1,22,4,90,0,0,1,29,1377033,1,3249,"hs",1272.11111111111,"higher",1024,"college","less"
1397030,"white",0.5,0,1,40,33.5,37,4,5,3.5,16,17,15,115000,156091.325,264101.065517241,0,0,0,24,2,35,3,75,4,95,1,24,1397030,1,1600,NA,1122.25,"higher",1369,"college","more"
1397031,"white",0.5,0,1,40,33.5,32,5,5,3.5,17,17,15,0,156091.325,264101.065517241,0,0,0,24,0,0,3,75,4,95,1,24,1397031,1,1600,NA,1122.25,"higher",1024,"higher","more"
1397032,"white",0.5,0,1,40,33.5,31,5,5,3.5,17,17,15,207148.5,156091.325,264101.065517241,0,0,0,24,3,64,3,75,4,95,1,24,1397032,1,1600,NA,1122.25,"higher",961,"higher","more"
1397033,"white",0.5,1,1,40,30.5,31,4,5,3.5,16,16.8333333333333,15,0,189157.383333333,264101.065517241,0,0,0,24,0,0,4,83,4,95,1,24,1397033,1,1600,NA,930.25,"higher",961,"college","more"
1397035,"white",0.5,1,1,40,30.5,29,4,5,3.5,15.5,16.8333333333333,15,0,189157.383333333,264101.065517241,1,0,0,24,0,0,4,83,4,95,1,24,1397035,1,1600,NA,930.25,"higher",841,"college","more"
1397034,"white",0.5,1,1,40,25,28,4,4,3.5,16,16,15,0,0,264101.065517241,0,0,0,24,0,0,0,0,4,95,1,24,1397034,1,1600,NA,625,"college",784,"college","more"
1399034,"white",0.5,1,0,38.5,32.5,32,5,2,2,17,12,12,0,242316.533333333,206633.162643678,0,0,0,24,0,0,4,89,4,89,1,24,1399034,1,1482.25,"hs",1056.25,"hs",1024,"higher","less"
1399036,"white",0.5,0,0,38.5,27.5,27,2,2,2,12,12,12,106608.415,23578.35,206633.162643678,0,0,0,24,2,33,1,15,4,89,1,24,1399036,1,1482.25,"hs",756.25,"hs",729,"hs","less"
1399030,"white",0.5,0,1,38.5,27.5,36,2,2,2,12,12,12,209110.4,45408.75,206633.162643678,0,0,0,24,3,65,2,27,4,89,1,24,1399030,1,1482.25,"hs",756.25,"hs",1296,"hs","less"
1399031,"white",0.5,0,1,38.5,27.5,35,2,2,2,12,12,12,125000,45408.75,206633.162643678,0,0,0,24,2,39,2,27,4,89,1,24,1399031,1,1482.25,"hs",756.25,"hs",1225,"hs","less"
1399033,"white",0.5,0,1,38.5,27.5,33,2,2,2,12,12,12,0,45408.75,206633.162643678,1,0,0,24,0,0,2,27,4,89,1,24,1399033,1,1482.25,"hs",756.25,"hs",1089,"hs","less"
1399032,"white",0.5,0,1,38.5,25.5,33,3,1,2,14,11,12,325718.8,60459.005,206633.162643678,0,0,0,24,4,83,2,34,4,89,1,24,1399032,1,1482.25,"hs",650.25,"less_hs",1089,"some_college","less"
1399035,"white",0.5,0,1,38.5,25.5,30.5,2,1,2,12,11,12,134646.55,60459.005,206633.162643678,0,0,0,24,2,42,2,34,4,89,1,24,1399035,1,1482.25,"hs",650.25,"less_hs",930.25,"hs","less"
1401030,"white",0.5,1,0,45,39.5,41,2,5,1.5,12,17,10,75000,225503.366666667,144187.640804597,0,0,0,24,1,20,4,88,3,74,1,24,1401030,1,2025,NA,1560.25,"higher",1681,"hs","more"
1406030,"white",0.5,0,1,39,33.5,43,3,2,1,13,12,8.5,361076.25,0,0,0,0,0,24,4,86,0,0,0,0,1,24,1406030,1,1521,"less_hs",1122.25,"hs",1849,"some_college","less"
1406033,"white",0.5,0,0,39,33.5,39,2,2,1,12,12,8.5,432148.5,0,0,1,0,0,24,4,91,0,0,0,0,1,24,1406033,1,1521,"less_hs",1122.25,"hs",1521,"hs","less"
1411036,"black",0.5,0,0,34.5,32.6666666666667,33,3,4,1.5,13.5,16,11.5,0,0,0,0,0,0,22,0,0,0,0,0,0,1,22,1411036,0,1190.25,NA,1067.11111111111,"college",1089,"some_college","more"
1411041,"black",0.5,0,1,34.5,32.6666666666667,30.5,2,4,1.5,12,16,11.5,0,0,0,0,0,0,22,0,0,0,0,0,0,1,22,1411041,0,1190.25,NA,1067.11111111111,"college",930.25,"hs","more"
1411043,"black",0.5,0,1,34.5,32.6666666666667,26,-Inf,4,1.5,0,16,11.5,0,0,0,0,0,0,22,0,0,0,0,0,0,1,22,1411043,0,1190.25,NA,1067.11111111111,"college",676,NA,"more"
1411034,"black",0.5,0,0,34.5,30.5,38.5,5,3,1.5,17,14,11.5,336616.3,0,0,0,0,0,22,4,84,0,0,0,0,1,22,1411034,0,1190.25,NA,930.25,"some_college",1482.25,"higher","more"
1411037,"black",0.5,0,1,34.5,30.5,34,-Inf,3,1.5,0,14,11.5,150000,0,0,1,0,0,22,2,46,0,0,0,0,1,22,1411037,0,1190.25,NA,930.25,"some_college",1156,NA,"more"
1411033,"black",0.5,0,1,34.5,28.5,38,2,2,1.5,12,12,11.5,0,75340.8416666667,0,0,0,0,22,0,0,2,43,0,0,1,22,1411033,0,1190.25,NA,812.25,"hs",1444,"hs","more"
1411035,"black",0.5,0,1,34.5,28.5,34.5,2,2,1.5,12,12,11.5,139733.9,75340.8416666667,0,0,0,0,22,2,43,2,43,0,0,1,22,1411035,0,1190.25,NA,812.25,"hs",1190.25,"hs","more"
1411039,"black",0.5,0,1,34.5,28.5,32,3,2,1.5,14,12,11.5,90000,75340.8416666667,0,0,0,0,22,2,26,2,43,0,0,1,22,1411039,0,1190.25,NA,812.25,"hs",1024,"some_college","more"
1411040,"black",0.5,0,1,34.5,25.5,34,3,3,1.5,13,13,11.5,0,0,0,0,0,0,22,0,0,0,0,0,0,1,22,1411040,0,1190.25,NA,650.25,"some_college",1156,"some_college","more"
1414031,"black",0.5,0,0,39.5,33.5,37,3,3,1,13,12.1666666666667,10.5,0,0,0,0,0,0,22,0,0,0,0,0,0,1,22,1414031,0,1560.25,"less_hs",1122.25,"some_college",1369,"some_college","less"
1415030,"white",0.5,0,0,31,25.5,34,3,2,1,14,12,11,0,21267.74,0,0,0,0,17,0,0,1,14,0,0,1,17,1415030,1,961,"less_hs",650.25,"hs",1156,"some_college","less"
1426031,"black",0,0,1,32.5,25.5,37,3,3,-Inf,15,14,0,78750.99,0,0,1,0,0,21,1,21,0,0,0,0,1,21,1426031,0,1056.25,NA,650.25,"some_college",1369,"some_college","more"
1426033,"black",0,0,1,32.5,25.5,31.5,2,3,-Inf,12,14,0,0,0,0,0,0,0,21,0,0,0,0,0,0,1,21,1426033,0,1056.25,NA,650.25,"some_college",992.25,"hs","more"
1426035,"black",0,0,1,32.5,25.5,28,3,3,-Inf,15,14,0,0,0,0,0,0,0,21,0,0,0,0,0,0,1,21,1426035,0,1056.25,NA,650.25,"some_college",784,"some_college","more"
1428030,"white",0.5,0,0,43,28.5,33,3,5,-Inf,15,17,12,0,30111.3283333333,137148.014367816,0,0,0,27,0,0,1,19,3,71,1,27,1428030,1,1849,NA,812.25,"higher",1089,"some_college","more"
1431030,"white",0.5,1,1,27,27,27,4,2,1,16,12,10,142502,123670.04,27429.6078735632,0,0,0,17,2,44,3,65,1,11,1,17,1431030,1,729,"less_hs",729,"hs",729,"college","less"
1438036,"black",0.5,0,0,38.5,27.6666666666667,29,2,3,2.5,12,14,13,0,0,116484.718103449,0,0,0,24,0,0,0,0,3,61,1,24,1438036,0,1482.25,NA,765.444444444444,"some_college",841,"hs","more"
1445031,"white",0.5,1,0,43,27,33,4,4,2,16,16,12,125000,0,89146.2218390804,0,0,0,23,2,39,0,0,2,46,1,23,1445031,1,1849,"hs",729,"college",1089,"college","less"
1445035,"white",0.5,1,1,43,27,31,3,4,2,13,16,12,0,0,89146.2218390804,0,0,0,23,0,0,0,0,2,46,1,23,1445035,1,1849,"hs",729,"college",961,"some_college","less"
1445037,"white",0.5,1,1,43,27,28,4,4,2,16,16,12,0,0,89146.2218390804,0,0,0,23,0,0,0,0,2,46,1,23,1445037,1,1849,"hs",729,"college",784,"college","less"
1459031,"white",0.5,0,0,43,37.5,41,3,3,1.5,14,12.8333333333333,11,0,0,137148.014367816,0,0,0,26,0,0,0,0,3,71,1,26,1459031,1,1849,NA,1406.25,"some_college",1681,"some_college","more"
1459033,"white",0.5,0,0,43,37.5,35,3,3,1.5,14,12.8333333333333,11,0,0,137148.014367816,1,0,0,26,0,0,0,0,3,71,1,26,1459033,1,1849,NA,1406.25,"some_college",1225,"some_college","more"
1468031,"white",0.5,0,0,47.5,27,31,3,2,1.5,13,12,11,77393.96,19308.6022,81742.1689655173,0,0,0,23,1,21,1,13,2,42,1,23,1468031,1,2256.25,NA,729,"hs",961,"some_college","more"
1468033,"white",0.5,0,0,47.5,27,28,-Inf,2,1.5,NA,12,11,79786.73,19308.6022,81742.1689655173,0,0,0,23,1,22,1,13,2,42,1,23,1468033,1,2256.25,NA,729,"hs",784,NA,"more"
1473030,"white",0.5,1,0,56,35.5,40,5,3,1.5,17,14,11,216342.3,165284.083333333,30767.1978735632,0,0,0,23,3,66,4,78,1,13,1,23,1473030,1,3136,NA,1260.25,"some_college",1600,"higher","more"
1473031,"white",0.5,1,0,56,35.5,36,5,3,1.5,17,14,11,122144.55,165284.083333333,30767.1978735632,0,0,0,23,2,37,4,78,1,13,1,23,1473031,1,3136,NA,1260.25,"some_college",1296,"higher","more"
1473032,"white",0.5,1,1,56,35.5,30.5,3,3,1.5,14,14,11,181465.85,165284.083333333,30767.1978735632,0,0,0,23,3,57,4,78,1,13,1,23,1473032,1,3136,NA,1260.25,"some_college",930.25,"some_college","more"
1496030,"white",0.5,1,0,53.5,41.5,42,5,3,1,17,14.5,11,305361.4,142163.6,100918.878448276,0,0,0,24,4,80,3,70,3,53,1,24,1496030,1,2862.25,"less_hs",1722.25,"some_college",1764,"higher","less"
1496031,"white",0.5,1,0,53.5,41.5,39.5,4,3,1,16,14.5,11,377148.5,142163.6,100918.878448276,0,0,0,24,4,88,3,70,3,53,1,24,1496031,1,2862.25,"less_hs",1722.25,"some_college",1560.25,"college","less"
1513031,"white",0.5,0,1,50,40.5,38.5,3,5,3.5,13,17,15,0,287493.583333333,215734.796551724,0,0,0,24,0,0,4,92,4,90,1,24,1513031,1,2500,NA,1640.25,"higher",1482.25,"some_college","more"
1513030,"white",0.5,0,0,50,37.5,34,5,5,3.5,17,17,15,243399.5,385840.316666667,215734.796551724,0,0,0,24,3,71,4,96,4,90,1,24,1513030,1,2500,NA,1406.25,"higher",1156,"higher","more"
1513032,"white",0.5,0,0,50,37.5,31,5,5,3.5,17,17,15,0,385840.316666667,215734.796551724,0,0,0,24,0,0,4,96,4,90,1,24,1513032,1,2500,NA,1406.25,"higher",961,"higher","more"
1522037,"white",0.5,1,0,48,38,29,5,5,3,17,16.1666666666667,14,0,590247.616666667,219436.872988506,0,0,0,24,0,0,4,99,4,91,1,24,1522037,1,2304,"some_college",1444,"higher",841,"higher","more"
1522035,"white",0.5,1,1,48,35.5,30.5,5,5,3,17,17,14,112500,171632.316666667,219436.872988506,0,0,0,24,2,35,4,79,4,91,1,24,1522035,1,2304,"some_college",1260.25,"higher",930.25,"higher","more"
1522030,"white",0.5,1,0,48,31.5,37,3,3,3,13,14,14,352152.5,21613.4833333333,219436.872988506,1,0,0,24,4,86,1,14,4,91,1,24,1522030,1,2304,"some_college",992.25,"some_college",1369,"some_college","more"
1522033,"white",0.5,0,0,48,29.5,32,4,4,3,16,16,14,142412.6,282990.65,219436.872988506,0,0,0,24,2,44,4,92,4,91,1,24,1522033,1,2304,"some_college",870.25,"college",1024,"college","more"
1522036,"white",0.5,0,1,48,29.5,29.5,4,4,3,16,16,14,0,282990.65,219436.872988506,0,0,0,24,0,0,4,92,4,91,1,24,1522036,1,2304,"some_college",870.25,"college",870.25,"college","more"
1522034,"white",0.5,1,0,48,27.5,32,4,5,3,16,16.5,14,0,0,219436.872988506,0,0,0,24,0,0,0,0,4,91,1,24,1522034,1,2304,"some_college",756.25,"higher",1024,"college","more"
1522038,"white",0.5,1,0,48,27.5,28,4,5,3,16,16.5,14,0,0,219436.872988506,1,0,0,24,0,0,0,0,4,91,1,24,1522038,1,2304,"some_college",756.25,"higher",784,"college","more"
1522039,"white",0.5,0,1,48,26.5,26,5,4,3,17,16,14,0,41982.3,219436.872988506,0,0,0,24,0,0,1,25,4,91,1,24,1522039,1,2304,"some_college",702.25,"college",676,"higher","more"
1523030,"white",0.5,1,0,52,31.5,33,5,2,3,17,12,14,0,85891.3983333333,147160.814367816,0,0,0,24,0,0,2,48,3,75,1,24,1523030,1,2704,"some_college",992.25,"hs",1089,"higher","more"
1523031,"white",0.5,1,1,52,31.5,32,5,2,3,17,12,14,174465.85,85891.3983333333,147160.814367816,0,0,0,24,3,54,2,48,3,75,1,24,1523031,1,2704,"some_college",992.25,"hs",1024,"higher","more"
1533032,"white",0.5,0,1,37.5,34.1666666666667,28,5,4,1,17,16,10.5,0,252913.283333333,126588.574712644,0,0,0,23,0,0,4,90,3,67,1,23,1533032,1,1406.25,"less_hs",1167.36111111111,"college",784,"higher","less"
1540030,"white",0,0,1,60.5,49.5,45,5,3,-Inf,17,15,NA,508935.65,197675.166666667,130108.387931034,0,0,0,24,4,94,4,84,3,67,1,24,1540030,1,3660.25,NA,2450.25,"some_college",2025,"higher","more"
1541030,"white",0.5,1,0,38.5,32.5,39,3,2,2,15,12,12,247859.4,120497.921666667,248353.012643678,0,0,0,24,3,72,3,64,4,94,1,24,1541030,1,1482.25,"hs",1056.25,"hs",1521,"some_college","less"
1541031,"white",0.5,1,1,38.5,32.5,36.5,4,2,2,16,12,12,0,120497.921666667,248353.012643678,0,0,0,24,0,0,3,64,4,94,1,24,1541031,1,1482.25,"hs",1056.25,"hs",1332.25,"college","less"
1541036,"white",0.5,1,0,38.5,32.5,32,1,2,2,11,12,12,0,120497.921666667,248353.012643678,0,0,0,24,0,0,3,64,4,94,1,24,1541036,1,1482.25,"hs",1056.25,"hs",1024,"less_hs","less"
1541038,"white",0.5,1,0,38.5,32.5,28.5,3,2,2,14,12,12,0,120497.921666667,248353.012643678,0,0,0,24,0,0,3,64,4,94,1,24,1541038,1,1482.25,"hs",1056.25,"hs",812.25,"some_college","less"
1542033,"white",0.5,1,1,32.5,28.5,31,4,4,4,16,8,15,0,200007.65,240009.062643678,0,0,0,24,0,0,4,85,4,93,1,24,1542033,1,1056.25,"college",812.25,"college",961,"college","more"
1542035,"white",0.5,1,0,32.5,28.5,27.5,5,4,4,17,8,15,0,200007.65,240009.062643678,0,0,0,24,0,0,4,85,4,93,1,24,1542035,1,1056.25,"college",812.25,"college",756.25,"higher","more"
1542030,"white",0.5,0,1,32.5,26.5,31,5,3,4,17,14,15,106876.5,168489.925,240009.062643678,0,0,0,24,2,33,4,79,4,93,1,24,1542030,1,1056.25,"college",702.25,"some_college",961,"higher","more"
1542034,"white",0.5,0,1,32.5,26.5,28,2,3,4,12,14,15,94108.415,168489.925,240009.062643678,0,0,0,24,2,28,4,79,4,93,1,24,1542034,1,1056.25,"college",702.25,"some_college",784,"hs","more"
1542031,"white",0.5,0,0,32.5,25.5,31,4,3,4,16,13,15,0,0,240009.062643678,0,0,0,24,0,0,0,0,4,93,1,24,1542031,1,1056.25,"college",650.25,"some_college",961,"college","more"
1542032,"white",0.5,0,1,32.5,25.5,33,2,3,4,12,13,15,0,0,240009.062643678,0,0,0,24,0,0,0,0,4,93,1,24,1542032,1,1056.25,"college",650.25,"some_college",1089,"hs","more"
1547031,"white",0.5,0,0,29.5,27,29,5,3,2,17,14,12,251878.45,173778.36,274296.078735632,0,0,0,29,3,73,4,80,4,96,1,29,1547031,1,870.25,"hs",729,"some_college",841,"higher","less"
1565032,"white",0,0,0,53.5,37.5,45,5,4,2,17,15.8333333333333,12,356254.95,137931.133333333,246923.987931034,0,0,0,25,4,86,3,69,4,93,1,25,1565032,1,2862.25,"hs",1406.25,"college",2025,"higher","less"
1565033,"white",0,0,1,53.5,37.5,44,5,4,2,17,15.8333333333333,12,533935.65,137931.133333333,246923.987931034,0,0,0,25,4,94,3,69,4,93,1,25,1565033,1,2862.25,"hs",1406.25,"college",1936,"higher","less"
1565034,"white",0,0,1,53.5,37.5,42,4,4,2,16,15.8333333333333,12,125000,137931.133333333,246923.987931034,0,0,0,25,2,39,3,69,4,93,1,25,1565034,1,2862.25,"hs",1406.25,"college",1764,"college","less"
1567032,"white",0.5,0,0,53.5,33.6666666666667,35,5,2,1.5,17,12,10,152680.7,84233.24,73671.5137931035,0,0,0,23,2,47,2,47,2,39,1,23,1567032,1,2862.25,NA,1133.44444444444,"hs",1225,"higher","more"
1570030,"black",0.5,1,0,30.5,30.1666666666667,32,2,2,1,12,12,8,0,96941.33,0,1,0,0,7,0,0,3,54,0,0,1,7,1570030,0,930.25,"less_hs",910.027777777778,"hs",1024,"hs","less"
1570032,"black",0.5,0,1,30.5,28.5,33,2,2,1,12,12,8,0,9824.31,0,1,0,0,7,0,0,1,4,0,0,1,7,1570032,0,930.25,"less_hs",812.25,"hs",1089,"hs","less"
1571035,"black",0.5,0,1,40,34.8333333333333,39.5,2,2,1.5,12,12,11.5,0,0,51339.4025287356,1,0,0,24,0,0,0,0,2,27,1,24,1571035,0,1600,NA,1213.36111111111,"hs",1560.25,"hs","more"
1571036,"black",0.5,0,1,40,34.8333333333333,38.5,2,2,1.5,12,12,11.5,0,0,51339.4025287356,1,0,0,24,0,0,0,0,2,27,1,24,1571036,0,1600,NA,1213.36111111111,"hs",1482.25,"hs","more"
1571030,"black",0.5,0,0,40,35,45.5,2,2,1.5,12,12,11.5,0,30521.4683333333,51339.4025287356,0,0,0,24,0,0,1,19,2,27,1,24,1571030,0,1600,NA,1225,"hs",2070.25,"hs","more"
1571031,"black",0.5,0,1,40,35,42,2,2,1.5,12,12,11.5,0,30521.4683333333,51339.4025287356,0,0,0,24,0,0,1,19,2,27,1,24,1571031,0,1600,NA,1225,"hs",1764,"hs","more"
1572032,"black",0,0,0,26.5,26.5,39,2,1,2,12,9,12,0,0,0,0,0,0,7,0,0,0,0,0,0,1,7,1572032,0,702.25,"hs",702.25,"less_hs",1521,"hs","less"
1572034,"black",0,0,0,26.5,26.5,36.5,3,1,2,14,9,12,0,0,0,0,0,0,7,0,0,0,0,0,0,1,7,1572034,0,702.25,"hs",702.25,"less_hs",1332.25,"some_college","less"
1572035,"black",0,0,1,26.5,26.5,34.5,3,1,2,13,9,12,0,0,0,1,0,0,7,0,0,0,0,0,0,1,7,1572035,0,702.25,"hs",702.25,"less_hs",1190.25,"some_college","less"
1572037,"black",0,0,1,26.5,26.5,33,2,1,2,12,9,12,0,0,0,0,0,0,7,0,0,0,0,0,0,1,7,1572037,0,702.25,"hs",702.25,"less_hs",1089,"hs","less"
1572033,"black",0,0,0,26.5,26,38,1,1,2,11,11,12,0,50501.49,0,0,0,0,7,0,0,2,29,0,0,1,7,1572033,0,702.25,"hs",676,"less_hs",1444,"less_hs","less"
1572038,"black",0,0,0,26.5,26,28,3,1,2,15,11,12,117055.2,50501.49,0,0,0,0,7,2,36,2,29,0,0,1,7,1572038,0,702.25,"hs",676,"less_hs",784,"some_college","less"
1572040,"black",0,0,0,26.5,26,27,2,1,2,12,11,12,0,50501.49,0,0,0,0,7,0,0,2,29,0,0,1,7,1572040,0,702.25,"hs",676,"less_hs",729,"hs","less"
1572039,"black",0,0,1,26.5,25,28,2,2,2,12,12,12,0,0,0,0,0,0,7,0,0,0,0,0,0,1,7,1572039,0,702.25,"hs",625,"hs",784,"hs","less"
1577031,"white",0.5,1,1,51,44.5,38,2,3,1.5,12,12.1666666666667,10,0,159006.866666667,0,1,0,0,25,0,0,4,77,0,0,1,25,1577031,1,2601,NA,1980.25,"some_college",1444,"hs","more"
1577032,"white",0.5,1,1,51,36.5,33,2,4,1.5,12,16,10,0,0,0,0,0,0,25,0,0,0,0,0,0,1,25,1577032,1,2601,NA,1332.25,"college",1089,"hs","more"
1579030,"white",0,0,1,49.5,37.5,44,2,4,3,12,16,14,88038.1,110396.645,99341.2350574712,1,0,0,23,1,25,3,59,3,52,1,23,1579030,1,2450.25,"some_college",1406.25,"college",1936,"hs","more"
1579031,"white",0,0,0,49.5,37.5,42,4,4,3,16,16,14,0,110396.645,99341.2350574712,1,0,0,23,0,0,3,59,3,52,1,23,1579031,1,2450.25,"some_college",1406.25,"college",1764,"college","more"
1579037,"white",0,0,1,49.5,37.5,34,3,4,3,14,16,14,318236.3,110396.645,99341.2350574712,0,0,0,23,4,82,3,59,3,52,1,23,1579037,1,2450.25,"some_college",1406.25,"college",1156,"some_college","more"
1579041,"white",0,0,1,49.5,37.5,33,2,4,3,12,16,14,328218.8,110396.645,99341.2350574712,0,0,0,23,4,83,3,59,3,52,1,23,1579041,1,2450.25,"some_college",1406.25,"college",1089,"hs","more"
1579033,"white",0,0,1,49.5,34.5,38,2,5,3,6,17,14,79500,0,99341.2350574712,0,0,0,23,1,22,0,0,3,52,1,23,1579033,1,2450.25,"some_college",1190.25,"higher",1444,"hs","more"
1579034,"white",0,0,0,49.5,34.5,36,4,5,3,16,17,14,1e+05,0,99341.2350574712,1,0,0,23,2,30,0,0,3,52,1,23,1579034,1,2450.25,"some_college",1190.25,"higher",1296,"college","more"
1579036,"white",0,1,0,49.5,40.5,35,4,3,3,16,15,14,241252.95,126754.4,99341.2350574712,0,0,0,23,3,70,3,66,3,52,1,23,1579036,1,2450.25,"some_college",1640.25,"some_college",1225,"college","more"
1579040,"white",0,1,0,49.5,40.5,33,5,3,3,17,15,14,139912.6,126754.4,99341.2350574712,0,0,0,23,2,43,3,66,3,52,1,23,1579040,1,2450.25,"some_college",1640.25,"some_college",1089,"higher","more"
1579035,"white",0,1,1,49.5,31.5,35,5,3,3,17,13.8333333333333,14,375718.8,152919.066666667,99341.2350574712,0,0,0,23,4,87,3,74,3,52,1,23,1579035,1,2450.25,"some_college",992.25,"some_college",1225,"higher","more"
1579039,"white",0,1,1,49.5,31.5,33,4,3,3,15.5,13.8333333333333,14,356254.95,152919.066666667,99341.2350574712,0,0,0,23,4,86,3,74,3,52,1,23,1579039,1,2450.25,"some_college",992.25,"some_college",1089,"college","more"
1579032,"white",0,0,1,49.5,30.3333333333333,38,4,5,3,16,16.6666666666667,14,636616.3,153289.1,99341.2350574712,0,0,0,23,4,95,3,75,3,52,1,23,1579032,1,2450.25,"some_college",920.111111111111,"higher",1444,"college","more"
1579038,"white",0,0,0,49.5,30.3333333333333,34,5,5,3,17,16.6666666666667,14,0,153289.1,99341.2350574712,0,0,0,23,0,0,3,75,3,52,1,23,1579038,1,2450.25,"some_college",920.111111111111,"higher",1156,"higher","more"
1579042,"white",0,0,1,49.5,30.3333333333333,28,5,5,3,17,16.6666666666667,14,222680.7,153289.1,99341.2350574712,0,0,0,23,3,67,3,75,3,52,1,23,1579042,1,2450.25,"some_college",920.111111111111,"higher",784,"higher","more"
1591031,"white",0.5,1,0,38.5,33.5,33,5,4,2.5,17,16,13.5,0,147426.05,150680.627586207,0,0,0,24,0,0,3,72,4,76,1,24,1591031,1,1482.25,NA,1122.25,"college",1089,"higher","more"
1591030,"white",0.5,1,1,38.5,32.5,34,4,2,2.5,16,12,13.5,175448.75,156057.883333333,150680.627586207,0,0,0,24,3,55,3,75,4,76,1,24,1591030,1,1482.25,NA,1056.25,"hs",1156,"college","more"
1591032,"white",0.5,1,0,38.5,32.5,32.5,4,2,2.5,16,12,13.5,284110.4,156057.883333333,150680.627586207,0,0,0,24,4,77,3,75,4,76,1,24,1591032,1,1482.25,NA,1056.25,"hs",1056.25,"college","more"
1599030,"white",0.5,1,0,38,31.5,28,4,4,3,16,16,14,0,205010.016666667,268651.882471265,0,0,0,29,0,0,4,85,4,96,1,29,1599030,1,1444,"some_college",992.25,"college",784,"college","more"
1611031,"white",0.5,0,1,37,30.6666666666667,40,2,2,1.5,12,12,9,175000,104850.8,82835.493275862,1,0,0,22,3,54,3,57,2,43,1,22,1611031,1,1369,NA,940.444444444445,"hs",1600,"hs","more"
1613032,"white",0.5,1,0,38.5,34,36.5,3,2,2,14,12,12,0,122531.4,138999.077586207,1,0,0,27,0,0,3,65,3,73,1,27,1613032,1,1482.25,"hs",1156,"hs",1332.25,"some_college","less"
1613034,"white",0.5,1,1,38.5,34,34,3,2,2,13,12,12,165448.75,122531.4,138999.077586207,0,0,0,27,3,52,3,65,3,73,1,27,1613034,1,1482.25,"hs",1156,"hs",1156,"some_college","less"
1613033,"white",0.5,0,0,38.5,31.6666666666667,36,5,3,2,17,15,12,0,150661.25,138999.077586207,0,0,0,27,0,0,3,74,3,73,1,27,1613033,1,1482.25,"hs",1002.77777777778,"some_college",1296,"higher","less"
1613035,"white",0.5,0,0,38.5,31.6666666666667,33.5,3,3,2,13,15,12,0,150661.25,138999.077586207,1,0,0,27,0,0,3,74,3,73,1,27,1613035,1,1482.25,"hs",1002.77777777778,"some_college",1122.25,"some_college","less"
1613036,"white",0.5,1,0,38.5,27.5,29,4,3,2,16,12.3333333333333,12,0,68892.8,138999.077586207,0,0,0,27,0,0,2,38,3,73,1,27,1613036,1,1482.25,"hs",756.25,"some_college",841,"college","less"
1613038,"white",0.5,1,0,38.5,27.5,26.5,4,3,2,16,12.3333333333333,12,198038.1,68892.8,138999.077586207,0,0,0,27,3,61,2,38,3,73,1,27,1613038,1,1482.25,"hs",756.25,"some_college",702.25,"college","less"
1613037,"white",0.5,0,1,38.5,26.6666666666667,29,2,2,2,12,12,12,163216.85,165412.566666667,138999.077586207,0,0,0,27,3,51,4,78,3,73,1,27,1613037,1,1482.25,"hs",711.111111111111,"hs",841,"hs","less"
1624036,"white",0,0,0,47.5,30.5,27.5,2,3,5,12,14.1666666666667,17,0,76710.4166666667,0,1,0,0,26,0,0,2,44,0,0,1,26,1624036,1,2256.25,"higher",930.25,"some_college",756.25,"hs","more"
1630032,"white",0.5,0,0,40,29.5,28,5,5,4.5,17,17,16.5,325000,217057.616666667,174772.63045977,0,0,0,29,4,83,4,87,4,84,1,29,1630032,1,1600,NA,870.25,"higher",784,"higher","more"
1630030,"white",0.5,1,1,40,27,30,4,4,4.5,16,16,16.5,440190.6,372454.2,174772.63045977,1,0,0,29,4,91,4,95,4,84,1,29,1630030,1,1600,NA,729,"college",900,"college","more"
1630031,"white",0.5,1,1,40,27,28,4,4,4.5,16,16,16.5,190627.45,372454.2,174772.63045977,0,0,0,29,3,59,4,95,4,84,1,29,1630031,1,1600,NA,729,"college",784,"college","more"
1633170,"white",0.5,0,0,51.75,35.5,47,3,1,2,13,11,12,0,0,177041.79137931,1,0,0,32,0,0,0,0,4,84,1,32,1633170,1,2678.0625,"hs",1260.25,"less_hs",2209,"some_college","less"
1633171,"white",0.5,0,0,51.75,35.5,41,3,1,2,14,11,12,5260211.5,0,177041.79137931,0,0,0,32,4,99,0,0,4,84,1,32,1633171,1,2678.0625,"hs",1260.25,"less_hs",1681,"some_college","less"
1634030,"white",0.5,1,0,42.5,36.5,36.5,4,4,2,16,16,12,150000,337860.7,88963.9986206896,0,0,0,24,2,46,4,94,2,46,1,24,1634030,1,1806.25,"hs",1332.25,"college",1332.25,"college","less"
1634031,"white",0.5,1,1,42.5,36.5,33,2,4,2,12,16,12,110000,337860.7,88963.9986206896,0,0,0,24,2,34,4,94,2,46,1,24,1634031,1,1806.25,"hs",1332.25,"college",1089,"hs","less"
1635030,"white",0.5,1,0,47,38.5,36,5,5,3,17,17,14,263967.8,102136.658333333,155960.347413793,0,0,0,24,3,75,3,56,4,78,1,24,1635030,1,2209,"some_college",1482.25,"higher",1296,"higher","more"
1652030,"white",0.5,0,1,50.5,33.8333333333333,42,5,2,2,17,12,12,503578.2,73601.605,312274.182471265,0,0,0,23,4,93,2,41,4,98,1,23,1652030,1,2550.25,"hs",1144.69444444444,"hs",1764,"higher","less"
1652033,"white",0.5,0,0,50.5,33.8333333333333,39,5,2,2,17,12,12,142859.4,73601.605,312274.182471265,0,0,0,23,2,45,2,41,4,98,1,23,1652033,1,2550.25,"hs",1144.69444444444,"hs",1521,"higher","less"
1652031,"white",0.5,0,0,50.5,35.5,46,3,2,2,14,12,12,192500,272014.983333333,312274.182471265,0,0,0,23,3,60,4,92,4,98,1,23,1652031,1,2550.25,"hs",1260.25,"hs",2116,"some_college","less"
1652032,"white",0.5,0,0,50.5,35.5,44,4,2,2,16,12,12,362509.9,272014.983333333,312274.182471265,0,0,0,23,4,86,4,92,4,98,1,23,1652032,1,2550.25,"hs",1260.25,"hs",1936,"college","less"
1652034,"white",0.5,0,0,50.5,35.5,38.5,3,2,2,14,12,12,184930.9,272014.983333333,312274.182471265,1,0,0,23,3,57,4,92,4,98,1,23,1652034,1,2550.25,"hs",1260.25,"hs",1482.25,"some_college","less"
1654031,"white",0.5,1,1,31.5,29.5,29,2,2,1.5,12,12,11.5,0,36054.6433333333,0,0,0,0,23,0,0,1,22,0,0,1,23,1654031,1,992.25,NA,870.25,"hs",841,"hs","more"
1655030,"white",0.5,0,1,58,33.5,41,3,2,1,14,12,6,51000,67261.155,125724.081896552,0,0,0,23,1,13,2,37,3,67,1,23,1655030,1,3364,"less_hs",1122.25,"hs",1681,"some_college","less"
1655033,"white",0.5,0,1,58,33.5,37,3,2,1,14,12,6,0,67261.155,125724.081896552,0,0,0,23,0,0,2,37,3,67,1,23,1655033,1,3364,"less_hs",1122.25,"hs",1369,"some_college","less"
1663032,"white",0.5,0,1,46,32.6666666666667,35,4,5,4,16,16.8333333333333,16,274021.05,435470.5,376245.96091954,0,0,0,27,4,76,4,97,4,100,1,27,1663032,1,2116,"college",1067.11111111111,"higher",1225,"college","more"
1663034,"white",0.5,0,0,46,32.6666666666667,32,4,5,4,16,16.8333333333333,16,0,435470.5,376245.96091954,0,0,0,27,0,0,4,97,4,100,1,27,1663034,1,2116,"college",1067.11111111111,"higher",1024,"college","more"
1663037,"white",0.5,0,0,46,32.6666666666667,28,4,5,4,16,16.8333333333333,16,0,435470.5,376245.96091954,0,0,0,27,0,0,4,97,4,100,1,27,1663037,1,2116,"college",1067.11111111111,"higher",784,"college","more"
1663030,"white",0.5,0,0,46,31.1666666666667,36,5,4,4,17,16,16,256346.25,305354.066666667,376245.96091954,0,0,0,27,3,73,4,93,4,100,1,27,1663030,1,2116,"college",971.361111111111,"college",1296,"higher","more"
1663031,"white",0.5,0,0,46,31.1666666666667,34,3,4,4,15,16,16,0,305354.066666667,376245.96091954,0,0,0,27,0,0,4,93,4,100,1,27,1663031,1,2116,"college",971.361111111111,"college",1156,"some_college","more"
1663033,"white",0.5,0,1,46,27.5,31,3,3,4,13,14.1666666666667,16,165718.8,245155.383333333,376245.96091954,0,0,0,27,3,52,4,89,4,100,1,27,1663033,1,2116,"college",756.25,"some_college",961,"some_college","more"
1663036,"white",0.5,0,1,46,27.5,28,4,3,4,16,14.1666666666667,16,290007.9,245155.383333333,376245.96091954,0,0,0,27,4,78,4,89,4,100,1,27,1663036,1,2116,"college",756.25,"some_college",784,"college","more"
1670030,"black",0.5,0,0,29,27.5,41,3,2,1,13,12,7.5,0,0,0,0,0,0,1,0,0,0,0,0,0,1,1,1670030,0,841,"less_hs",756.25,"hs",1681,"some_college","less"
1670032,"black",0.5,0,0,29,27.5,35.5,2,2,1,12,12,7.5,0,0,0,0,0,0,1,0,0,0,0,0,0,1,1,1670032,0,841,"less_hs",756.25,"hs",1260.25,"hs","less"
1670033,"black",0.5,0,1,29,25.5,32,2,2,1,12,12,7.5,0,0,0,0,0,0,1,0,0,0,0,0,0,1,1,1670033,0,841,"less_hs",650.25,"hs",1024,"hs","less"
1684030,"white",0.5,1,0,36.5,29.5,36,2,1,2,12,11,12,45572.67,47930.3466666667,104438.691666667,0,0,0,23,1,11,2,27,3,57,1,23,1684030,1,1332.25,"hs",870.25,"less_hs",1296,"hs","less"
1684032,"white",0.5,1,1,36.5,29.5,35,2,1,2,12,11,12,0,47930.3466666667,104438.691666667,0,0,0,23,0,0,2,27,3,57,1,23,1684032,1,1332.25,"hs",870.25,"less_hs",1225,"hs","less"
1684036,"white",0.5,0,0,36.5,30.5,30,3,3,2,14,12.8333333333333,12,82859.4,107370.29,104438.691666667,0,0,0,23,1,23,3,59,3,57,1,23,1684036,1,1332.25,"hs",930.25,"some_college",900,"some_college","less"
1684037,"white",0.5,0,0,36.5,30.5,28,4,3,2,16,12.8333333333333,12,0,107370.29,104438.691666667,0,0,0,23,0,0,3,59,3,57,1,23,1684037,1,1332.25,"hs",930.25,"some_college",784,"college","less"
1684033,"white",0.5,0,0,36.5,26,33.5,2,2,2,12,12,12,0,72304.53,104438.691666667,1,0,0,23,0,0,2,40,3,57,1,23,1684033,1,1332.25,"hs",676,"hs",1122.25,"hs","less"
1684034,"white",0.5,0,0,36.5,26,32,3,2,2,13,12,12,99465.85,72304.53,104438.691666667,0,0,0,23,2,30,2,40,3,57,1,23,1684034,1,1332.25,"hs",676,"hs",1024,"some_college","less"
1684035,"white",0.5,0,1,36.5,26,30,4,2,2,16,12,12,109786.73,72304.53,104438.691666667,0,0,0,23,2,34,2,40,3,57,1,23,1684035,1,1332.25,"hs",676,"hs",900,"college","less"
1687030,"white",0.5,1,0,26.5,26,32,3,3,2,14,13,12,61072.275,74799.09,119548.948275862,1,0,0,23,1,15,2,42,3,62,1,23,1687030,1,702.25,"hs",676,"some_college",1024,"some_college","less"
1687031,"white",0.5,1,0,26.5,26,29,4,3,2,15.5,13,12,109429.7,74799.09,119548.948275862,0,0,0,23,2,34,2,42,3,62,1,23,1687031,1,702.25,"hs",676,"some_college",841,"college","less"
1689030,"white",0.5,0,1,42.25,35.8333333333333,46,4,3,1,16,12.8333333333333,8,177680.7,137873.483333333,37624.596091954,0,0,0,23,3,55,3,69,1,19,1,23,1689030,1,1785.0625,"less_hs",1284.02777777778,"some_college",2116,"college","less"
1689031,"white",0.5,0,0,42.25,35.8333333333333,43,3,3,1,14,12.8333333333333,8,0,137873.483333333,37624.596091954,0,0,0,23,0,0,3,69,1,19,1,23,1689031,1,1785.0625,"less_hs",1284.02777777778,"some_college",1849,"some_college","less"
1695037,"white",0.5,1,0,39.5,38.5,43,3,1,1,13,8.16666666666667,7,143680.7,0,16687.945,0,0,0,23,2,45,0,0,1,4,1,23,1695037,1,1560.25,"less_hs",1482.25,"less_hs",1849,"some_college","less"
1695042,"white",0.5,1,1,39.5,38.5,34.5,5,1,1,17,8.16666666666667,7,0,0,16687.945,0,0,0,23,0,0,0,0,1,4,1,23,1695042,1,1560.25,"less_hs",1482.25,"less_hs",1190.25,"higher","less"
1695043,"white",0.5,1,0,39.5,38.5,33,4,1,1,16,8.16666666666667,7,75000,0,16687.945,0,0,0,23,1,20,0,0,1,4,1,23,1695043,1,1560.25,"less_hs",1482.25,"less_hs",1089,"college","less"
1695045,"white",0.5,1,1,39.5,38.5,31.5,2,1,1,12,8.16666666666667,7,142859.4,0,16687.945,0,0,0,23,2,45,0,0,1,4,1,23,1695045,1,1560.25,"less_hs",1482.25,"less_hs",992.25,"hs","less"
1695033,"white",0.5,1,1,39.5,36.5,44,3,2,1,14,12,7,0,0,16687.945,0,0,0,23,0,0,0,0,1,4,1,23,1695033,1,1560.25,"less_hs",1332.25,"hs",1936,"some_college","less"
1695034,"white",0.5,1,0,39.5,36.5,41,4,2,1,16,12,7,125430.5,0,16687.945,0,0,0,23,2,40,0,0,1,4,1,23,1695034,1,1560.25,"less_hs",1332.25,"hs",1681,"college","less"
1695035,"white",0.5,0,0,39.5,32.8333333333333,39,3,1,1,15,10.1666666666667,7,279914.6,6256.18333333333,16687.945,0,0,0,23,4,77,1,2,1,4,1,23,1695035,1,1560.25,"less_hs",1078.02777777778,"less_hs",1521,"some_college","less"
1695039,"white",0.5,0,1,39.5,32.8333333333333,37,3,1,1,13,10.1666666666667,7,101787.15,6256.18333333333,16687.945,0,0,0,23,2,31,1,2,1,4,1,23,1695039,1,1560.25,"less_hs",1078.02777777778,"less_hs",1369,"some_college","less"
1695040,"white",0.5,0,0,39.5,27,36,5,2,1,17,12,7,117912.2,66450.96,16687.945,0,0,0,23,2,36,2,36,1,4,1,23,1695040,1,1560.25,"less_hs",729,"hs",1296,"higher","less"
1695041,"white",0.5,0,0,39.5,27,33,3,2,1,14,12,7,29725.81,66450.96,16687.945,0,0,0,23,1,6,2,36,1,4,1,23,1695041,1,1560.25,"less_hs",729,"hs",1089,"some_college","less"
1695044,"white",0.5,0,0,39.5,27,32,4,2,1,16,12,7,57500,66450.96,16687.945,0,0,0,23,1,14,2,36,1,4,1,23,1695044,1,1560.25,"less_hs",729,"hs",1024,"college","less"
1697036,"white",0.5,1,1,41,35.5,42,2,1,1,12,10.1666666666667,8.5,0,18816.2433333333,44481.9993103449,0,0,0,23,0,0,1,13,1,22,1,23,1697036,1,1681,"less_hs",1260.25,"less_hs",1764,"hs","less"
1697037,"white",0.5,1,0,41,35.5,41,1,1,1,10,10.1666666666667,8.5,0,18816.2433333333,44481.9993103449,0,0,0,23,0,0,1,13,1,22,1,23,1697037,1,1681,"less_hs",1260.25,"less_hs",1681,"less_hs","less"
1697040,"white",0.5,1,1,41,35.5,36.5,1,1,1,11,10.1666666666667,8.5,50000,18816.2433333333,44481.9993103449,0,0,0,23,1,12,1,13,1,22,1,23,1697040,1,1681,"less_hs",1260.25,"less_hs",1332.25,"less_hs","less"
1697035,"white",0.5,1,1,41,34.1666666666667,39,3,1,1,14,10,8.5,230306.6,108844.585,44481.9993103449,0,0,0,23,3,69,3,59,1,22,1,23,1697035,1,1681,"less_hs",1167.36111111111,"less_hs",1521,"some_college","less"
1697032,"white",0.5,0,0,41,30.5,41,1,1,1,11,6.16666666666667,8.5,0,0,44481.9993103449,1,0,0,23,0,0,0,0,1,22,1,23,1697032,1,1681,"less_hs",930.25,"less_hs",1681,"less_hs","less"
1697041,"white",0.5,0,0,41,30.5,35,1,1,1,11,6.16666666666667,8.5,100751.4,0,44481.9993103449,0,0,0,23,2,31,0,0,1,22,1,23,1697041,1,1681,"less_hs",930.25,"less_hs",1225,"less_hs","less"
1697042,"white",0.5,0,0,41,26.5,34,5,2,1,17,12,8.5,101697.77,65143.78,44481.9993103449,0,0,0,23,2,31,2,35,1,22,1,23,1697042,1,1681,"less_hs",702.25,"hs",1156,"higher","less"
1697044,"white",0.5,0,0,41,26.5,30,3,2,1,14,12,8.5,132000,65143.78,44481.9993103449,0,0,0,23,2,41,2,35,1,22,1,23,1697044,1,1681,"less_hs",702.25,"hs",900,"some_college","less"
1698030,"white",0.5,1,1,32.5,28.8333333333333,36,4,3,1,16,14,7.5,319648.5,182372.85,56436.894137931,0,0,0,23,4,82,4,82,2,31,1,23,1698030,1,1056.25,"less_hs",831.361111111111,"some_college",1296,"college","less"
1700030,"white",0.5,0,1,36,32.3333333333333,45,2,2,1,12,12,9.5,0,23604.3816666667,51339.4025287356,1,0,0,23,0,0,1,15,2,27,1,23,1700030,1,1296,"less_hs",1045.44444444444,"hs",2025,"hs","less"
1700031,"white",0.5,0,1,36,32.3333333333333,41,2,2,1,12,12,9.5,0,23604.3816666667,51339.4025287356,0,0,0,23,0,0,1,15,2,27,1,23,1700031,1,1296,"less_hs",1045.44444444444,"hs",1681,"hs","less"
1700035,"white",0.5,0,0,36,32.3333333333333,35,3,2,1,14,12,9.5,0,23604.3816666667,51339.4025287356,0,0,0,23,0,0,1,15,2,27,1,23,1700035,1,1296,"less_hs",1045.44444444444,"hs",1225,"some_college","less"
1700037,"white",0.5,0,1,36,32.3333333333333,31,2,2,1,12,12,9.5,0,23604.3816666667,51339.4025287356,0,0,0,23,0,0,1,15,2,27,1,23,1700037,1,1296,"less_hs",1045.44444444444,"hs",961,"hs","less"
1700032,"white",0.5,0,1,36,30.5,39,2,2,1,12,12,9.5,165002,97198.5283333333,51339.4025287356,0,0,0,23,3,51,3,54,2,27,1,23,1700032,1,1296,"less_hs",930.25,"hs",1521,"hs","less"
1700033,"white",0.5,0,0,36,30.5,36,4,2,1,16,12,9.5,219914.6,97198.5283333333,51339.4025287356,0,0,0,23,3,66,3,54,2,27,1,23,1700033,1,1296,"less_hs",930.25,"hs",1296,"college","less"
1700034,"white",0.5,0,1,36,27.6666666666667,34,2,2,1,12,12,9.5,0,30893.5866666667,51339.4025287356,0,0,0,23,0,0,1,19,2,27,1,23,1700034,1,1296,"less_hs",765.444444444444,"hs",1156,"hs","less"
1700036,"white",0.5,0,1,36,27.6666666666667,30.5,1,2,1,11,12,9.5,129358.215,30893.5866666667,51339.4025287356,1,0,0,23,2,41,1,19,2,27,1,23,1700036,1,1296,"less_hs",765.444444444444,"hs",930.25,"less_hs","less"
1700038,"white",0.5,0,0,36,27.6666666666667,28.5,3,2,1,13,12,9.5,42500,30893.5866666667,51339.4025287356,0,0,0,23,1,10,1,19,2,27,1,23,1700038,1,1296,"less_hs",765.444444444444,"hs",812.25,"some_college","less"
1701032,"white",0.666666666666667,0,1,26.6666666666667,25,32,2,2,-Inf,12,12,12,62590.145,88903.67,0,0,0,0,23,1,16,2,49,0,0,1,23,1701032,1,711.111111111111,NA,625,"hs",1024,"hs","more"
1701033,"white",0.666666666666667,0,0,26.6666666666667,25,30,3,2,-Inf,15,12,12,3e+05,88903.67,0,0,0,0,23,4,80,2,49,0,0,1,23,1701033,1,711.111111111111,NA,625,"hs",900,"some_college","more"
1709031,"white",0.5,1,0,29.5,27.5,37,4,2,2,15.5,12,12,154180.7,47150.6816666667,112873.798275862,0,0,0,22,2,48,2,27,3,60,1,22,1709031,1,870.25,"hs",756.25,"hs",1369,"college","less"
1717030,"white",0.5,0,0,48,28,37,2,2,2,12,12,12,205716.85,52834.6733333333,133503.55,0,0,0,27,3,64,2,30,3,69,1,27,1717030,1,2304,"hs",784,"hs",1369,"hs","less"
1720030,"white",0.5,1,1,52.5,30.5,40,4,2,2.5,16,12,12.5,776806.9,52173.8216666667,63423.3879310345,0,0,0,26,4,96,2,29,2,34,1,26,1720030,1,2756.25,NA,930.25,"hs",1600,"college","more"
1720032,"white",0.5,1,1,52.5,30.5,37,4,2,2.5,16,12,12.5,125000,52173.8216666667,63423.3879310345,0,0,0,26,2,39,2,29,2,34,1,26,1720032,1,2756.25,NA,930.25,"hs",1369,"college","more"
1720033,"white",0.5,1,0,52.5,30.5,35,2,2,2.5,12,12,12.5,0,52173.8216666667,63423.3879310345,0,0,0,26,0,0,2,29,2,34,1,26,1720033,1,2756.25,NA,930.25,"hs",1225,"hs","more"
1722031,"black",0.5,0,0,43.5,33.8333333333333,45,2,1,1,12,10,7,0,0,0,0,0,0,4,0,0,0,0,0,0,1,4,1722031,0,1892.25,"less_hs",1144.69444444444,"less_hs",2025,"hs","less"
1722034,"black",0.5,0,0,43.5,33.8333333333333,40,5,1,1,16.5,10,7,1e+05,0,0,0,0,0,4,2,30,0,0,0,0,1,4,1722034,0,1892.25,"less_hs",1144.69444444444,"less_hs",1600,"higher","less"
1722036,"black",0.5,0,1,43.5,33.8333333333333,37,-Inf,1,1,0,10,7,0,0,0,0,0,0,4,0,0,0,0,0,0,1,4,1722036,0,1892.25,"less_hs",1144.69444444444,"less_hs",1369,NA,"less"
1723030,"white",0.666666666666667,0,1,28,25.3333333333333,34,5,2,-Inf,17,12,10,5271212,156296.166666667,0,0,0,0,21,4,99,4,76,0,0,1,21,1723030,1,784,NA,641.777777777778,"hs",1156,"higher","more"
1723031,"white",0.666666666666667,0,1,28,25.3333333333333,29.5,5,2,-Inf,16.5,12,10,0,156296.166666667,0,0,0,0,21,0,0,4,76,0,0,1,21,1723031,1,784,NA,641.777777777778,"hs",870.25,"higher","more"
1723032,"white",0.666666666666667,0,0,28,25.3333333333333,27.5,2,2,-Inf,12,12,10,0,156296.166666667,0,0,0,0,21,0,0,4,76,0,0,1,21,1723032,1,784,NA,641.777777777778,"hs",756.25,"hs","more"
1726030,"white",0.5,0,1,51.5,34.6666666666667,41,5,4,2.5,17,16,13,396969.8,0,125010.931321839,0,0,0,24,4,88,0,0,3,66,1,24,1726030,1,2652.25,NA,1201.77777777778,"college",1681,"higher","more"
1726031,"white",0.5,0,0,51.5,34.6666666666667,39,5,4,2.5,17,16,13,361254.95,0,125010.931321839,0,0,0,24,4,86,0,0,3,66,1,24,1726031,1,2652.25,NA,1201.77777777778,"college",1521,"higher","more"
1726032,"white",0.5,0,0,51.5,34.6666666666667,35,5,4,2.5,17,16,13,183216.85,0,125010.931321839,0,0,0,24,3,57,0,0,3,66,1,24,1726032,1,2652.25,NA,1201.77777777778,"college",1225,"higher","more"
1726033,"white",0.5,0,1,51.5,34.6666666666667,33,5,4,2.5,17,16,13,0,0,125010.931321839,0,0,0,24,0,0,0,0,3,66,1,24,1726033,1,2652.25,NA,1201.77777777778,"college",1089,"higher","more"
1730030,"white",0.5,0,1,48,29.5,28,5,4,2,17,15.6666666666667,12,0,256614.916666667,229449.622988506,0,0,0,24,0,0,4,90,4,93,1,24,1730030,1,2304,"hs",870.25,"college",784,"higher","less"
1731030,"white",0.666666666666667,0,1,28,27,35.5,3,2,-Inf,12.5,12,8,0,0,134759.905172414,1,0,0,24,0,0,0,0,3,70,1,24,1731030,1,784,NA,729,"hs",1260.25,"some_college","more"
1731031,"white",0.666666666666667,0,1,28,27,32,2,2,-Inf,12,12,8,0,0,134759.905172414,1,0,0,24,0,0,0,0,3,70,1,24,1731031,1,784,NA,729,"hs",1024,"hs","more"
1731033,"white",0.666666666666667,0,0,28,27,29,3,2,-Inf,14,12,8,0,0,134759.905172414,0,0,0,24,0,0,0,0,3,70,1,24,1731033,1,784,NA,729,"hs",841,"some_college","more"
1731035,"white",0.666666666666667,0,0,28,25.5,28,3,2,-Inf,13,12,8,0,124262.2,134759.905172414,0,0,0,24,0,0,3,65,3,70,1,24,1731035,1,784,NA,650.25,"hs",784,"some_college","more"
1740030,"white",0.5,1,1,44.5,31.5,36.5,3,3,3,14,13,14,0,63791.1933333333,64174.2506609196,1,0,0,25,0,0,2,35,2,35,1,25,1740030,1,1980.25,"some_college",992.25,"some_college",1332.25,"some_college","more"
1740031,"white",0.5,1,1,44.5,31.5,34,2,3,3,12,13,14,127233.9,63791.1933333333,64174.2506609196,0,0,0,25,2,40,2,35,2,35,1,25,1740031,1,1980.25,"some_college",992.25,"some_college",1156,"hs","more"
1740032,"white",0.5,1,0,44.5,31.5,30,5,3,3,17,13,14,126787.15,63791.1933333333,64174.2506609196,0,0,0,25,2,40,2,35,2,35,1,25,1740032,1,1980.25,"some_college",992.25,"some_college",900,"higher","more"
1756032,"white",0.5,0,1,37.5,30.5,38,2,3,1,12,12.8333333333333,10,0,0,31707.09,0,0,0,23,0,0,0,0,1,15,1,23,1756032,1,1406.25,"less_hs",930.25,"some_college",1444,"hs","less"
1762030,"white",0.5,0,0,33.5,34.5,44,1,1,1,10,10,9,0,0,68209.5707471264,0,0,0,23,0,0,0,0,2,37,1,23,1762030,1,1122.25,"less_hs",1190.25,"less_hs",1936,"less_hs","less"
1762032,"white",0.5,0,0,33.5,34.5,42,3,1,1,14,10,9,0,0,68209.5707471264,0,0,0,23,0,0,0,0,2,37,1,23,1762032,1,1122.25,"less_hs",1190.25,"less_hs",1764,"some_college","less"
1762033,"white",0.5,0,0,33.5,34.5,41,1,1,1,8,10,9,0,0,68209.5707471264,1,0,0,23,0,0,0,0,2,37,1,23,1762033,1,1122.25,"less_hs",1190.25,"less_hs",1681,"less_hs","less"
1762037,"white",0.5,0,1,33.5,27,35,1,2,1,10,12,9,0,0,68209.5707471264,1,0,0,23,0,0,0,0,2,37,1,23,1762037,1,1122.25,"less_hs",729,"hs",1225,"less_hs","less"
1762040,"white",0.5,0,1,33.5,27,28,2,2,1,12,12,9,0,0,68209.5707471264,0,0,0,23,0,0,0,0,2,37,1,23,1762040,1,1122.25,"less_hs",729,"hs",784,"hs","less"
1762035,"white",0.5,0,0,33.5,26.2,38,2,2,1,12,12,9,0,58950.42,68209.5707471264,0,0,0,23,0,0,2,33,2,37,1,23,1762035,1,1122.25,"less_hs",686.44,"hs",1444,"hs","less"
1762038,"white",0.5,0,1,33.5,26.2,35.5,2,2,1,12,12,9,0,58950.42,68209.5707471264,0,0,0,23,0,0,2,33,2,37,1,23,1762038,1,1122.25,"less_hs",686.44,"hs",1260.25,"hs","less"
1763030,"white",0.5,0,0,42.5,38.5,41,5,3,-Inf,17,12.8333333333333,10,0,45562.9583333333,94243.7184482758,1,0,0,23,0,0,2,27,2,49,1,23,1763030,1,1806.25,NA,1482.25,"some_college",1681,"higher","more"
1763033,"white",0.5,0,0,42.5,38.5,38.5,4,3,-Inf,16,12.8333333333333,10,401969.8,45562.9583333333,94243.7184482758,0,0,0,23,4,89,2,27,2,49,1,23,1763033,1,1806.25,NA,1482.25,"some_college",1482.25,"college","more"
1763034,"white",0.5,1,1,42.5,34.5,35,2,3,-Inf,12,13,10,12946.78,133062.681666667,94243.7184482758,1,0,0,23,1,3,3,68,2,49,1,23,1763034,1,1806.25,NA,1190.25,"some_college",1225,"hs","more"
1767030,"white",0.5,1,1,37,34.5,40,3,5,2,13,17,12,178038.1,122921.4,116393.611494253,0,0,0,22,3,55,3,65,3,61,1,22,1767030,1,1369,"hs",1190.25,"higher",1600,"some_college","less"
1767031,"white",0.5,0,1,37,32.6666666666667,34.5,5,3,2,17,13,12,633935.65,175344.783333333,116393.611494253,0,0,0,22,4,95,4,80,3,61,1,22,1767031,1,1369,"hs",1067.11111111111,"some_college",1190.25,"higher","less"
1767032,"white",0.5,0,0,37,32.6666666666667,31,5,3,2,17,13,12,172859.4,175344.783333333,116393.611494253,0,0,0,22,3,54,4,80,3,61,1,22,1767032,1,1369,"hs",1067.11111111111,"some_college",961,"higher","less"
1775033,"white",0.5,0,1,26.5,25,31,2,3,3.5,12,14,15,0,118538.2,164395.404022989,0,0,0,24,0,0,3,63,4,80,1,24,1775033,1,702.25,NA,625,"some_college",961,"hs","more"
1775034,"white",0.5,0,1,26.5,25,29,3,3,3.5,14,14,15,0,118538.2,164395.404022989,0,0,0,24,0,0,3,63,4,80,1,24,1775034,1,702.25,NA,625,"some_college",841,"some_college","more"
1775035,"white",0.5,0,0,26.5,25,27,3,3,3.5,15,14,15,0,118538.2,164395.404022989,0,0,0,24,0,0,3,63,4,80,1,24,1775035,1,702.25,NA,625,"some_college",729,"some_college","more"
1776030,"white",0.5,0,1,37.25,32.5,36,5,2,2,17,12,12,2133955.5,223986.65,131868.29454023,0,0,0,24,4,97,4,88,3,68,1,24,1776030,1,1387.5625,"hs",1056.25,"hs",1296,"higher","less"
1786031,"white",0.5,0,1,40.5,37.5,43,3,1,2,13,9,12,142323.25,59542.3333333333,0,0,0,0,23,2,44,2,33,0,0,1,23,1786031,1,1640.25,"hs",1406.25,"less_hs",1849,"some_college","less"
1786033,"white",0.5,0,0,40.5,37.5,39,2,1,2,12,9,12,193038.1,59542.3333333333,0,0,0,0,23,3,60,2,33,0,0,1,23,1786033,1,1640.25,"hs",1406.25,"less_hs",1521,"hs","less"
1786041,"white",0.5,1,1,40.5,38.6666666666667,35.5,3,2,2,13,12,12,35000,31367.3266666667,0,0,0,0,23,1,7,1,20,0,0,1,23,1786041,1,1640.25,"hs",1495.11111111111,"hs",1260.25,"some_college","less"
1786044,"white",0.5,1,1,40.5,38.6666666666667,34,2,2,2,12,12,12,0,31367.3266666667,0,1,0,0,23,0,0,1,20,0,0,1,23,1786044,1,1640.25,"hs",1495.11111111111,"hs",1156,"hs","less"
1786045,"white",0.5,1,1,40.5,38.6666666666667,33,2,2,2,12,12,12,150000,31367.3266666667,0,0,0,0,23,2,46,1,20,0,0,1,23,1786045,1,1640.25,"hs",1495.11111111111,"hs",1089,"hs","less"
1786046,"white",0.5,1,0,40.5,38.6666666666667,29,4,2,2,16,12,12,0,31367.3266666667,0,0,0,0,23,0,0,1,20,0,0,1,23,1786046,1,1640.25,"hs",1495.11111111111,"hs",841,"college","less"
1786047,"white",0.5,0,0,40.5,26.5,27.5,2,1,2,12,8,12,0,53288.1725,0,1,0,0,23,0,0,2,30,0,0,1,23,1786047,1,1640.25,"hs",702.25,"less_hs",756.25,"hs","less"
1787032,"white",0.5,1,0,26.75,26,34,3,2,1.5,13,12,11.5,152502,34573.6333333333,301010.780172414,0,0,0,23,2,47,1,22,4,97,1,23,1787032,1,715.5625,NA,676,"hs",1156,"some_college","more"
1787034,"white",0.5,1,1,26.75,26,32,2,2,1.5,12,12,11.5,132233.9,34573.6333333333,301010.780172414,0,0,0,23,2,41,1,22,4,97,1,23,1787034,1,715.5625,NA,676,"hs",1024,"hs","more"
1787035,"white",0.5,1,1,26.75,26,30.5,2,2,1.5,12,12,11.5,210002,34573.6333333333,301010.780172414,0,0,0,23,3,65,1,22,4,97,1,23,1787035,1,715.5625,NA,676,"hs",930.25,"hs","more"
1787031,"white",0.5,1,1,26.75,25,34.5,4,2,1.5,16,12,11.5,0,15805.1,301010.780172414,1,0,0,23,0,0,1,9,4,97,1,23,1787031,1,715.5625,NA,625,"hs",1190.25,"college","more"
1787033,"white",0.5,1,1,26.75,25,33,2,2,1.5,12,12,11.5,198395.55,15805.1,301010.780172414,0,0,0,23,3,61,1,9,4,97,1,23,1787033,1,715.5625,NA,625,"hs",1089,"hs","more"
1787036,"white",0.5,1,0,26.75,25,29.5,4,2,1.5,16,12,11.5,167252.15,15805.1,301010.780172414,0,0,0,23,3,52,1,9,4,97,1,23,1787036,1,715.5625,NA,625,"hs",870.25,"college","more"
1795030,"white",0.5,1,1,35.5,31.5,37,4,5,1.5,16,16.8333333333333,10,103574.25,63501.1833333333,37624.596091954,0,0,0,17,2,32,2,35,1,19,1,17,1795030,1,1260.25,NA,992.25,"higher",1369,"college","more"
1795032,"white",0.5,0,0,35.5,26.2,32,5,2,1.5,17,12,10,96608.415,23879.9,37624.596091954,0,0,0,17,2,29,1,15,1,19,1,17,1795032,1,1260.25,NA,686.44,"hs",1024,"higher","more"
1798030,"white",0.5,1,1,38.5,35.5,43.5,2,2,1,12,12,7.5,2500,16173.79,0,1,0,0,7,1,1,1,10,0,0,1,7,1798030,1,1482.25,"less_hs",1260.25,"hs",1892.25,"hs","less"
1798036,"white",0.5,1,0,38.5,25,34,2,2,1,12,12,7.5,82983.315,59269.11,0,0,0,0,7,1,24,2,33,0,0,1,7,1798036,1,1482.25,"less_hs",625,"hs",1156,"hs","less"
1802030,"white",0.5,1,0,35.5,26.5,35.5,2,2,1,12,12,9,20714.85,12347.7325,49579.4959195402,0,0,0,23,1,4,1,6,1,25,1,23,1802030,1,1260.25,"less_hs",702.25,"hs",1260.25,"hs","less"
1802031,"white",0.5,1,0,35.5,26.5,34,4,2,1,16,12,9,64608.02,12347.7325,49579.4959195402,1,0,0,23,1,16,1,6,1,25,1,23,1802031,1,1260.25,"less_hs",702.25,"hs",1156,"college","less"
1802032,"white",0.5,1,1,35.5,26.5,32.5,3,2,1,14,12,9,0,12347.7325,49579.4959195402,0,0,0,23,0,0,1,6,1,25,1,23,1802032,1,1260.25,"less_hs",702.25,"hs",1056.25,"some_college","less"
1802033,"white",0.5,1,1,35.5,26.5,29,3,2,1,14,12,9,0,12347.7325,49579.4959195402,0,0,0,23,0,0,1,6,1,25,1,23,1802033,1,1260.25,"less_hs",702.25,"hs",841,"some_college","less"
1803030,"black",0.666666666666667,0,1,26.6666666666667,26,31.5,3,2,-Inf,13.5,12,12,0,0,0,0,0,0,23,0,0,0,0,0,0,1,23,1803030,0,711.111111111111,NA,676,"hs",992.25,"some_college","more"
1805030,"white",0.5,0,1,45.75,36.5,37,4,2,1,16,12,7,5291211.5,0,82288.8236206897,0,0,0,32,4,99,0,0,2,42,1,32,1805030,1,2093.0625,"less_hs",1332.25,"hs",1369,"college","less"
1805031,"white",0.5,0,1,45.75,36.5,35,3,2,1,13,12,7,225000,0,82288.8236206897,0,0,0,32,3,67,0,0,2,42,1,32,1805031,1,2093.0625,"less_hs",1332.25,"hs",1225,"some_college","less"
1805032,"white",0.5,1,1,45.75,36.3333333333333,32,5,3,1,17,13,7,246521.05,60921.62,82288.8236206897,0,0,0,32,3,71,2,34,2,42,1,32,1805032,1,2093.0625,"less_hs",1320.11111111111,"some_college",1024,"higher","less"
1805033,"white",0.5,1,0,45.75,36.3333333333333,31,3,3,1,15,13,7,0,60921.62,82288.8236206897,0,0,0,32,0,0,2,34,2,42,1,32,1805033,1,2093.0625,"less_hs",1320.11111111111,"some_college",961,"some_college","less"
1805034,"white",0.5,1,0,45.75,36.3333333333333,29,5,3,1,17,13,7,122144.55,60921.62,82288.8236206897,0,0,0,32,2,37,2,34,2,42,1,32,1805034,1,2093.0625,"less_hs",1320.11111111111,"some_college",841,"higher","less"
1807031,"white",0.5,0,1,42,34.8333333333333,38,3,3,2,14,15,12,96429.7,119135.25,131959.451149425,0,0,0,24,2,29,3,63,3,69,1,24,1807031,1,1764,"hs",1213.36111111111,"some_college",1444,"some_college","less"
1807033,"white",0.5,0,0,42,34.8333333333333,35,5,3,2,17,15,12,200627.45,119135.25,131959.451149425,0,0,0,24,3,62,3,63,3,69,1,24,1807033,1,1764,"hs",1213.36111111111,"some_college",1225,"higher","less"
1807036,"white",0.5,0,0,42,34.8333333333333,29,5,3,2,16.5,15,12,146000,119135.25,131959.451149425,0,0,0,24,2,46,3,63,3,69,1,24,1807036,1,1764,"hs",1213.36111111111,"some_college",841,"higher","less"
1807030,"white",0.5,1,0,42,31,41,5,3,2,16.5,13,12,0,142914.75,131959.451149425,0,0,0,24,0,0,3,71,3,69,1,24,1807030,1,1764,"hs",961,"some_college",1681,"higher","less"
1807032,"white",0.5,1,0,42,31,37,4,3,2,16,13,12,117144.55,142914.75,131959.451149425,0,0,0,24,2,36,3,71,3,69,1,24,1807032,1,1764,"hs",961,"some_college",1369,"college","less"
1807034,"white",0.5,1,1,42,31,36,4,3,2,16,13,12,315000,142914.75,131959.451149425,0,0,0,24,4,82,3,71,3,69,1,24,1807034,1,1764,"hs",961,"some_college",1296,"college","less"
1807035,"white",0.5,1,1,42,31,31,2,3,2,12,13,12,0,142914.75,131959.451149425,1,0,0,24,0,0,3,71,3,69,1,24,1807035,1,1764,"hs",961,"some_college",961,"hs","less"
1810033,"white",0,0,0,35.5,34.5,42,2,1,1,12,10.8333333333333,8,431005.95,91597.35,0,0,0,0,17,4,90,3,51,0,0,1,17,1810033,1,1260.25,"less_hs",1190.25,"less_hs",1764,"hs","less"
1810039,"white",0,0,0,35.5,34.5,34,5,1,1,17,10.8333333333333,8,0,91597.35,0,0,0,0,17,0,0,3,51,0,0,1,17,1810039,1,1260.25,"less_hs",1190.25,"less_hs",1156,"higher","less"
1810043,"white",0,0,0,35.5,34.5,30,5,1,1,16.5,10.8333333333333,8,0,91597.35,0,0,0,0,17,0,0,3,51,0,0,1,17,1810043,1,1260.25,"less_hs",1190.25,"less_hs",900,"higher","less"
1810031,"white",0,0,0,35.5,32.6666666666667,44,-Inf,1,1,0,9,8,399000,0,0,1,0,0,17,4,89,0,0,0,0,1,17,1810031,1,1260.25,"less_hs",1067.11111111111,"less_hs",1936,NA,"less"
1817032,"white",0.5,0,0,50,30.1666666666667,38.5,4,3,2.5,16,13.6666666666667,13.5,244110.4,215974.883333333,119913.424712643,0,0,0,23,3,71,4,87,3,63,1,23,1817032,1,2500,NA,910.027777777778,"some_college",1482.25,"college","more"
1821030,"white",0.5,0,0,33.5,26.6,39,5,3,2.5,17,14,13,356254.95,103566.132,0,0,0,0,22,4,86,3,56,0,0,1,22,1821030,1,1122.25,NA,707.56,"some_college",1521,"higher","more"
1822006,"black",0.5,0,0,60,44.5,51,1,2,1,11,12,7,0,11586.475,43542.102183908,1,0,0,22,0,0,1,5,1,21,1,22,1822006,0,3600,"less_hs",1980.25,"hs",2601,"less_hs","less"
1823031,"black",0.5,1,0,46.5,41.5,39,4,1,1,16,6.83333333333333,6,0,48326.2533333333,30949.421091954,1,0,0,22,0,0,2,28,1,14,1,22,1823031,0,2162.25,"less_hs",1722.25,"less_hs",1521,"college","less"
1823032,"black",0.5,1,1,46.5,41.5,33,2,1,1,12,6.83333333333333,6,10178710.5,48326.2533333333,30949.421091954,1,0,0,22,4,100,2,28,1,14,1,22,1823032,0,2162.25,"less_hs",1722.25,"less_hs",1089,"hs","less"
1823033,"black",0.5,1,0,46.5,41.5,31,2,1,1,12,6.83333333333333,6,10178710.5,48326.2533333333,30949.421091954,1,0,0,22,4,100,2,28,1,14,1,22,1823033,0,2162.25,"less_hs",1722.25,"less_hs",961,"hs","less"
1823034,"black",0.5,0,0,46.5,30.3333333333333,28,5,3,1,17,13.2,6,66072.275,73074.1333333333,30949.421091954,1,0,0,22,1,17,2,41,1,14,1,22,1823034,0,2162.25,"less_hs",920.111111111111,"some_college",784,"higher","less"
1831033,"white",0,1,0,29.5,30.5,36,4,4,1,16,15.5,10,0,222887.733333333,22878.7859195402,0,0,0,23,0,0,4,87,1,8,1,23,1831033,1,870.25,"less_hs",930.25,"college",1296,"college","less"
1837031,"white",0.5,0,0,40,34.5,35,2,5,4.5,12,16.1666666666667,16.5,480000,294044.233333333,205722.046551724,0,0,0,26,4,92,4,92,4,89,1,26,1837031,1,1600,NA,1190.25,"higher",1225,"hs","more"
1837033,"white",0.5,0,1,40,34.5,32,5,5,4.5,17,16.1666666666667,16.5,0,294044.233333333,205722.046551724,0,0,0,26,0,0,4,92,4,89,1,26,1837033,1,1600,NA,1190.25,"higher",1024,"higher","more"
1837030,"white",0.5,0,1,40,32.5,39,5,3,4.5,17,13.8333333333333,16.5,162144.55,255764.266666667,205722.046551724,0,0,0,26,2,50,4,90,4,89,1,26,1837030,1,1600,NA,1056.25,"some_college",1521,"higher","more"
1837034,"white",0.5,1,0,40,26.5,31,3,2,4.5,13,12,16.5,0,57585.5675,205722.046551724,0,0,0,26,0,0,2,32,4,89,1,26,1837034,1,1600,NA,702.25,"hs",961,"some_college","more"
1841031,"white",0.5,1,0,41,34.3333333333333,39,3,3,1,14,12.1666666666667,11,229021.05,232142.216666667,116575.824712644,0,0,0,27,3,69,4,88,3,62,1,27,1841031,1,1681,"less_hs",1178.77777777778,"some_college",1521,"some_college","less"
1841033,"white",0.5,1,1,41,34.3333333333333,36,4,3,1,16,12.1666666666667,11,455274,232142.216666667,116575.824712644,1,0,0,27,4,91,4,88,3,62,1,27,1841033,1,1681,"less_hs",1178.77777777778,"some_college",1296,"college","less"
1841035,"white",0.5,1,1,41,34.3333333333333,30.5,5,3,1,17,12.1666666666667,11,0,232142.216666667,116575.824712644,0,0,0,27,0,0,4,88,3,62,1,27,1841035,1,1681,"less_hs",1178.77777777778,"some_college",930.25,"higher","less"
1841032,"white",0.5,0,0,41,36.6666666666667,37,5,4,1,17,16,11,458042.05,303924.866666667,116575.824712644,0,0,0,27,4,92,4,93,3,62,1,27,1841032,1,1681,"less_hs",1344.44444444444,"college",1369,"higher","less"
1845030,"white",0.5,0,1,40.5,27,29.5,4,3,2.5,16,14,12.5,268074.65,139432.68,104620.954885057,0,0,0,27,3,75,3,70,3,58,1,27,1845030,1,1640.25,NA,729,"some_college",870.25,"college","more"
1850030,"white",0.5,0,1,35.5,31.5,39,5,2,1.5,17,12,11.5,0,92521.65,116242.074712644,0,0,0,27,0,0,3,51,3,61,1,27,1850030,1,1260.25,NA,992.25,"hs",1521,"higher","more"
1850031,"white",0.5,0,1,35.5,31.5,36,3,2,1.5,14,12,11.5,0,92521.65,116242.074712644,0,0,0,27,0,0,3,51,3,61,1,27,1850031,1,1260.25,NA,992.25,"hs",1296,"some_college","more"
1850032,"white",0.5,1,0,35.5,30.5,32,4,2,1.5,16,12,11.5,209555.2,95351.315,116242.074712644,1,0,0,27,3,65,3,53,3,61,1,27,1850032,1,1260.25,NA,930.25,"hs",1024,"college","more"
1850033,"white",0.5,1,1,35.5,30.5,30,5,2,1.5,16.5,12,11.5,0,95351.315,116242.074712644,0,0,0,27,0,0,3,53,3,61,1,27,1850033,1,1260.25,NA,930.25,"hs",900,"higher","more"
1850034,"white",0.5,1,0,35.5,30.5,28,4,2,1.5,16,12,11.5,124823.25,95351.315,116242.074712644,0,0,0,27,2,39,3,53,3,61,1,27,1850034,1,1260.25,NA,930.25,"hs",784,"college","more"
1859030,"white",0.5,1,1,48.5,36.5,32,5,5,2,17,16.8333333333333,12,0,480806.75,146796.337931035,0,0,0,27,0,0,4,98,3,75,1,27,1859030,1,2352.25,"hs",1332.25,"higher",1024,"higher","less"
1859031,"white",0.5,1,1,48.5,30.6666666666667,31.5,5,5,2,17,17,12,0,84222.0333333333,146796.337931035,0,0,0,27,0,0,2,46,3,75,1,27,1859031,1,2352.25,"hs",940.444444444445,"higher",992.25,"higher","less"
1859033,"white",0.5,1,0,48.5,30.6666666666667,28,4,5,2,16,17,12,0,84222.0333333333,146796.337931035,0,0,0,27,0,0,2,46,3,75,1,27,1859033,1,2352.25,"hs",940.444444444445,"higher",784,"college","less"
1866031,"white",0.5,1,1,44,34.8333333333333,34,4,5,4.5,16,17,16.5,608042.05,264169.616666667,118062.411494253,0,0,0,24,4,95,4,91,3,62,1,24,1866031,1,1936,NA,1213.36111111111,"higher",1156,"college","more"
1866033,"white",0.5,1,0,44,34.8333333333333,30,4,5,4.5,16,17,16.5,0,264169.616666667,118062.411494253,0,0,0,24,0,0,4,91,3,62,1,24,1866033,1,1936,NA,1213.36111111111,"higher",900,"college","more"
1866030,"white",0.5,1,1,44,31.5,34,5,4,4.5,17,16,16.5,0,14736.465,118062.411494253,0,0,0,24,0,0,1,8,3,62,1,24,1866030,1,1936,NA,992.25,"college",1156,"higher","more"
1867033,"white",0.5,0,0,46.5,37.5,29,5,5,2.5,17,16.8333333333333,12.5,0,360154.166666667,160875.590804597,0,0,0,24,0,0,4,95,4,79,1,24,1867033,1,2162.25,NA,1406.25,"higher",841,"higher","more"
1867030,"white",0.5,1,1,46.5,31.5,36,4,5,2.5,16,16.8333333333333,12.5,0,90025.8,160875.590804597,0,0,0,24,0,0,2,50,4,79,1,24,1867030,1,2162.25,NA,992.25,"higher",1296,"college","more"
1880033,"white",0.5,0,1,36,35,36.5,3,2,1,13,12,8.5,0,57864.6283333333,87295.2036206897,0,0,0,23,0,0,2,32,2,44,1,23,1880033,1,1296,"less_hs",1225,"hs",1332.25,"some_college","less"
1880034,"white",0.5,0,0,36,35,35,3,2,1,14,12,8.5,0,57864.6283333333,87295.2036206897,0,0,0,23,0,0,2,32,2,44,1,23,1880034,1,1296,"less_hs",1225,"hs",1225,"some_college","less"
1887031,"white",0.5,1,1,42.5,34.5,39,2,2,2.5,12,12,13,178216.85,50237.1166666667,121673.331321839,0,0,0,27,3,56,2,28,3,64,1,27,1887031,1,1806.25,NA,1190.25,"hs",1521,"hs","more"
1887034,"white",0.5,1,0,42.5,34.5,36.5,3,2,2.5,14.5,12,13,0,50237.1166666667,121673.331321839,0,0,0,27,0,0,2,28,3,64,1,27,1887034,1,1806.25,NA,1190.25,"hs",1332.25,"some_college","more"
1887033,"white",0.5,1,1,42.5,30.6666666666667,36,3,2,2.5,14,12,13,0,49076.785,121673.331321839,0,0,0,27,0,0,2,28,3,64,1,27,1887033,1,1806.25,NA,940.444444444445,"hs",1296,"some_college","more"
1887032,"white",0.5,0,1,42.5,27.5,39,2,2,2.5,12,12,13,216252.95,97824.4,121673.331321839,0,0,0,27,3,66,3,54,3,64,1,27,1887032,1,1806.25,NA,756.25,"hs",1521,"hs","more"
1887035,"white",0.5,0,0,42.5,27.5,35,2,2,2.5,12,12,13,5308712,97824.4,121673.331321839,0,0,0,27,4,100,3,54,3,64,1,27,1887035,1,1806.25,NA,756.25,"hs",1225,"hs","more"
1887037,"white",0.5,0,0,42.5,27.5,31,3,2,2.5,13,12,13,98251.4,97824.4,121673.331321839,0,0,0,27,2,30,3,54,3,64,1,27,1887037,1,1806.25,NA,756.25,"hs",961,"some_college","more"
1892030,"white",0.5,0,0,43.5,36,47,3,3,1,13,13.1666666666667,7,105412.2,0,75249.1971839081,0,0,0,22,2,33,0,0,2,40,1,22,1892030,1,1892.25,"less_hs",1296,"some_college",2209,"some_college","less"
1892032,"white",0.5,0,0,43.5,36,44,3,3,1,14,13.1666666666667,7,0,0,75249.1971839081,0,0,0,22,0,0,0,0,2,40,1,22,1892032,1,1892.25,"less_hs",1296,"some_college",1936,"some_college","less"
1892033,"white",0.5,0,1,43.5,30.5,40,-Inf,2,1,0,12,7,0,79930.0166666667,75249.1971839081,0,0,0,22,0,0,2,45,2,40,1,22,1892033,1,1892.25,"less_hs",930.25,"hs",1600,NA,"less"
1892034,"white",0.5,0,0,43.5,30.5,34,3,2,1,15,12,7,0,79930.0166666667,75249.1971839081,1,0,0,22,0,0,2,45,2,40,1,22,1892034,1,1892.25,"less_hs",930.25,"hs",1156,"some_college","less"
1892035,"white",0.5,0,1,43.5,30.5,32,2,2,1,12,12,7,155002,79930.0166666667,75249.1971839081,1,0,0,22,2,49,2,45,2,40,1,22,1892035,1,1892.25,"less_hs",930.25,"hs",1024,"hs","less"
1893033,"white",0.5,1,1,38,30.5,33,1,2,2,10,12,12.5,0,0,40051.065,0,0,0,25,0,0,0,0,1,20,1,25,1893033,1,1444,"hs",930.25,"hs",1089,"less_hs","less"
1893034,"white",0.5,1,1,38,30.5,29,2,2,2,12,12,12.5,62144.55,0,40051.065,0,0,0,25,1,15,0,0,1,20,1,25,1893034,1,1444,"hs",930.25,"hs",841,"hs","less"
1893035,"white",0.5,1,0,38,30.5,27,2,2,2,12,12,12.5,56072.275,0,40051.065,0,0,0,25,1,14,0,0,1,20,1,25,1893035,1,1444,"hs",930.25,"hs",729,"hs","less"
1893030,"white",0.5,1,0,38,27,35.5,4,3,2,16,13,12.5,105197.77,74817.768,40051.065,0,0,0,25,2,33,2,42,1,20,1,25,1893030,1,1444,"hs",729,"some_college",1260.25,"college","less"
1893031,"white",0.5,1,1,38,27,34,2,3,2,12,13,12.5,152680.7,74817.768,40051.065,0,0,0,25,2,47,2,42,1,20,1,25,1893031,1,1444,"hs",729,"some_college",1156,"hs","less"
1894030,"white",0.5,0,1,43,35.5,43,5,3,1,17,13.6666666666667,8.5,258935.6,154963.1,85261.9821839081,0,0,0,25,3,74,3,75,2,44,1,25,1894030,1,1849,"less_hs",1260.25,"some_college",1849,"higher","less"
1897030,"white",0.5,0,1,49.5,32.1666666666667,27,5,5,-Inf,17,16.1666666666667,4,83500,44387,97763.5316666665,0,0,0,22,1,24,2,26,3,52,1,22,1897030,1,2450.25,NA,1034.69444444444,"higher",729,"higher","more"
1905031,"white",0.5,1,0,34.5,25.5,28,5,4,3.5,16.5,16,14.5,42500,75871.23,246092.180316092,0,0,0,23,1,10,2,44,4,93,1,23,1905031,1,1190.25,NA,650.25,"college",784,"higher","more"
1908031,"white",0.5,0,0,31,27.4,33,4,3,2,16,13,12,385897.5,349625.14,22423.2228735632,1,0,0,25,4,88,4,94,1,8,1,25,1908031,1,961,"hs",750.76,"some_college",1089,"college","less"
1908032,"white",0.5,0,0,31,27.4,30.5,3,3,2,14,13,12,179823.25,349625.14,22423.2228735632,0,0,0,25,3,56,4,94,1,8,1,25,1908032,1,961,"hs",750.76,"some_college",930.25,"some_college","less"
1911030,"white",0.5,1,0,34,34.3333333333333,43,4,3,1,16,14.8333333333333,10.5,260000,115506.445,25760.8128735632,0,0,0,25,3,74,3,61,1,9,1,25,1911030,1,1156,"less_hs",1178.77777777778,"some_college",1849,"college","less"
1911031,"white",0.5,1,1,34,34.3333333333333,39,2,3,1,12,14.8333333333333,10.5,195806.2,115506.445,25760.8128735632,0,0,0,25,3,60,3,61,1,9,1,25,1911031,1,1156,"less_hs",1178.77777777778,"some_college",1521,"hs","less"
1911032,"white",0.5,1,1,34,34.3333333333333,34.5,2,3,1,12,14.8333333333333,10.5,0,115506.445,25760.8128735632,0,0,0,25,0,0,3,61,1,9,1,25,1911032,1,1156,"less_hs",1178.77777777778,"some_college",1190.25,"hs","less"
1914032,"white",0.5,0,0,30.5,26.5,30,3,2,2,14,12,12,111340.345,100123.5625,136783.587931035,0,0,0,24,2,34,3,55,3,71,1,24,1914032,1,930.25,"hs",702.25,"hs",900,"some_college","less"
1915030,"black",0.5,1,0,52,28.5,27,3,3,-Inf,14,14.8333333333333,5.5,0,0,0,0,0,0,4,0,0,0,0,0,0,1,4,1915030,0,2704,NA,812.25,"some_college",729,"some_college","more"
1917031,"white",0.5,1,0,44,35.6666666666667,31,4,3,1,16,15,11,0,116730.75,119913.424712643,0,0,0,26,0,0,3,62,3,63,1,26,1917031,1,1936,"less_hs",1272.11111111111,"some_college",961,"college","less"
1917033,"white",0.5,1,0,44,35.6666666666667,28.5,1,3,1,11,15,11,0,116730.75,119913.424712643,0,0,0,26,0,0,3,62,3,63,1,26,1917033,1,1936,"less_hs",1272.11111111111,"some_college",812.25,"less_hs","less"
1917030,"white",0.5,0,0,44,28.5,31,4,4,1,16,16,11,250,0,119913.424712643,1,0,0,26,1,0,0,0,3,63,1,26,1917030,1,1936,"less_hs",812.25,"college",961,"college","less"
1917032,"white",0.5,0,1,44,27.6666666666667,29,4,3,1,16,14,11,1e+05,90981.95,119913.424712643,0,0,0,26,2,30,2,50,3,63,1,26,1917032,1,1936,"less_hs",765.444444444444,"some_college",841,"college","less"
1918031,"white",0.5,0,0,35.5,30.6666666666667,34,3,2,2,13,12,12,155361.4,177547.85,155960.347413793,1,0,0,26,2,49,4,81,4,78,1,26,1918031,1,1260.25,"hs",940.444444444445,"hs",1156,"some_college","less"
1918032,"white",0.5,0,1,35.5,28.5,33,4,2,2,16,12,12,155091.35,170583.4,155960.347413793,0,0,0,26,2,49,4,79,4,78,1,26,1918032,1,1260.25,"hs",812.25,"hs",1089,"college","less"
1919033,"white",0.5,1,1,42,30.5,33,4,2,3.5,16,12,15,152680.7,148592.543333333,99432.3266666665,0,0,0,27,2,47,3,73,3,53,1,27,1919033,1,1764,NA,930.25,"hs",1089,"college","more"
1919035,"white",0.5,1,0,42,30.5,32,3,2,3.5,14,12,15,0,148592.543333333,99432.3266666665,0,0,0,27,0,0,3,73,3,53,1,27,1919035,1,1764,NA,930.25,"hs",1024,"some_college","more"
1919037,"white",0.5,1,0,42,30.5,30,5,2,3.5,17,12,15,77500,148592.543333333,99432.3266666665,0,0,0,27,1,21,3,73,3,53,1,27,1919037,1,1764,NA,930.25,"hs",900,"higher","more"
1919038,"white",0.5,1,0,42,30.5,28,3,2,3.5,14,12,15,134912.6,148592.543333333,99432.3266666665,0,0,0,27,2,42,3,73,3,53,1,27,1919038,1,1764,NA,930.25,"hs",784,"some_college","more"
1919036,"white",0.5,1,1,42,27,32,4,3,3.5,15.5,13,15,247521.05,43501.302,99432.3266666665,0,0,0,27,3,72,1,25,3,53,1,27,1919036,1,1764,NA,729,"some_college",1024,"college","more"
1919032,"white",0.5,0,1,42,33.6666666666667,36,5,2,3.5,17,12,15,0,186699.933333333,99432.3266666665,0,0,0,27,0,0,4,83,3,53,1,27,1919032,1,1764,NA,1133.44444444444,"hs",1296,"higher","more"
1919034,"white",0.5,0,0,42,33.6666666666667,33,5,2,3.5,17,12,15,0,186699.933333333,99432.3266666665,0,0,0,27,0,0,4,83,3,53,1,27,1919034,1,1764,NA,1133.44444444444,"hs",1089,"higher","more"
1920030,"white",0.5,0,1,41,27.5,32,4,3,2,16,14,12,238220.8,193190.735,99341.2350574712,0,0,0,27,3,70,4,84,3,52,1,27,1920030,1,1681,"hs",756.25,"some_college",1024,"college","less"
1920031,"white",0.5,0,1,41,27.5,30,4,3,2,16,14,12,270550.4,193190.735,99341.2350574712,0,0,0,27,4,76,4,84,3,52,1,27,1920031,1,1681,"hs",756.25,"some_college",900,"college","less"
1920032,"white",0.5,0,1,41,27.5,27,5,3,2,17,14,12,0,193190.735,99341.2350574712,0,0,0,27,0,0,4,84,3,52,1,27,1920032,1,1681,"hs",756.25,"some_college",729,"higher","less"
1926030,"white",0.5,0,0,28.5,26,27.5,3,4,2,7,16,12,194201.7,134397.666666667,0,0,0,0,32,3,60,3,68,0,0,1,32,1926030,1,812.25,"hs",676,"college",756.25,"some_college","less"
1930030,"white",0,1,1,52.5,42.5,41,4,5,2,16,16.1666666666667,12,290007.9,209451.783333333,102861.048275862,0,0,0,24,4,78,4,86,3,56,1,24,1930030,1,2756.25,"hs",1806.25,"higher",1681,"college","less"
1930032,"white",0,1,1,52.5,42.5,38,5,5,2,17,16.1666666666667,12,0,209451.783333333,102861.048275862,1,0,0,24,0,0,4,86,3,56,1,24,1930032,1,2756.25,"hs",1806.25,"higher",1444,"higher","less"
1932031,"white",0.5,0,0,40,28.25,40.5,2,1,1.5,12,9.25,11,279646.55,16504.84,171435.03045977,0,0,0,24,4,77,1,10,4,82,1,24,1932031,1,1600,NA,798.0625,"less_hs",1640.25,"hs","more"
1932033,"white",0.5,1,0,40,28.5,35.5,2,2,1.5,12,11.1666666666667,11,195806.2,111237.85,171435.03045977,0,0,0,24,3,60,3,60,4,82,1,24,1932033,1,1600,NA,812.25,"hs",1260.25,"hs","more"
1954030,"black",0.5,1,1,28.5,26,29,2,2,1,12,12,10.5,0,0,0,0,0,0,11,0,0,0,0,0,0,1,11,1954030,0,812.25,"less_hs",676,"hs",841,"hs","less"
1959030,"white",0.5,1,0,38.5,32.5,31,5,4,4.5,17,16,16.5,196791.1,189797.316666667,63414.2,0,0,0,23,3,61,4,83,2,34,1,23,1959030,1,1482.25,NA,1056.25,"college",961,"higher","more"
1959031,"white",0.5,1,1,38.5,32.5,29,4,4,4.5,16,16,16.5,67500,189797.316666667,63414.2,0,0,0,23,1,17,4,83,2,34,1,23,1959031,1,1482.25,NA,1056.25,"college",841,"college","more"
1960030,"white",0.5,0,0,40,34.5,35,4,5,3.5,16,16.8333333333333,15,432148.5,167151.55,188305.193678161,0,0,0,23,4,91,4,79,4,85,1,23,1960030,1,1600,NA,1190.25,"higher",1225,"college","more"
1960031,"white",0.5,0,1,40,34.5,32,2,5,3.5,12,16.8333333333333,15,0,167151.55,188305.193678161,0,0,0,23,0,0,4,79,4,85,1,23,1960031,1,1600,NA,1190.25,"higher",1024,"hs","more"
1962030,"white",0.5,1,0,40,31.5,30,2,3,3.5,12,14,14.5,0,125948.395,88963.9986206896,0,0,0,23,0,0,3,66,2,46,1,23,1962030,1,1600,NA,992.25,"some_college",900,"hs","more"
1967031,"white",0.5,0,1,51.25,34.5,34,4,2,2,15.5,12,12,170359.4,253109.833333333,109284.464224138,0,0,0,25,3,53,4,90,3,59,1,25,1967031,1,2626.5625,"hs",1190.25,"hs",1156,"college","less"
1971033,"white",0.5,1,0,37.5,27.3333333333333,30,3,3,2,14,12.1666666666667,12,0,0,149011.827586207,0,0,0,24,0,0,0,0,4,76,1,24,1971033,1,1406.25,"hs",747.111111111111,"some_college",900,"some_college","less"
1975030,"white",0.5,0,1,45,27.2,32,5,5,3.5,17,17,14.5,372380.05,65497.96,137148.014367816,0,0,0,23,4,87,2,36,3,71,1,23,1975030,1,2025,NA,739.84,"higher",1024,"higher","more"
1975031,"white",0.5,0,0,45,27.2,30,4,5,3.5,16,17,14.5,0,65497.96,137148.014367816,0,0,0,23,0,0,2,36,3,71,1,23,1975031,1,2025,NA,739.84,"higher",900,"college","more"
1975032,"white",0.5,0,0,45,27.2,28,5,5,3.5,17,17,14.5,146965.85,65497.96,137148.014367816,0,0,0,23,2,46,2,36,3,71,1,23,1975032,1,2025,NA,739.84,"higher",784,"higher","more"
1981030,"black",0.5,0,1,34.5,27.5,36,4,4,1.5,16,14.3333333333333,9.5,0,44792.1483333333,55526.7307471265,0,0,0,3,0,0,2,26,2,30,1,3,1981030,0,1190.25,NA,756.25,"college",1296,"college","more"
1988031,"white",0.5,1,0,51.5,36.5,37.5,3,3,2,15,14.8333333333333,12,198395.55,161217.866666667,157355.777586207,0,0,0,25,3,61,4,77,4,78,1,25,1988031,1,2652.25,"hs",1332.25,"some_college",1406.25,"some_college","less"
1994032,"black",0.5,0,1,37,28.5,38,3,3,1.5,14,13.6666666666667,11,0,96743.8683333333,92848.263275862,0,0,0,18,0,0,3,54,2,48,1,18,1994032,0,1369,NA,812.25,"some_college",1444,"some_college","more"
1994035,"black",0.5,0,0,37,28.5,33,3,3,1.5,14,13.6666666666667,11,2500,96743.8683333333,92848.263275862,0,0,0,18,1,1,3,54,2,48,1,18,1994035,0,1369,NA,812.25,"some_college",1089,"some_college","more"
2000030,"white",0.5,0,0,51.5,34.5,38,5,2,1.5,17,12,10,231521.05,105699.521666667,0,0,0,0,23,3,69,3,58,0,0,1,23,2000030,1,2652.25,NA,1190.25,"hs",1444,"higher","more"
2004032,"white",0.5,1,1,39.5,35.5,39,3,2,2,13,12,12,264467.8,191934.183333333,126770.837931035,0,0,0,24,3,75,4,84,3,67,1,24,2004032,1,1560.25,"hs",1260.25,"hs",1521,"some_college","less"
2004033,"white",0.5,1,0,39.5,35.5,35,2,2,2,12,12,12,497156.4,191934.183333333,126770.837931035,0,0,0,24,4,93,4,84,3,67,1,24,2004033,1,1560.25,"hs",1260.25,"hs",1225,"hs","less"
2004030,"white",0.5,1,0,39.5,32.5,43,2,2,2,12,12,12,319718.4,94076.3566666667,126770.837931035,0,0,0,24,4,82,3,52,3,67,1,24,2004030,1,1560.25,"hs",1056.25,"hs",1849,"hs","less"
2016030,"white",0.5,0,0,37,33.5,36,5,4,2,17,15.8333333333333,12,66161.63,57207.4666666667,111113.891666666,0,0,0,23,1,17,2,32,3,60,1,23,2016030,1,1369,"hs",1122.25,"college",1296,"higher","less"
2016031,"white",0.5,0,0,37,33.5,30,2,4,2,12,15.8333333333333,12,45000,57207.4666666667,111113.891666666,0,0,0,23,1,10,2,32,3,60,1,23,2016031,1,1369,"hs",1122.25,"college",900,"hs","less"
2016032,"white",0.5,0,1,37,25.5,27.5,2,2,2,12,12,12,55000,85868.405,111113.891666666,0,0,0,23,1,13,2,48,3,60,1,23,2016032,1,1369,"hs",650.25,"hs",756.25,"hs","less"
2019031,"white",0.5,0,0,32,26.8,30.5,3,2,2.5,15,12,12.5,0,170200.064,116758.037931035,0,0,0,27,0,0,4,79,3,62,1,27,2019031,1,1024,NA,718.24,"hs",930.25,"some_college","more"
2022030,"white",0.5,1,0,49.5,32.5,30,5,4,2.5,17,16,13.5,177000,139562.116666667,219169.128735632,0,0,0,27,3,55,3,70,4,91,1,27,2022030,1,2450.25,NA,1056.25,"college",900,"higher","more"
2022031,"white",0.5,1,0,49.5,32.5,27,4,4,2.5,16,16,13.5,289825.25,139562.116666667,219169.128735632,0,0,0,27,4,78,3,70,4,91,1,27,2022031,1,2450.25,NA,1056.25,"college",729,"college","more"
2030030,"white",0.5,0,0,47,37.5,46,5,4,3.5,17,15.6666666666667,15.5,0,0,171435.03045977,0,0,0,23,0,0,0,0,4,82,1,23,2030030,1,2209,NA,1406.25,"college",2116,"higher","more"
2030031,"white",0.5,0,1,47,37.5,41,5,4,3.5,17,15.6666666666667,15.5,309646.55,0,171435.03045977,0,0,0,23,4,81,0,0,4,82,1,23,2030031,1,2209,NA,1406.25,"college",1681,"higher","more"
2030037,"white",0.5,0,1,47,34.5,31.5,5,4,3.5,17,16,15.5,0,284104.016666667,171435.03045977,0,0,0,23,0,0,4,92,4,82,1,23,2030037,1,2209,NA,1190.25,"college",992.25,"higher","more"
2030035,"white",0.5,0,0,47,32.8333333333333,33.5,4,4,3.5,16,16,15.5,260000,225601.116666667,171435.03045977,0,0,0,23,3,74,4,88,4,82,1,23,2030035,1,2209,NA,1078.02777777778,"college",1122.25,"college","more"
2030039,"white",0.5,0,0,47,32.8333333333333,30,5,4,3.5,17,16,15.5,0,225601.116666667,171435.03045977,0,0,0,23,0,0,4,88,4,82,1,23,2030039,1,2209,NA,1078.02777777778,"college",900,"higher","more"
2030036,"white",0.5,1,1,47,30.8333333333333,32,5,5,3.5,17,16.8333333333333,15.5,412500,241082.366666667,171435.03045977,0,0,0,23,4,90,4,89,4,82,1,23,2030036,1,2209,NA,950.694444444444,"higher",1024,"higher","more"
2030038,"white",0.5,1,0,47,30.8333333333333,30,4,5,3.5,16,16.8333333333333,15.5,225000,241082.366666667,171435.03045977,0,0,0,23,3,67,4,89,4,82,1,23,2030038,1,2209,NA,950.694444444444,"higher",900,"college","more"
2032031,"white",0.5,1,0,30.5,29.5,39,2,2,1,12,12,9,0,4939.09333333333,0,0,0,0,23,0,0,1,2,0,0,1,23,2032031,1,930.25,"less_hs",870.25,"hs",1521,"hs","less"
2032033,"white",0.5,1,0,30.5,29.5,35,5,2,1,17,12,9,202233.9,4939.09333333333,0,0,0,0,23,3,63,1,2,0,0,1,23,2032033,1,930.25,"less_hs",870.25,"hs",1225,"higher","less"
2032036,"white",0.5,1,0,30.5,29.5,32.5,4,2,1,16,12,9,284646.55,4939.09333333333,0,0,0,0,23,4,77,1,2,0,0,1,23,2032036,1,930.25,"less_hs",870.25,"hs",1056.25,"college","less"
2032037,"white",0.5,1,1,30.5,29.5,31,5,2,1,17,12,9,0,4939.09333333333,0,0,0,0,23,0,0,1,2,0,0,1,23,2032037,1,930.25,"less_hs",870.25,"hs",961,"higher","less"
2032032,"white",0.5,1,0,30.5,27.2,35,2,2,1,12,12,9,0,15805.096,0,0,0,0,23,0,0,1,9,0,0,1,23,2032032,1,930.25,"less_hs",739.84,"hs",1225,"hs","less"
2032034,"white",0.5,1,1,30.5,27.2,32,2,2,1,12,12,9,69912.6,15805.096,0,0,0,0,23,1,18,1,9,0,0,1,23,2032034,1,930.25,"less_hs",739.84,"hs",1024,"hs","less"
2047030,"white",0.5,0,0,40.5,31.5,29,3,3,3.5,15,12.3333333333333,14.5,62500,320666.35,212397.246551724,1,0,0,23,1,15,4,93,4,90,1,23,2047030,1,1640.25,NA,992.25,"some_college",841,"some_college","more"
2050031,"white",0.5,1,0,43,32.1666666666667,31.5,5,3,2.5,17,15,13,0,39512.75,109718.411494253,0,0,0,24,0,0,1,24,3,59,1,24,2050031,1,1849,NA,1034.69444444444,"some_college",992.25,"higher","more"
2053030,"white",0.5,1,1,36,33.8333333333333,33,3,4,1.5,14,15.8333333333333,10.5,565007.9,54807.36,96707.5877011494,0,0,0,24,4,94,2,30,2,50,1,24,2053030,1,1296,NA,1144.69444444444,"college",1089,"some_college","more"
2053031,"white",0.5,1,1,36,33.8333333333333,31,2,4,1.5,12,15.8333333333333,10.5,427666.4,54807.36,96707.5877011494,0,0,0,24,4,90,2,30,2,50,1,24,2053031,1,1296,NA,1144.69444444444,"college",961,"hs","more"
2053032,"white",0.5,0,0,36,27,29,5,2,1.5,16.5,12,10.5,0,94555.41,96707.5877011494,0,0,0,24,0,0,3,53,2,50,1,24,2053032,1,1296,NA,729,"hs",841,"higher","more"
2055030,"white",1,0,1,27.5,25,29,2,2,2,12,12,12,188395.55,66266.51,31131.6443103449,0,0,0,23,3,58,2,36,1,14,1,23,2055030,1,756.25,"hs",625,"hs",841,"hs","less"
2055032,"white",1,0,0,27.5,25,27,4,2,2,16,12,12,51787.13,66266.51,31131.6443103449,0,0,0,23,1,13,2,36,1,14,1,23,2055032,1,756.25,"hs",625,"hs",729,"college","less"
2059030,"white",0.5,1,1,48,37.5,40,5,4,2,17,16,12,470095.3,170577.383333333,65054.2039655173,0,0,0,25,4,92,4,79,2,35,1,25,2059030,1,2304,"hs",1406.25,"college",1600,"higher","less"
2060030,"white",0.5,0,1,33,26,27,5,5,3,17,17,14,0,66123.9933333333,97541.9827011494,0,0,0,21,0,0,2,36,2,50,1,21,2060030,1,1089,"some_college",676,"higher",729,"higher","more"
2061008,"black",0,0,1,37.5,36.5,47,3,3,1,15,12.8333333333333,11,0,104739.716666667,0,0,0,0,7,0,0,3,57,0,0,1,7,2061008,0,1406.25,"less_hs",1332.25,"some_college",2209,"some_college","less"
2061172,"black",0,0,0,37.5,36.5,45,5,3,1,17,12.8333333333333,11,295003.95,104739.716666667,0,0,0,0,7,4,79,3,57,0,0,1,7,2061172,0,1406.25,"less_hs",1332.25,"some_college",2025,"higher","less"
2062030,"white",0.5,1,0,39.5,32.5,38,3,3,2,12.5,14,12,97502,176430.75,123433.237931034,1,0,0,24,2,30,4,80,3,65,1,24,2062030,1,1560.25,"hs",1056.25,"some_college",1444,"some_college","less"
2062031,"white",0.5,1,1,39.5,32.5,37,2,3,2,12,14,12,0,176430.75,123433.237931034,1,0,0,24,0,0,4,80,3,65,1,24,2062031,1,1560.25,"hs",1056.25,"some_college",1369,"hs","less"
2062032,"white",0.5,0,0,39.5,27.5,37,2,2,2,12,12,12,0,100954.128333333,123433.237931034,1,0,0,24,0,0,3,55,3,65,1,24,2062032,1,1560.25,"hs",756.25,"hs",1369,"hs","less"
2062033,"white",0.5,0,0,39.5,27.5,35,2,2,2,12,12,12,0,100954.128333333,123433.237931034,0,0,0,24,0,0,3,55,3,65,1,24,2062033,1,1560.25,"hs",756.25,"hs",1225,"hs","less"
2062035,"white",0.5,0,0,39.5,27,31,4,2,2,16,12,12,165448.75,0,123433.237931034,0,0,0,24,3,52,0,0,3,65,1,24,2062035,1,1560.25,"hs",729,"hs",961,"college","less"
2062036,"white",0.5,0,1,39.5,27,29.5,4,2,2,16,12,12,284646.55,0,123433.237931034,0,0,0,24,4,77,0,0,3,65,1,24,2062036,1,1560.25,"hs",729,"hs",870.25,"college","less"
2067030,"white",0.5,1,1,42.5,36.5,43,5,2,1.5,17,12,10,335361.4,99263.7066666667,171435.03045977,0,0,0,32,4,84,3,55,4,82,1,32,2067030,1,1806.25,NA,1332.25,"hs",1849,"higher","more"
2067031,"white",0.5,1,0,42.5,36.5,40,4,2,1.5,16,12,10,310722.8,99263.7066666667,171435.03045977,0,0,0,32,4,82,3,55,4,82,1,32,2067031,1,1806.25,NA,1332.25,"hs",1600,"college","more"
2067034,"white",0.5,1,0,42.5,36.5,39,2,2,1.5,12,12,10,2e+05,99263.7066666667,171435.03045977,0,0,0,32,3,62,3,55,4,82,1,32,2067034,1,1806.25,NA,1332.25,"hs",1521,"hs","more"
2067035,"white",0.5,1,0,42.5,31.5,34.5,2,1,1.5,12,10.1666666666667,10,113500,55782.3166666667,171435.03045977,0,0,0,32,2,35,2,31,4,82,1,32,2067035,1,1806.25,NA,992.25,"less_hs",1190.25,"hs","more"
2067036,"white",0.5,1,0,42.5,27,29,4,4,1.5,16,12.8,10,225000,46229.9,171435.03045977,0,0,0,32,3,67,2,27,4,82,1,32,2067036,1,1806.25,NA,729,"college",841,"college","more"
2073031,"black",0,0,0,30.5,30.5,34,3,3,1,14,12.6666666666667,11,25893.565,23172.955,0,0,0,0,25,1,5,1,14,0,0,1,25,2073031,0,930.25,"less_hs",930.25,"some_college",1156,"some_college","less"
2073033,"black",0,0,1,30.5,30.5,31,5,3,1,17,12.6666666666667,11,4e+05,23172.955,0,0,0,0,25,4,89,1,14,0,0,1,25,2073033,0,930.25,"less_hs",930.25,"some_college",961,"higher","less"
2073032,"black",0,0,0,30.5,29.5,33,3,3,1,13,12.3333333333333,11,0,0,0,0,0,0,25,0,0,0,0,0,0,1,25,2073032,0,930.25,"less_hs",870.25,"some_college",1089,"some_college","less"
2088032,"white",0.5,1,1,30,26.5,27,3,2,2,14,12,12,0,319213.55,136874.69454023,0,0,0,24,0,0,4,93,3,71,1,24,2088032,1,900,"hs",702.25,"hs",729,"some_college","less"
2095030,"white",0.5,1,1,38.75,34.5,38,4,3,2,16,15,12,263467.8,218232.133333333,0,0,0,0,24,3,75,4,87,0,0,1,24,2095030,1,1501.5625,"hs",1190.25,"some_college",1444,"college","less"
2095032,"white",0.5,1,0,38.75,31.5,27,-Inf,3,2,NA,14,12,394648.5,108815.3,0,1,0,0,24,4,88,3,59,0,0,1,24,2095032,1,1501.5625,"hs",992.25,"some_college",729,NA,"less"
2108031,"white",0.5,0,0,31.5,28.5,30,2,2,2.5,12,12,12.5,0,87753.85,212397.246551724,0,0,0,24,0,0,2,49,4,90,1,24,2108031,1,992.25,NA,812.25,"hs",900,"hs","more"
2108032,"white",0.5,0,1,31.5,28.5,27,2,2,2.5,12,12,12.5,0,87753.85,212397.246551724,0,0,0,24,0,0,2,49,4,90,1,24,2108032,1,992.25,NA,812.25,"hs",729,"hs","more"
2109030,"white",0,0,1,35.5,26.5,27,4,5,3,16,17,13,0,193934.2,159297.947413793,0,0,0,24,0,0,4,84,4,79,1,24,2109030,1,1260.25,"some_college",702.25,"higher",729,"college","more"
2119032,"white",0.5,0,1,43,36.3333333333333,42.5,3,2,1.5,15,12,10,0,127841.433333333,145218.69454023,0,0,0,24,0,0,3,66,3,75,1,24,2119032,1,1849,NA,1320.11111111111,"hs",1806.25,"some_college","more"
2119039,"white",0.5,0,1,43,36.3333333333333,32,5,2,1.5,16.5,12,10,143002,127841.433333333,145218.69454023,0,0,0,24,2,45,3,66,3,75,1,24,2119039,1,1849,NA,1320.11111111111,"hs",1024,"higher","more"
2119036,"white",0.5,1,1,43,31.5,35,2,2,1.5,12,12,10,71429.7,133186.416666667,145218.69454023,0,0,0,24,1,19,3,68,3,75,1,24,2119036,1,1849,NA,992.25,"hs",1225,"hs","more"
2119037,"white",0.5,1,1,43,31.5,34,3,2,1.5,15,12,10,60000,133186.416666667,145218.69454023,0,0,0,24,1,14,3,68,3,75,1,24,2119037,1,1849,NA,992.25,"hs",1156,"some_college","more"
2125030,"white",0.5,0,0,40,28.5,29,5,3,4,17,13,16,0,136572.3,135388.107758621,0,0,0,23,0,0,3,68,3,70,1,23,2125030,1,1600,"college",812.25,"some_college",841,"higher","more"
2125031,"white",0.5,0,1,40,26.5,27,5,2,4,17,12,16,0,0,135388.107758621,0,0,0,23,0,0,0,0,3,70,1,23,2125031,1,1600,"college",702.25,"hs",729,"higher","more"
2129033,"white",0.5,1,0,31.5,27.5,27,4,5,1.5,16,16.8333333333333,11,0,77537.1333333333,116393.611494253,0,0,0,23,0,0,2,44,3,61,1,23,2129033,1,992.25,NA,756.25,"higher",729,"college","more"
2129030,"white",0.5,0,1,31.5,26,34,2,2,1.5,12,12,11,329467.8,0,116393.611494253,0,0,0,23,4,83,0,0,3,61,1,23,2129030,1,992.25,NA,676,"hs",1156,"hs","more"
2130030,"white",0.5,0,1,36.75,32.3333333333333,37,4,5,2,16,16.5,12,139000,120404.466666667,136965.801149426,0,0,0,23,2,43,3,64,3,71,1,23,2130030,1,1350.5625,"hs",1045.44444444444,"higher",1369,"college","less"
2137030,"white",0.5,1,1,40.5,35.6666666666667,41,3,2,1,14,12,11,162770.05,103793.445,119913.424712643,0,0,0,25,3,51,3,56,3,63,1,25,2137030,1,1640.25,"less_hs",1272.11111111111,"hs",1681,"some_college","less"
2137031,"white",0.5,1,0,40.5,35.6666666666667,39.5,3,2,1,14,12,11,114644.55,103793.445,119913.424712643,0,0,0,25,2,35,3,56,3,63,1,25,2137031,1,1640.25,"less_hs",1272.11111111111,"hs",1560.25,"some_college","less"
2138032,"white",0.5,1,1,44,34.5,34,4,5,1,16,17,9.5,264467.8,217441.183333333,155140.337931035,0,0,0,25,3,75,4,87,4,77,1,25,2138032,1,1936,"less_hs",1190.25,"higher",1156,"college","less"
2138030,"white",0.5,0,0,44,32.5,44,3,2,1,14,12,9.5,2e+05,0,155140.337931035,0,0,0,25,3,62,0,0,4,77,1,25,2138030,1,1936,"less_hs",1056.25,"hs",1936,"some_college","less"
2138031,"white",0.5,0,0,44,32.5,41,3,2,1,14,12,9.5,139912.6,0,155140.337931035,1,0,0,25,2,43,0,0,4,77,1,25,2138031,1,1936,"less_hs",1056.25,"hs",1681,"some_college","less"
2146030,"white",0.5,1,1,54.5,38.5,42,2,3,1,12,13,8,0,9739.295,248084.491321839,1,0,0,24,0,0,1,4,4,94,1,24,2146030,1,2970.25,"less_hs",1482.25,"some_college",1764,"hs","less"
2146031,"white",0.5,1,0,54.5,38.5,39.5,2,3,1,12,13,8,233931.7,9739.295,248084.491321839,0,0,0,24,3,69,1,4,4,94,1,24,2146031,1,2970.25,"less_hs",1482.25,"some_college",1560.25,"hs","less"
2146032,"white",0.5,1,0,54.5,38.5,36,3,3,1,13,13,8,0,9739.295,248084.491321839,0,0,0,24,0,0,1,4,4,94,1,24,2146032,1,2970.25,"less_hs",1482.25,"some_college",1296,"some_college","less"
2150030,"white",0.5,1,1,34,26,35,2,2,1.5,12,12,10,203931.7,0,79982.2623563219,1,0,0,27,3,64,0,0,2,42,1,27,2150030,1,1156,NA,676,"hs",1225,"hs","more"
2150031,"white",0.5,1,1,34,26,30,2,2,1.5,12,12,10,0,0,79982.2623563219,1,0,0,27,0,0,0,0,2,42,1,27,2150031,1,1156,NA,676,"hs",900,"hs","more"
2151030,"white",0,1,0,46.5,38.6666666666667,43,4,2,1,16,12,10,145180.7,185546.55,0,0,0,0,25,2,46,4,82,0,0,1,25,2151030,1,2162.25,"less_hs",1495.11111111111,"hs",1849,"college","less"
2151031,"white",0,1,1,46.5,38.6666666666667,39,5,2,1,17,12,10,679741.8,185546.55,0,0,0,0,25,4,96,4,82,0,0,1,25,2151031,1,2162.25,"less_hs",1495.11111111111,"hs",1521,"higher","less"
2151034,"white",0,1,1,46.5,38.6666666666667,36,4,2,1,16,12,10,273182.25,185546.55,0,0,0,0,25,4,76,4,82,0,0,1,25,2151034,1,2162.25,"less_hs",1495.11111111111,"hs",1296,"college","less"
2151039,"white",0,0,1,46.5,37.6666666666667,28.5,2,2,1,12,12,10,250000,126179.848333333,0,0,0,0,25,3,72,3,66,0,0,1,25,2151039,1,2162.25,"less_hs",1418.77777777778,"hs",812.25,"hs","less"
2151032,"white",0,0,1,46.5,31.5,38,4,2,1,16,12,10,0,84557.8166666667,0,0,0,0,25,0,0,2,47,0,0,1,25,2151032,1,2162.25,"less_hs",992.25,"hs",1444,"college","less"
2151036,"white",0,0,0,46.5,31.5,33,5,2,1,17,12,10,0,84557.8166666667,0,0,0,0,25,0,0,2,47,0,0,1,25,2151036,1,2162.25,"less_hs",992.25,"hs",1089,"higher","less"
2151037,"white",0,0,0,46.5,31.5,34.5,2,2,1,12,12,10,142680.7,84557.8166666667,0,0,0,0,25,2,45,2,47,0,0,1,25,2151037,1,2162.25,"less_hs",992.25,"hs",1190.25,"hs","less"
2151038,"white",0,0,0,46.5,31.5,31.5,2,2,1,12,12,10,78840.345,84557.8166666667,0,1,0,0,25,1,21,2,47,0,0,1,25,2151038,1,2162.25,"less_hs",992.25,"hs",992.25,"hs","less"
2151172,"white",0,0,1,46.5,29.5,41,4,2,1,16,12,10,375000,26256.99,0,1,0,0,25,4,87,1,16,0,0,1,25,2151172,1,2162.25,"less_hs",870.25,"hs",1681,"college","less"
2151040,"white",0,1,0,46.5,28,28,4,2,1,16,12,10,0,61814.566,0,0,0,0,25,0,0,2,34,0,0,1,25,2151040,1,2162.25,"less_hs",784,"hs",784,"college","less"
2164032,"white",0.5,0,0,44.5,34.5,40,4,3,1.5,16,15,11,228931.7,371589.7,92392.7002298851,0,0,0,24,3,68,4,95,2,48,1,24,2164032,1,1980.25,NA,1190.25,"some_college",1600,"college","more"
2164037,"white",0.5,0,0,44.5,34.5,34,3,3,1.5,14.5,15,11,0,371589.7,92392.7002298851,1,0,0,24,0,0,4,95,2,48,1,24,2164037,1,1980.25,NA,1190.25,"some_college",1156,"some_college","more"
2164038,"white",0.5,0,0,44.5,34.5,32,5,3,1.5,16.5,15,11,0,371589.7,92392.7002298851,0,0,0,24,0,0,4,95,2,48,1,24,2164038,1,1980.25,NA,1190.25,"some_college",1024,"higher","more"
2164039,"white",0.5,0,1,44.5,34.5,28.5,3,3,1.5,15,15,11,97500,371589.7,92392.7002298851,0,0,0,24,2,30,4,95,2,48,1,24,2164039,1,1980.25,NA,1190.25,"some_college",812.25,"some_college","more"
2164030,"white",0.5,0,0,44.5,30.5,42,2,2,1.5,12,12,11,0,92325.7333333333,92392.7002298851,0,0,0,24,0,0,3,51,2,48,1,24,2164030,1,1980.25,NA,930.25,"hs",1764,"hs","more"
2164033,"white",0.5,0,1,44.5,30.5,40,2,2,1.5,12,12,11,0,92325.7333333333,92392.7002298851,0,0,0,24,0,0,3,51,2,48,1,24,2164033,1,1980.25,NA,930.25,"hs",1600,"hs","more"
2166030,"white",0.5,1,0,41.5,34.5,37,4,2,3,16,12,14,185627.45,217879.516666667,141547.34454023,0,0,0,23,3,58,4,87,3,74,1,23,2166030,1,1722.25,"some_college",1190.25,"hs",1369,"college","more"
2166031,"white",0.5,1,1,41.5,34.5,34.5,5,2,3,17,12,14,165180.7,217879.516666667,141547.34454023,0,0,0,23,3,52,4,87,3,74,1,23,2166031,1,1722.25,"some_college",1190.25,"hs",1190.25,"higher","more"
2176031,"white",0.5,1,1,36.5,27,27,4,4,1.5,16,16,9.5,0,202274.98,205722.046551724,0,0,0,29,0,0,4,85,4,89,1,29,2176031,1,1332.25,NA,729,"college",729,"college","more"
2177172,"white",0,0,1,41.5,29.8333333333333,43,5,3,2,17,13.8333333333333,12,84019.055,227651.366666667,119913.424712643,1,0,0,21,1,24,4,88,3,63,1,21,2177172,1,1722.25,"hs",890.027777777778,"some_college",1849,"higher","less"
2177031,"white",0,1,0,41.5,28.5,29.5,5,2,2,17,10,12,0,72975.6333333333,119913.424712643,0,0,0,21,0,0,2,41,3,63,1,21,2177031,1,1722.25,"hs",812.25,"hs",870.25,"higher","less"
2191030,"black",0.5,0,0,38,34.5,41,2,2,1,12,12,8,121823.25,43517.535,0,1,0,0,3,2,37,1,25,0,0,1,3,2191030,0,1444,"less_hs",1190.25,"hs",1681,"hs","less"
2191035,"black",0.5,0,1,38,34.5,36,2,2,1,12,12,8,142323.25,43517.535,0,0,0,0,3,2,44,1,25,0,0,1,3,2191035,0,1444,"less_hs",1190.25,"hs",1296,"hs","less"
2191038,"black",0.5,0,0,38,34.5,29,5,2,1,17,12,8,67323.25,43517.535,0,1,0,0,3,1,17,1,25,0,0,1,3,2191038,0,1444,"less_hs",1190.25,"hs",841,"higher","less"
2191032,"black",0.5,0,0,38,30,39,3,2,1,15,12,8,0,15851.5616,0,0,0,0,3,0,0,1,10,0,0,1,3,2191032,0,1444,"less_hs",900,"hs",1521,"some_college","less"
2191034,"black",0.5,0,1,38,30,36,2,2,1,12,12,8,0,15851.5616,0,0,0,0,3,0,0,1,10,0,0,1,3,2191034,0,1444,"less_hs",900,"hs",1296,"hs","less"
2191033,"black",0.5,0,0,38,26.8333333333333,37,3,3,1,13,12.1666666666667,8,0,48512.3313333333,0,0,0,0,3,0,0,2,28,0,0,1,3,2191033,0,1444,"less_hs",720.027777777778,"some_college",1369,"some_college","less"
2191036,"black",0.5,0,0,38,26.5,32,2,2,1,12,12,8,4700.0395,0,0,1,0,0,3,1,1,0,0,0,0,1,3,2191036,0,1444,"less_hs",702.25,"hs",1024,"hs","less"
2191037,"black",0.5,0,1,38,26.5,29,2,2,1,12,12,8,0,0,0,0,0,0,3,0,0,0,0,0,0,1,3,2191037,0,1444,"less_hs",702.25,"hs",841,"hs","less"
2196031,"white",0.5,0,1,31.5,25,32,2,2,1.5,12,12,9.5,0,0,0,0,0,0,22,0,0,0,0,0,0,1,22,2196031,1,992.25,NA,625,"hs",1024,"hs","more"
2196032,"white",0.5,0,1,31.5,25,31,3,2,1.5,13,12,9.5,0,0,0,0,0,0,22,0,0,0,0,0,0,1,22,2196032,1,992.25,NA,625,"hs",961,"some_college","more"
2198030,"white",0.5,0,0,41,32.8333333333333,37,5,3,4.5,17,13.6666666666667,16.5,0,29122.575,167368.577586207,0,0,0,24,0,0,1,18,4,81,1,24,2198030,1,1681,NA,1078.02777777778,"some_college",1369,"higher","more"
2198032,"white",0.5,0,0,41,32.8333333333333,30,3,3,4.5,14,13.6666666666667,16.5,0,29122.575,167368.577586207,0,0,0,24,0,0,1,18,4,81,1,24,2198032,1,1681,NA,1078.02777777778,"some_college",900,"some_college","more"
2198034,"white",0.5,0,1,41,32.8333333333333,28,2,3,4.5,12,13.6666666666667,16.5,143000,29122.575,167368.577586207,0,0,0,24,2,45,1,18,4,81,1,24,2198034,1,1681,NA,1078.02777777778,"some_college",784,"hs","more"
2198031,"white",0.5,0,1,41,27.5,31,4,5,4.5,16,17,16.5,404199.75,114331.733333333,167368.577586207,0,0,0,24,4,89,3,61,4,81,1,24,2198031,1,1681,NA,756.25,"higher",961,"college","more"
2198033,"white",0.5,0,0,41,27.5,29,5,5,4.5,16.5,17,16.5,0,114331.733333333,167368.577586207,0,0,0,24,0,0,3,61,4,81,1,24,2198033,1,1681,NA,756.25,"higher",841,"higher","more"
2199034,"white",0.5,0,0,42.5,35.5,36,3,2,2.5,14,12,12.5,0,5108.64166666667,125193.14454023,0,0,0,24,0,0,1,2,3,66,1,24,2199034,1,1806.25,NA,1260.25,"hs",1296,"some_college","more"
2205032,"white",0.5,0,0,45.5,35.5,30.5,2,2,1.5,12,12,11,5077679.7,126903,137148.014367816,0,0,0,23,4,98,3,66,3,71,1,23,2205032,1,2070.25,NA,1260.25,"hs",930.25,"hs","more"
2219031,"black",0.5,1,1,40,36.5,38.5,2,2,1.5,12,12,10.5,0,0,46392.48,0,0,0,32,0,0,0,0,1,23,1,32,2219031,0,1600,NA,1332.25,"hs",1482.25,"hs","more"
2219032,"black",0.5,1,1,40,36.5,32,3,2,1.5,14,12,10.5,0,0,46392.48,0,0,0,32,0,0,0,0,1,23,1,32,2219032,0,1600,NA,1332.25,"hs",1024,"some_college","more"
2219033,"black",0.5,1,1,40,36.5,30,3,2,1.5,15,12,10.5,0,0,46392.48,0,0,0,32,0,0,0,0,1,23,1,32,2219033,0,1600,NA,1332.25,"hs",900,"some_college","more"
2224040,"white",0.5,1,1,47.5,40.5,29.5,2,3,2.5,12,13.1666666666667,12.5,0,358908.733333333,195527.083333333,0,0,0,23,0,0,4,95,4,87,1,23,2224040,1,2256.25,NA,1640.25,"some_college",870.25,"hs","more"
2224033,"white",0.5,0,0,47.5,37.5,44,3,3,2.5,14,12.8333333333333,12.5,1041977.7,352860.3,195527.083333333,1,0,0,23,4,97,4,94,4,87,1,23,2224033,1,2256.25,NA,1406.25,"some_college",1936,"some_college","more"
2224036,"white",0.5,0,1,47.5,37.5,36,2,3,2.5,12,12.8333333333333,12.5,354829.2,352860.3,195527.083333333,0,0,0,23,4,86,4,94,4,87,1,23,2224036,1,2256.25,NA,1406.25,"some_college",1296,"hs","more"
2224030,"white",0.5,0,1,47.5,28.3333333333333,28,-Inf,2,2.5,0,12,12.5,572329.2,255181.216666667,195527.083333333,1,0,0,23,4,95,4,90,4,87,1,23,2224030,1,2256.25,NA,802.777777777778,"hs",784,NA,"more"
2224039,"white",0.5,0,0,47.5,28.3333333333333,29.5,4,2,2.5,16,12,12.5,0,255181.216666667,195527.083333333,0,0,0,23,0,0,4,90,4,87,1,23,2224039,1,2256.25,NA,802.777777777778,"hs",870.25,"college","more"
2224031,"white",0.5,1,0,47.5,27,28.5,2,2,2.5,12,11.1666666666667,12.5,0,49007.8033333333,195527.083333333,0,0,0,23,0,0,2,28,4,87,1,23,2224031,1,2256.25,NA,729,"hs",812.25,"hs","more"
2224041,"white",0.5,1,1,47.5,27,27.5,2,2,2.5,12,11.1666666666667,12.5,187144.55,49007.8033333333,195527.083333333,0,0,0,23,3,58,2,28,4,87,1,23,2224041,1,2256.25,NA,729,"hs",756.25,"hs","more"
2224181,"white",0.5,1,1,47.5,27,30,-Inf,2,2.5,0,11.1666666666667,12.5,124289.1,49007.8033333333,195527.083333333,0,0,0,23,2,38,2,28,4,87,1,23,2224181,1,2256.25,NA,729,"hs",900,NA,"more"
2225030,"white",0.5,1,1,50,29.5,37,5,3,4,17,13,16,280000,469517.933333333,174772.63045977,0,0,0,23,4,77,4,98,4,84,1,23,2225030,1,2500,"college",870.25,"some_college",1369,"higher","more"
2225032,"white",0.5,1,1,50,29.5,34,4,3,4,16,13,16,375000,469517.933333333,174772.63045977,0,0,0,23,4,87,4,98,4,84,1,23,2225032,1,2500,"college",870.25,"some_college",1156,"college","more"
2225031,"white",0.5,0,0,50,29.5,35,4,4,4,16,15.8333333333333,16,220806.2,130112.436666667,174772.63045977,0,0,0,23,3,67,3,67,4,84,1,23,2225031,1,2500,"college",870.25,"college",1225,"college","more"
2225034,"white",0.5,0,0,50,29.5,28,4,4,4,16,15.8333333333333,16,85000,130112.436666667,174772.63045977,0,0,0,23,1,24,3,67,4,84,1,23,2225034,1,2500,"college",870.25,"college",784,"college","more"
2229030,"white",0.5,1,0,45,37.5,36.5,5,5,-Inf,17,16.1666666666667,12,544471.75,520263.15,151351.968390805,0,0,0,29,4,94,4,99,4,76,1,29,2229030,1,2025,NA,1406.25,"higher",1332.25,"higher","more"
2229031,"white",0.5,1,0,45,37.5,35,5,5,-Inf,17,16.1666666666667,12,0,520263.15,151351.968390805,0,0,0,29,0,0,4,99,4,76,1,29,2229031,1,2025,NA,1406.25,"higher",1225,"higher","more"
2250033,"white",0.5,1,0,46.5,33.5,37,5,3,2,17,13,12,223842.3,78622.76,155686.977586207,0,0,0,24,3,67,2,44,4,77,1,24,2250033,1,2162.25,"hs",1122.25,"some_college",1369,"higher","less"
2250037,"white",0.5,1,1,46.5,33.5,34,5,3,2,17,13,12,145000,78622.76,155686.977586207,0,0,0,24,2,46,2,44,4,77,1,24,2250037,1,2162.25,"hs",1122.25,"some_college",1156,"higher","less"
2250032,"white",0.5,0,0,46.5,30.5,38,3,2,2,14,12,12,0,40925.3833333333,155686.977586207,0,0,0,24,0,0,1,24,4,77,1,24,2250032,1,2162.25,"hs",930.25,"hs",1444,"some_college","less"
2250038,"white",0.5,0,0,46.5,30.5,35,3,2,2,15,12,12,0,40925.3833333333,155686.977586207,0,0,0,24,0,0,1,24,4,77,1,24,2250038,1,2162.25,"hs",930.25,"hs",1225,"some_college","less"
2250040,"white",0.5,0,1,46.5,30.5,33,3,2,2,15,12,12,78340.345,40925.3833333333,155686.977586207,0,0,0,24,1,21,1,24,4,77,1,24,2250040,1,2162.25,"hs",930.25,"hs",1089,"some_college","less"
2250042,"white",0.5,0,0,46.5,30.5,27,2,2,2,12,12,12,20357.425,40925.3833333333,155686.977586207,1,0,0,24,1,4,1,24,4,77,1,24,2250042,1,2162.25,"hs",930.25,"hs",729,"hs","less"
2250030,"white",0.5,1,1,46.5,37,44.5,2,3,2,12,12.8333333333333,12,92608.415,163213.2,155686.977586207,0,0,0,24,2,27,4,78,4,77,1,24,2250030,1,2162.25,"hs",1369,"some_college",1980.25,"hs","less"
2250031,"white",0.5,1,0,46.5,37,39,2,3,2,12,12.8333333333333,12,223842.3,163213.2,155686.977586207,1,0,0,24,3,67,4,78,4,77,1,24,2250031,1,2162.25,"hs",1369,"some_college",1521,"hs","less"
2250034,"white",0.5,1,0,46.5,37,38,4,3,2,16,12.8333333333333,12,103574.25,163213.2,155686.977586207,0,0,0,24,2,32,4,78,4,77,1,24,2250034,1,2162.25,"hs",1369,"some_college",1444,"college","less"
2251034,"white",0.5,0,0,37.5,33.3333333333333,38,5,4,4.5,17,16,16.5,347914.6,0,123433.237931034,0,0,0,24,4,85,0,0,3,65,1,24,2251034,1,1406.25,NA,1111.11111111111,"college",1444,"higher","more"
2251031,"white",0.5,1,1,37.5,31.5,39,4,2,4.5,16,12,16.5,150182.65,85865.1266666667,123433.237931034,0,0,0,24,2,47,2,48,3,65,1,24,2251031,1,1406.25,NA,992.25,"hs",1521,"college","more"
2251036,"white",0.5,0,1,37.5,27,27,4,3,4.5,16,13,16.5,0,57810.18,123433.237931034,0,0,0,24,0,0,2,32,3,65,1,24,2251036,1,1406.25,NA,729,"some_college",729,"college","more"
2253030,"white",0.5,1,0,43,32.5,39,4,3,1.5,16,13,11.5,58572.275,84872.75,102861.048275862,0,0,0,22,1,14,2,47,3,56,1,22,2253030,1,1849,NA,1056.25,"some_college",1521,"college","more"
2253032,"white",0.5,1,1,43,32.5,34,3,3,1.5,14,13,11.5,161608.415,84872.75,102861.048275862,0,0,0,22,2,50,2,47,3,56,1,22,2253032,1,1849,NA,1056.25,"some_college",1156,"some_college","more"
2260030,"white",0.5,1,0,32.5,26.5,33,-Inf,2,1.5,0,12,10,9999998,14817.2775,35955.801091954,0,0,0,23,4,100,1,8,1,18,1,23,2260030,1,1056.25,NA,702.25,"hs",1089,NA,"more"
2260031,"white",0.5,0,0,32.5,26.3333333333333,30,3,3,1.5,13,13,10,67323.25,67441.0833333333,35955.801091954,0,0,0,23,1,17,2,37,1,18,1,23,2260031,1,1056.25,NA,693.444444444444,"some_college",900,"some_college","more"
2260034,"white",0.5,0,1,32.5,26.3333333333333,28,-Inf,3,1.5,0,13,10,0,67441.0833333333,35955.801091954,0,0,0,23,0,0,2,37,1,18,1,23,2260034,1,1056.25,NA,693.444444444444,"some_college",784,NA,"more"
2261033,"white",0.5,1,0,44,32.5,30.5,4,2,1.5,16,12,10,207144.55,65853.965,0,0,0,0,23,3,64,2,36,0,0,1,23,2261033,1,1936,NA,1056.25,"hs",930.25,"college","more"
2261034,"white",0.5,1,1,44,32.5,27,4,2,1.5,16,12,10,149912.6,65853.965,0,0,0,0,23,2,46,2,36,0,0,1,23,2261034,1,1936,NA,1056.25,"hs",729,"college","more"
2271031,"white",0.5,0,0,33.5,25.5,27,4,3,3,16,15,14,0,113348.6,78491.834770115,0,0,0,23,0,0,3,60,2,42,1,23,2271031,1,1122.25,"some_college",650.25,"some_college",729,"college","more"
2278030,"white",0.5,0,1,41,36.6666666666667,46,2,2,-Inf,12,12,6,163216.85,118548.596666667,141032.304022989,0,0,0,23,3,51,3,63,3,74,1,23,2278030,1,1681,NA,1344.44444444444,"hs",2116,"hs","more"
2278033,"white",0.5,0,1,41,36.6666666666667,41,5,2,-Inf,17,12,6,155002,118548.596666667,141032.304022989,0,0,0,23,2,49,3,63,3,74,1,23,2278033,1,1681,NA,1344.44444444444,"hs",1681,"higher","more"
2278031,"white",0.5,0,1,41,35.5,44,3,2,-Inf,13,12,6,178038.1,134657.433333333,141032.304022989,0,0,0,23,3,55,3,68,3,74,1,23,2278031,1,1681,NA,1260.25,"hs",1936,"some_college","more"
2278032,"white",0.5,0,0,41,35.5,44,3,2,-Inf,15,12,6,0,134657.433333333,141032.304022989,0,0,0,23,0,0,3,68,3,74,1,23,2278032,1,1681,NA,1260.25,"hs",1936,"some_college","more"
2280030,"white",0,0,0,33.5,31.5,39.5,5,3,2,17,14,12,308752.95,17129.265,138725.70775862,0,0,0,24,4,81,1,11,3,73,1,24,2280030,1,1122.25,"hs",992.25,"some_college",1560.25,"higher","less"
2280035,"white",0,1,0,33.5,29.5,32,4,5,2,16,16.3333333333333,12,427416.55,237707.766666667,138725.70775862,0,0,0,24,4,90,4,89,3,73,1,24,2280035,1,1122.25,"hs",870.25,"higher",1024,"college","less"
2280038,"white",0,1,0,33.5,29.5,28,4,5,2,16,16.3333333333333,12,243574.25,237707.766666667,138725.70775862,0,0,0,24,3,71,4,89,3,73,1,24,2280038,1,1122.25,"hs",870.25,"higher",784,"college","less"
2280033,"white",0,1,1,33.5,28.5,34,5,4,2,16.5,15.6666666666667,12,36250.99,0,138725.70775862,0,0,0,24,1,8,0,0,3,73,1,24,2280033,1,1122.25,"hs",812.25,"college",1156,"higher","less"
2280034,"white",0,1,0,33.5,28.5,33,5,4,2,17,15.6666666666667,12,0,0,138725.70775862,1,0,0,24,0,0,0,0,3,73,1,24,2280034,1,1122.25,"hs",812.25,"college",1089,"higher","less"
2280036,"white",0,1,0,33.5,28.5,30.5,5,4,2,17,15.6666666666667,12,132500,0,138725.70775862,0,0,0,24,2,41,0,0,3,73,1,24,2280036,1,1122.25,"hs",812.25,"college",930.25,"higher","less"
2285033,"white",0.5,1,1,40,31.5,31,5,4,2.5,17,16,13.5,0,207703.4,96003.6250574712,0,0,0,24,0,0,4,86,2,50,1,24,2285033,1,1600,NA,992.25,"college",961,"higher","more"
2285030,"white",0.5,0,0,40,36.5,37,3,5,2.5,13,16.8333333333333,13.5,0,141874.233333333,96003.6250574712,0,0,0,24,0,0,3,70,2,50,1,24,2285030,1,1600,NA,1332.25,"higher",1369,"some_college","more"
2285031,"white",0.5,0,0,40,36.5,36,4,5,2.5,16,16.8333333333333,13.5,606918.55,141874.233333333,96003.6250574712,0,0,0,24,4,95,3,70,2,50,1,24,2285031,1,1600,NA,1332.25,"higher",1296,"college","more"
2285032,"white",0.5,0,1,40,36.5,33,3,5,2.5,15,16.8333333333333,13.5,100787.15,141874.233333333,96003.6250574712,0,0,0,24,2,31,3,70,2,50,1,24,2285032,1,1600,NA,1332.25,"higher",1089,"some_college","more"
2288033,"white",0.5,0,0,32.5,30,29,3,2,4,13,12,16,0,185078.533333333,144005.427586207,0,0,0,24,0,0,4,82,3,74,1,24,2288033,1,1056.25,"college",900,"hs",841,"some_college","more"
2292031,"white",0.5,0,0,30,29.5,40,5,2,1,16.5,12,10,78929.7,49575.0083333333,0,0,0,0,21,1,21,2,28,0,0,1,21,2292031,1,900,"less_hs",870.25,"hs",1600,"higher","less"
2292034,"white",0.5,0,0,30,29.5,32,2,2,1,12,12,10,0,49575.0083333333,0,0,0,0,21,0,0,2,28,0,0,1,21,2292034,1,900,"less_hs",870.25,"hs",1024,"hs","less"
2292037,"white",0.5,0,1,30,29.5,28.5,2,2,1,12,12,10,76000,49575.0083333333,0,0,0,0,21,1,20,2,28,0,0,1,21,2292037,1,900,"less_hs",870.25,"hs",812.25,"hs","less"
2297030,"white",0.5,0,1,38,36.5,45,4,2,1.5,16,12,11.5,73661.63,190160.683333333,164395.404022989,0,0,0,23,1,19,4,84,4,80,1,23,2297030,1,1444,NA,1332.25,"hs",2025,"college","more"
2297032,"white",0.5,0,0,38,36.5,40,4,2,1.5,16,12,11.5,83929.7,190160.683333333,164395.404022989,0,0,0,23,1,24,4,84,4,80,1,23,2297032,1,1444,NA,1332.25,"hs",1600,"college","more"
2297033,"white",0.5,0,1,38,36.5,39,5,2,1.5,17,12,11.5,155234.3,190160.683333333,164395.404022989,0,0,0,23,2,49,4,84,4,80,1,23,2297033,1,1444,NA,1332.25,"hs",1521,"higher","more"
2299030,"white",0.5,1,0,41.5,36.1666666666667,41.5,5,4,1.5,17,16,11.5,649297,144346.883333333,123433.237931034,0,0,0,24,4,95,3,71,3,65,1,24,2299030,1,1722.25,NA,1308.02777777778,"college",1722.25,"higher","more"
2299031,"white",0.5,1,1,41.5,36.1666666666667,38,4,4,1.5,16,16,11.5,829477.7,144346.883333333,123433.237931034,0,0,0,24,4,96,3,71,3,65,1,24,2299031,1,1722.25,NA,1308.02777777778,"college",1444,"college","more"
2299032,"white",0.5,1,0,41.5,36.1666666666667,34,5,4,1.5,17,16,11.5,168216.85,144346.883333333,123433.237931034,0,0,0,24,3,53,3,71,3,65,1,24,2299032,1,1722.25,NA,1308.02777777778,"college",1156,"higher","more"
2299033,"white",0.5,1,1,41.5,34.5,31,3,4,1.5,14,16,11.5,163832.4,126141.338333333,123433.237931034,0,0,0,24,3,51,3,66,3,65,1,24,2299033,1,1722.25,NA,1190.25,"college",961,"some_college","more"
2299034,"white",0.5,1,0,41.5,33.5,29,4,3,1.5,16,13.8333333333333,11.5,5208711.5,128500.066666667,123433.237931034,0,0,0,24,4,99,3,66,3,65,1,24,2299034,1,1722.25,NA,1122.25,"some_college",841,"college","more"
2299035,"white",0.5,1,1,41.5,33.5,28,4,3,1.5,16,13.8333333333333,11.5,356254.95,128500.066666667,123433.237931034,0,0,0,24,4,86,3,66,3,65,1,24,2299035,1,1722.25,NA,1122.25,"some_college",784,"college","more"
2302033,"white",0.5,1,0,42.25,34.6666666666667,41,3,2,1,14,12,4,91608.415,0,0,0,0,0,17,2,27,0,0,0,0,1,17,2302033,1,1785.0625,"less_hs",1201.77777777778,"hs",1681,"some_college","less"
2302038,"white",0.5,1,0,42.25,34.6666666666667,38,3,2,1,13,12,4,27000,0,0,0,0,0,17,1,5,0,0,0,0,1,17,2302038,1,1785.0625,"less_hs",1201.77777777778,"hs",1444,"some_college","less"
2302039,"white",0.5,1,1,42.25,32.6666666666667,37.5,2,2,1,12,11.1666666666667,4,0,13754.035,0,0,0,0,17,0,0,1,7,0,0,1,17,2302039,1,1785.0625,"less_hs",1067.11111111111,"hs",1406.25,"hs","less"
2302041,"white",0.5,1,1,42.25,32.6666666666667,36,2,2,1,12,11.1666666666667,4,0,13754.035,0,0,0,0,17,0,0,1,7,0,0,1,17,2302041,1,1785.0625,"less_hs",1067.11111111111,"hs",1296,"hs","less"
2302043,"white",0.5,1,1,42.25,31.5,28,2,1,1,12,10,4,70000,0,0,0,0,0,17,1,18,0,0,0,0,1,17,2302043,1,1785.0625,"less_hs",992.25,"less_hs",784,"hs","less"
2302037,"white",0.5,1,1,42.25,31.5,39,3,1,1,14,10.5,4,142680.7,0,0,0,0,0,17,2,45,0,0,0,0,1,17,2302037,1,1785.0625,"less_hs",992.25,"less_hs",1521,"some_college","less"
2302187,"white",0.5,1,0,42.25,31.5,34.5,3,1,1,15,10.5,4,0,0,0,0,0,0,17,0,0,0,0,0,0,1,17,2302187,1,1785.0625,"less_hs",992.25,"less_hs",1190.25,"some_college","less"
2302042,"white",0.5,0,0,42.25,25,32.5,3,1,1,14,11,4,41429.7,0,0,1,0,0,17,1,9,0,0,0,0,1,17,2302042,1,1785.0625,"less_hs",625,"less_hs",1056.25,"some_college","less"
2304030,"white",0.5,0,0,45,37.5,38,5,4,1.5,17,16,11.5,488220.8,216755.883333333,151227.267241379,0,0,0,25,4,93,4,87,4,76,1,25,2304030,1,2025,NA,1406.25,"college",1444,"higher","more"
2304031,"white",0.5,0,0,45,37.5,35,5,4,1.5,17,16,11.5,102538.5,216755.883333333,151227.267241379,0,0,0,25,2,32,4,87,4,76,1,25,2304031,1,2025,NA,1406.25,"college",1225,"higher","more"
2311030,"white",0.5,0,1,37.5,30.5,35,3,2,2,14,12,12,120000,156614.58,128804.064367816,0,0,0,27,2,37,4,76,3,67,1,27,2311030,1,1406.25,"hs",930.25,"hs",1225,"some_college","less"
2311032,"white",0.5,0,1,37.5,30.5,30.5,3,2,2,15,12,12,0,156614.58,128804.064367816,0,0,0,27,0,0,4,76,3,67,1,27,2311032,1,1406.25,"hs",930.25,"hs",930.25,"some_college","less"
2311034,"white",0.5,0,0,37.5,30.5,27,4,2,2,16,12,12,47500,156614.58,128804.064367816,1,0,0,27,1,11,4,76,3,67,1,27,2311034,1,1406.25,"hs",930.25,"hs",729,"college","less"
2321032,"white",0.5,1,0,37,27.5,32,2,2,1.5,12,12,9.5,7500,0,0,0,0,0,17,1,2,0,0,0,0,1,17,2321032,1,1369,NA,756.25,"hs",1024,"hs","more"
2326035,"white",0.5,1,0,47,35.5,39,2,4,4,12,16,16,0,100359.616666667,80528.9170114943,1,0,0,22,0,0,3,55,2,42,1,22,2326035,1,2209,"college",1260.25,"college",1521,"hs","more"
2327030,"black",0.5,0,1,31.75,32.5,44,2,2,1.5,12,11.8333333333333,11,50000,30683.33,51521.6257471265,0,0,0,22,1,12,1,19,2,28,1,22,2327030,0,1008.0625,NA,1056.25,"hs",1936,"hs","more"
2334032,"white",0.5,1,1,50.5,37.6666666666667,41.5,4,2,2,16,12,12,0,158316.666666667,171435.03045977,0,0,0,23,0,0,4,77,4,82,1,23,2334032,1,2550.25,"hs",1418.77777777778,"hs",1722.25,"college","less"
2334031,"white",0.5,1,0,50.5,35.5,44.5,4,3,2,16,13,12,246789.1,154214.433333333,171435.03045977,0,0,0,23,3,71,3,75,4,82,1,23,2334031,1,2550.25,"hs",1260.25,"some_college",1980.25,"college","less"
2339032,"white",1,1,0,40.5,32.5,36,2,2,1,12,12,8,125000,0,0,0,0,0,26,2,39,0,0,0,0,1,26,2339032,1,1640.25,"less_hs",1056.25,"hs",1296,"hs","less"
2339034,"white",1,1,0,40.5,32.5,33.5,2,2,1,12,12,8,416094.5,0,0,0,0,0,26,4,90,0,0,0,0,1,26,2339034,1,1640.25,"less_hs",1056.25,"hs",1122.25,"hs","less"
2339033,"white",1,0,0,40.5,30.6666666666667,33,4,3,1,16,14,8,0,145244.8,0,0,0,0,26,0,0,3,72,0,0,1,26,2339033,1,1640.25,"less_hs",940.444444444445,"some_college",1089,"college","less"
2341031,"white",0.5,1,1,34.5,26,29,5,3,1.5,17,13,11,0,126333.05,58196.8007471265,0,0,0,26,0,0,3,66,2,31,1,26,2341031,1,1190.25,NA,676,"some_college",841,"higher","more"
2342031,"white",0,1,1,55.5,33.5,35,2,3,1,12,13,6,0,118182.316666667,42904.3159195402,1,0,0,26,0,0,3,63,1,21,1,26,2342031,1,3080.25,"less_hs",1122.25,"some_college",1225,"hs","less"
2352030,"white",0.5,1,0,38.5,27,28,4,4,3.5,16,16,15,178038.1,93186.9,256697.012643678,0,0,0,24,3,55,3,52,4,95,1,24,2352030,1,1482.25,NA,729,"college",784,"college","more"
2353030,"white",0.5,1,1,37,32.6666666666667,31,5,5,4,17,16.8333333333333,15.5,160002,98558.1483333333,188396.300287356,0,0,0,24,2,50,3,55,4,86,1,24,2353030,1,1369,"college",1067.11111111111,"higher",961,"higher","more"
2353034,"white",0.5,1,1,37,32.6666666666667,27,4,5,4,16,16.8333333333333,15.5,138859.4,98558.1483333333,188396.300287356,0,0,0,24,2,43,3,55,4,86,1,24,2353034,1,1369,"college",1067.11111111111,"higher",729,"college","more"
2353031,"white",0.5,1,0,37,27,30,5,4,4,17,16,15.5,249289.1,206803.52,188396.300287356,0,0,0,24,3,72,4,85,4,86,1,24,2353031,1,1369,"college",729,"college",900,"higher","more"
2353032,"white",0.5,1,0,37,27,28,5,4,4,17,16,15.5,134644.55,206803.52,188396.300287356,0,0,0,24,2,42,4,85,4,86,1,24,2353032,1,1369,"college",729,"college",784,"higher","more"
2353033,"white",0.5,1,0,37,27,28,5,4,4,17,16,15.5,378931.7,206803.52,188396.300287356,0,0,0,24,4,88,4,85,4,86,1,24,2353033,1,1369,"college",729,"college",784,"higher","more"
2354031,"white",0.5,0,1,35.5,29.5,36.5,2,2,2,12,12,12,0,0,158751.25775862,1,0,0,24,0,0,0,0,4,79,1,24,2354031,1,1260.25,"hs",870.25,"hs",1332.25,"hs","less"
2354033,"white",0.5,0,0,35.5,29.5,31,2,2,2,12,12,12,0,0,158751.25775862,0,0,0,24,0,0,0,0,4,79,1,24,2354033,1,1260.25,"hs",870.25,"hs",961,"hs","less"
2354035,"white",0.5,0,1,35.5,29.5,27.5,2,2,2,12,12,12,0,0,158751.25775862,0,0,0,24,0,0,0,0,4,79,1,24,2354035,1,1260.25,"hs",870.25,"hs",756.25,"hs","less"
2354032,"white",0.5,0,0,35.5,26,33,2,2,2,12,12,12,0,0,158751.25775862,1,0,0,24,0,0,0,0,4,79,1,24,2354032,1,1260.25,"hs",676,"hs",1089,"hs","less"
2355030,"white",0,0,1,30.5,25,34.5,2,2,2,12,12,12,0,0,152622.747413793,0,0,0,24,0,0,0,0,4,76,1,24,2355030,1,930.25,"hs",625,"hs",1190.25,"hs","less"
2373030,"white",0.5,0,1,45.5,36.5,39,5,2,1.5,17,12,11,152233.9,104358.775,106198.598275862,0,0,0,24,2,47,3,57,3,58,1,24,2373030,1,2070.25,NA,1332.25,"hs",1521,"higher","more"
2380030,"white",0.5,0,1,36.5,32.5,38,5,3,2,17,14.1666666666667,12,0,158047.735,151918.784770115,0,0,0,22,0,0,4,76,4,76,1,22,2380030,1,1332.25,"hs",1056.25,"some_college",1444,"higher","less"
2380032,"white",0.5,0,1,36.5,32.5,34,3,3,2,13,14.1666666666667,12,0,158047.735,151918.784770115,1,0,0,22,0,0,4,76,4,76,1,22,2380032,1,1332.25,"hs",1056.25,"some_college",1156,"some_college","less"
2391030,"white",0.5,1,1,49.25,36.5,40,3,2,1,14,12,6,127233.9,0,0,0,0,0,17,2,40,0,0,0,0,1,17,2391030,1,2425.5625,"less_hs",1332.25,"hs",1600,"some_college","less"
2391031,"white",0.5,1,1,49.25,36.5,38,2,2,1,12,12,6,88000,0,0,1,0,0,17,1,25,0,0,0,0,1,17,2391031,1,2425.5625,"less_hs",1332.25,"hs",1444,"hs","less"
2391032,"white",0.5,1,1,49.25,36.5,34,2,2,1,12,12,6,66072.275,0,0,1,0,0,17,1,17,0,0,0,0,1,17,2391032,1,2425.5625,"less_hs",1332.25,"hs",1156,"hs","less"
2397033,"white",0.5,1,0,45,31.5,40,4,2,1.5,16,12,11,269735.9,343589.95,147525.240804598,0,0,0,27,4,76,4,94,3,75,1,27,2397033,1,2025,NA,992.25,"hs",1600,"college","more"
2397035,"white",0.5,1,0,45,31.5,33,3,2,1.5,14,12,11,0,343589.95,147525.240804598,1,0,0,27,0,0,4,94,3,75,1,27,2397035,1,2025,NA,992.25,"hs",1089,"some_college","more"
2409031,"white",0.5,0,0,39.5,35.5,31,3,3,3,14,14.6666666666667,14,0,106898.073333333,92301.6086206897,0,0,0,23,0,0,3,58,2,48,1,23,2409031,1,1560.25,"some_college",1260.25,"some_college",961,"some_college","more"
2409032,"white",0.5,0,0,39.5,35.5,30,2,3,3,12,14.6666666666667,14,46349.48,106898.073333333,92301.6086206897,1,0,0,23,1,11,3,58,2,48,1,23,2409032,1,1560.25,"some_college",1260.25,"some_college",900,"hs","more"
2409030,"white",0.5,0,1,39.5,32.5,40,3,2,3,14,12,14,77179.505,79629.8883333333,92301.6086206897,0,0,0,23,1,21,2,45,2,48,1,23,2409030,1,1560.25,"some_college",1056.25,"hs",1600,"some_college","more"
2410031,"white",0.666666666666667,0,1,28.6666666666667,25,27,3,2,-Inf,14,12,12,0,0,0,0,0,0,23,0,0,0,0,0,0,1,23,2410031,1,821.777777777778,NA,625,"hs",729,"some_college","more"
2416031,"white",0.5,1,0,37,32.5,38,3,2,1.5,14,12,11,40000,93008.2233333333,68574.0171839081,0,0,0,25,1,9,3,51,2,37,1,25,2416031,1,1369,NA,1056.25,"hs",1444,"some_college","more"
2416034,"white",0.5,1,0,37,32.5,31,4,2,1.5,16,12,11,0,93008.2233333333,68574.0171839081,0,0,0,25,0,0,3,51,2,37,1,25,2416034,1,1369,NA,1056.25,"hs",961,"college","more"
2416030,"white",0.5,1,0,37,31.5,39,5,2,1.5,17,12,11,507148.5,98428.0666666667,68574.0171839081,0,0,0,25,4,93,3,55,2,37,1,25,2416030,1,1369,NA,992.25,"hs",1521,"higher","more"
2416032,"white",0.5,1,0,37,31.5,37,3,2,1.5,14,12,11,307540.1,98428.0666666667,68574.0171839081,0,0,0,25,4,81,3,55,2,37,1,25,2416032,1,1369,NA,992.25,"hs",1369,"some_college","more"
2416033,"white",0.5,1,1,37,31.5,34.5,3,2,1.5,13.5,12,11,207148.5,98428.0666666667,68574.0171839081,0,0,0,25,3,64,3,55,2,37,1,25,2416033,1,1369,NA,992.25,"hs",1190.25,"some_college","more"
2417031,"white",0.5,0,0,34.5,27.5,33.5,3,3,1.5,13,13,11,0,0,47000.5375287357,0,0,0,25,0,0,0,0,1,23,1,25,2417031,1,1190.25,NA,756.25,"some_college",1122.25,"some_college","more"
2418031,"white",0.5,0,0,35,32.3333333333333,40,2,2,1.5,12,11.6666666666667,11,57965.05,35684.2166666667,0,0,0,0,25,1,14,1,22,0,0,1,25,2418031,1,1225,NA,1045.44444444444,"hs",1600,"hs","more"
2422031,"white",0.5,0,1,37.5,34.5,43,3,2,1.5,14,12,11,228574.25,149180.466666667,55343.5698275862,0,0,0,25,3,68,3,73,2,30,1,25,2422031,1,1406.25,NA,1190.25,"hs",1849,"some_college","more"
2422032,"white",0.5,0,0,37.5,34.5,40,5,2,1.5,17,12,11,254467.8,149180.466666667,55343.5698275862,0,0,0,25,3,73,3,73,2,30,1,25,2422032,1,1406.25,NA,1190.25,"hs",1600,"higher","more"
2422033,"white",0.5,0,1,37.5,34.5,36,2,2,1.5,12,12,11,64816.4,149180.466666667,55343.5698275862,0,0,0,25,1,16,3,73,2,30,1,25,2422033,1,1406.25,NA,1190.25,"hs",1296,"hs","more"
2422035,"white",0.5,1,0,37.5,30.5,28,4,2,1.5,16,12,11,154912.6,84084.33,55343.5698275862,0,0,0,25,2,49,2,46,2,30,1,25,2422035,1,1406.25,NA,930.25,"hs",784,"college","more"
2427031,"white",0.5,1,0,38.5,30.1666666666667,32,-Inf,3,2,NA,12.3333333333333,12,317861.4,152264.75,61716.6139655172,0,0,0,23,4,82,3,74,2,33,1,23,2427031,1,1482.25,"hs",910.027777777778,"some_college",1024,NA,"less"
2427034,"white",0.5,1,0,38.5,30.1666666666667,30,5,3,2,17,12.3333333333333,12,180716.85,152264.75,61716.6139655172,0,0,0,23,3,56,3,74,2,33,1,23,2427034,1,1482.25,"hs",910.027777777778,"some_college",900,"higher","less"
2429035,"white",0.5,0,0,33,26.5,36,5,3,1.5,17,14,11,0,0,0,0,0,0,23,0,0,0,0,0,0,1,23,2429035,1,1089,NA,702.25,"some_college",1296,"higher","more"
2432035,"white",0.5,0,0,54,34.5,39.5,1,1,1.5,10,11,11,0,0,61182.4094252873,0,0,0,24,0,0,0,0,2,33,1,24,2432035,1,2916,NA,1190.25,"less_hs",1560.25,"less_hs","more"
2432032,"white",0.5,0,1,54,33.5,43,2,2,1.5,12,12,11,0,114527.625,61182.4094252873,1,0,0,24,0,0,3,61,2,33,1,24,2432032,1,2916,NA,1122.25,"hs",1849,"hs","more"
2432033,"white",0.5,0,0,54,33.5,41,4,2,1.5,16,12,11,72822.475,114527.625,61182.4094252873,0,0,0,24,1,19,3,61,2,33,1,24,2432033,1,2916,NA,1122.25,"hs",1681,"college","more"
2435031,"white",0.5,1,1,39,29.5,28,2,3,3,12,12.8333333333333,14,275000,177744.983333333,133106.501724138,0,0,0,24,4,77,4,81,3,69,1,24,2435031,1,1521,"some_college",870.25,"some_college",784,"hs","more"
2436035,"white",0.5,1,1,35.5,33.5,32,4,3,2,16,13.8333333333333,12,207148.5,198724.966666667,107354.30316092,0,0,0,24,3,64,4,84,3,58,1,24,2436035,1,1260.25,"hs",1122.25,"some_college",1024,"college","less"
2436036,"white",0.5,1,0,35.5,33.5,30,5,3,2,17,13.8333333333333,12,236610.4,198724.966666667,107354.30316092,0,0,0,24,3,70,4,84,3,58,1,24,2436036,1,1260.25,"hs",1122.25,"some_college",900,"higher","less"
2436031,"white",0.5,0,0,35.5,28.5,35,3,3,2,14,12.1666666666667,12,134733.9,133103.483333333,107354.30316092,0,0,0,24,2,42,3,68,3,58,1,24,2436031,1,1260.25,"hs",812.25,"some_college",1225,"some_college","less"
2436033,"white",0.5,0,1,35.5,28.5,33,4,3,2,16,12.1666666666667,12,187680.7,133103.483333333,107354.30316092,0,0,0,24,3,58,3,68,3,58,1,24,2436033,1,1260.25,"hs",812.25,"some_college",1089,"college","less"
2441030,"white",0.5,0,0,33.5,25.5,38,3,1,1,13,10,8.5,0,0,80231.5996551724,1,0,0,13,0,0,0,0,2,42,1,13,2441030,1,1122.25,"less_hs",650.25,"less_hs",1444,"some_college","less"
2441031,"white",0.5,0,0,33.5,25.5,32,3,1,1,13,10,8.5,96447.95,0,80231.5996551724,0,0,0,13,2,29,0,0,2,42,1,13,2441031,1,1122.25,"less_hs",650.25,"less_hs",1024,"some_college","less"
2455030,"white",0.5,0,1,51,41.3333333333333,39,5,5,4,17,17,15.5,310722.75,471897.483333333,260945.728735632,0,0,0,29,4,82,4,98,4,95,1,29,2455030,1,2601,"college",1708.44444444444,"higher",1521,"higher","more"
2458030,"white",0.5,0,1,39,35.3333333333333,42.5,4,3,1,16,12.8333333333333,10,236967.8,314310.816666667,0,0,0,0,31,3,70,4,93,0,0,1,31,2458030,1,1521,"less_hs",1248.44444444444,"some_college",1806.25,"college","less"
2458031,"white",0.5,0,1,39,35.3333333333333,40,5,3,1,17,12.8333333333333,10,0,314310.816666667,0,0,0,0,31,0,0,4,93,0,0,1,31,2458031,1,1521,"less_hs",1248.44444444444,"some_college",1600,"higher","less"
2458033,"white",0.5,0,1,39,35.3333333333333,37,5,3,1,17,12.8333333333333,10,0,314310.816666667,0,0,0,0,31,0,0,4,93,0,0,1,31,2458033,1,1521,"less_hs",1248.44444444444,"some_college",1369,"higher","less"
2458032,"white",0.5,1,0,39,32.5,37,5,3,1,17,14,10,0,699068.05,0,1,0,0,31,0,0,4,100,0,0,1,31,2458032,1,1521,"less_hs",1056.25,"some_college",1369,"higher","less"
2458034,"white",0.5,1,1,39,32.5,33.5,3,3,1,14,14,10,192181.1,699068.05,0,0,0,0,31,3,59,4,100,0,0,1,31,2458034,1,1521,"less_hs",1056.25,"some_college",1122.25,"some_college","less"
2464171,"white",0.5,1,0,38,30.5,38,2,2,1.5,12,12,11,0,123297.866666667,131200.79454023,0,0,0,23,0,0,3,65,3,68,1,23,2464171,1,1444,NA,930.25,"hs",1444,"hs","more"
2466030,"white",0.5,1,1,53,37.5,39,5,5,4,17,17,15.5,0,187891.65,171435.03045977,0,0,0,22,0,0,4,83,4,82,1,22,2466030,1,2809,"college",1406.25,"higher",1521,"higher","more"
2466031,"white",0.5,1,1,53,37.5,36,5,5,4,17,17,15.5,440058.75,187891.65,171435.03045977,0,0,0,22,4,91,4,83,4,82,1,22,2466031,1,2809,"college",1406.25,"higher",1296,"higher","more"
2466033,"white",0.5,1,0,53,37.5,32,3,5,4,15,17,15.5,360808.15,187891.65,171435.03045977,0,0,0,22,4,86,4,83,4,82,1,22,2466033,1,2809,"college",1406.25,"higher",1024,"some_college","more"
2466032,"white",0.5,0,1,53,33.5,34.5,4,5,4,16,17,15.5,439825.25,185188.483333333,171435.03045977,0,0,0,22,4,91,4,82,4,82,1,22,2466032,1,2809,"college",1122.25,"higher",1190.25,"college","more"
2467031,"white",0,1,0,59,41.5,39,5,5,3,17,17,14,103574.25,0,135325.782183908,1,0,0,17,2,32,0,0,3,70,1,17,2467031,1,3481,"some_college",1722.25,"higher",1521,"higher","more"
2467032,"white",0,1,0,59,41.5,37,5,5,3,17,17,14,350182.65,0,135325.782183908,0,0,0,17,4,85,0,0,3,70,1,17,2467032,1,3481,"some_college",1722.25,"higher",1369,"higher","more"
2467033,"white",0,1,0,59,41.5,34,4,5,3,16,17,14,242752.95,0,135325.782183908,0,0,0,17,3,71,0,0,3,70,1,17,2467033,1,3481,"some_college",1722.25,"higher",1156,"college","more"
2469030,"white",0.5,1,1,46,33.5,40,5,4,1,17,16,7,285003.95,148611.983333333,153835.964367816,0,0,0,22,4,78,3,73,4,77,1,22,2469030,1,2116,"less_hs",1122.25,"college",1600,"higher","less"
2469031,"white",0.5,0,0,46,30.5,33,4,4,1,16,15.8333333333333,7,182323.25,105450.376666667,153835.964367816,0,0,0,22,3,57,3,57,4,77,1,22,2469031,1,2116,"less_hs",930.25,"college",1089,"college","less"
2469032,"white",0.5,0,1,46,30.5,27,2,4,1,12,15.8333333333333,7,20714.85,105450.376666667,153835.964367816,0,0,0,22,1,4,3,57,4,77,1,22,2469032,1,2116,"less_hs",930.25,"college",729,"hs","less"
2473030,"black",0.5,1,1,45,26.5,29,3,4,1.5,14,16,11,0,29634.55,48184.0357471265,0,0,0,3,0,0,1,19,1,25,1,3,2473030,0,2025,NA,702.25,"college",841,"some_college","more"
2473031,"black",0.5,1,1,45,26.5,28,5,4,1.5,16.5,16,11,0,29634.55,48184.0357471265,0,0,0,3,0,0,1,19,1,25,1,3,2473031,0,2025,NA,702.25,"college",784,"higher","more"
2474030,"black",0.5,1,1,51.5,35.6666666666667,43,3,3,1,15,13.6666666666667,6,0,71424.1,37806.8243103448,0,0,0,3,0,0,2,40,1,19,1,3,2474030,0,2652.25,"less_hs",1272.11111111111,"some_college",1849,"some_college","less"
2474031,"black",0.5,1,1,51.5,35.6666666666667,38,3,3,1,13,13.6666666666667,6,0,71424.1,37806.8243103448,0,0,0,3,0,0,2,40,1,19,1,3,2474031,0,2652.25,"less_hs",1272.11111111111,"some_college",1444,"some_college","less"
2474033,"black",0.5,1,0,51.5,35.6666666666667,38,3,3,1,13,13.6666666666667,6,0,71424.1,37806.8243103448,0,0,0,3,0,0,2,40,1,19,1,3,2474033,0,2652.25,"less_hs",1272.11111111111,"some_college",1444,"some_college","less"
2475030,"black",0,1,0,44.5,31.1666666666667,32.5,3,2,-Inf,13,12,NA,0,131507.77,15474.708045977,0,0,0,22,0,0,3,67,1,3,1,22,2475030,0,1980.25,NA,971.361111111111,"hs",1056.25,"some_college","more"
2475031,"black",0,1,0,44.5,31.1666666666667,33,4,2,-Inf,16,12,NA,0,131507.77,15474.708045977,0,0,0,22,0,0,3,67,1,3,1,22,2475031,0,1980.25,NA,971.361111111111,"hs",1089,"college","more"
2478031,"white",0.5,0,0,46.5,30.5,28,4,3,2.5,16,14.3333333333333,13.5,76340.345,154761.266666667,93970.3586206897,0,0,0,25,1,20,3,75,2,49,1,25,2478031,1,2162.25,NA,930.25,"some_college",784,"college","more"
2478030,"white",0.5,0,0,46.5,26,34.5,2,2,2.5,12,12,13.5,0,86151.3133333333,93970.3586206897,0,0,0,25,0,0,2,48,2,49,1,25,2478030,1,2162.25,NA,676,"hs",1190.25,"hs","more"
2483030,"white",0.5,0,0,53,34.6666666666667,42,3,2,1.5,13,12,10,0,0,0,1,0,0,23,0,0,0,0,0,0,1,23,2483030,1,2809,NA,1201.77777777778,"hs",1764,"some_college","more"
2483031,"white",0.5,0,1,53,34.6666666666667,40,2,2,1.5,12,12,10,0,0,0,0,0,0,23,0,0,0,0,0,0,1,23,2483031,1,2809,NA,1201.77777777778,"hs",1600,"hs","more"
2483032,"white",0.5,0,0,53,34.6666666666667,34,3,2,1.5,13,12,10,0,0,0,0,0,0,23,0,0,0,0,0,0,1,23,2483032,1,2809,NA,1201.77777777778,"hs",1156,"some_college","more"
2483033,"white",0.5,0,0,53,34.6666666666667,32,4,2,1.5,16,12,10,142502,0,0,0,0,0,23,2,44,0,0,0,0,1,23,2483033,1,2809,NA,1201.77777777778,"hs",1024,"college","more"
2485032,"white",0.5,0,1,45,27.5,30,4,2,1.5,16,12,10.5,0,98333.7833333333,99523.438275862,0,0,0,24,0,0,3,54,3,53,1,24,2485032,1,2025,NA,756.25,"hs",900,"college","more"
2485030,"white",0.5,1,0,45,38.5,45.5,1,2,1.5,8,12,10.5,89216.05,30975.4166666667,99523.438275862,1,0,0,24,2,26,1,20,3,53,1,24,2485030,1,2025,NA,1482.25,"hs",2070.25,"less_hs","more"
2485031,"white",0.5,1,1,45,38.5,42,2,2,1.5,12,12,10.5,0,30975.4166666667,99523.438275862,1,0,0,24,0,0,1,20,3,53,1,24,2485031,1,2025,NA,1482.25,"hs",1764,"hs","more"
2486030,"white",0.5,0,1,43,37.5,44,2,2,1.5,12,12,10,0,89014.4783333333,84048.7302298851,0,0,0,24,0,0,2,49,2,43,1,24,2486030,1,1849,NA,1406.25,"hs",1936,"hs","more"
2486033,"white",0.5,0,1,43,34.3333333333333,37,2,3,1.5,12,12.8333333333333,10,101787.15,76698.7416666667,84048.7302298851,0,0,0,24,2,31,2,44,2,43,1,24,2486033,1,1849,NA,1178.77777777778,"some_college",1369,"hs","more"
2492030,"white",1,1,0,27.5,25,30,2,2,1,12,12,8,0,59269.11,0,0,0,0,25,0,0,2,33,0,0,1,25,2492030,1,756.25,"less_hs",625,"hs",900,"hs","less"
2500030,"white",0.5,0,1,45,34.5,40.5,2,2,2,12,12,12,120000,161134.766666667,26549.6545689655,0,0,0,24,2,37,4,77,1,10,1,24,2500030,1,2025,"hs",1190.25,"hs",1640.25,"hs","less"
2500031,"white",0.5,0,1,45,34.5,39,1,2,2,11,12,12,203395.55,161134.766666667,26549.6545689655,0,0,0,24,3,63,4,77,1,10,1,24,2500031,1,2025,"hs",1190.25,"hs",1521,"less_hs","less"
2502030,"white",0.5,0,1,33,29.5,37.5,4,2,1,16,12,9.5,161233.9,93798.6983333333,88781.7954022989,0,0,0,23,2,50,3,52,2,45,1,23,2502030,1,1089,"less_hs",870.25,"hs",1406.25,"college","less"
2502031,"white",0.5,0,0,33,29.5,36,5,2,1,17,12,9.5,108752.95,93798.6983333333,88781.7954022989,0,0,0,23,2,34,3,52,2,45,1,23,2502031,1,1089,"less_hs",870.25,"hs",1296,"higher","less"
2502032,"white",0.5,1,0,33,26.5,32,3,2,1,14,12,9.5,0,28790.39,88781.7954022989,0,0,0,23,0,0,1,18,2,45,1,23,2502032,1,1089,"less_hs",702.25,"hs",1024,"some_college","less"
2502033,"white",0.5,1,1,33,26.5,30.5,2,2,1,12,12,9.5,0,28790.39,88781.7954022989,1,0,0,23,0,0,1,18,2,45,1,23,2502033,1,1089,"less_hs",702.25,"hs",930.25,"hs","less"
2502035,"white",0.5,1,0,33,26.5,29,2,2,1,12,12,9.5,3107.2275,28790.39,88781.7954022989,0,0,0,23,1,1,1,18,2,45,1,23,2502035,1,1089,"less_hs",702.25,"hs",841,"hs","less"
2502034,"white",0.5,1,1,33,25.5,29,3,1,1,15,10,9.5,233042.1,0,88781.7954022989,0,0,0,23,3,69,0,0,2,45,1,23,2502034,1,1089,"less_hs",650.25,"less_hs",841,"some_college","less"
2509030,"white",0,1,1,47.5,37.5,39,4,3,1,16,14.1666666666667,11,437327.2,259037.816666667,199046.896551724,0,0,0,27,4,91,4,91,4,88,1,27,2509030,1,2256.25,"less_hs",1406.25,"some_college",1521,"college","less"
2509036,"white",0,1,1,47.5,37.5,31,3,3,1,14,14.1666666666667,11,269467.8,259037.816666667,199046.896551724,1,0,0,27,4,76,4,91,4,88,1,27,2509036,1,2256.25,"less_hs",1406.25,"some_college",961,"some_college","less"
2509037,"white",0,0,0,47.5,26.3333333333333,28,5,4,1,17,16,11,0,123225.833333333,199046.896551724,0,0,0,27,0,0,3,65,4,88,1,27,2509037,1,2256.25,"less_hs",693.444444444444,"college",784,"higher","less"
2509032,"white",0,0,0,47.5,39.5,37,4,5,1,16,16.8333333333333,11,621445.5,699614.816666667,199046.896551724,0,0,0,27,4,95,4,100,4,88,1,27,2509032,1,2256.25,"less_hs",1560.25,"higher",1369,"college","less"
2509034,"white",0,0,0,47.5,39.5,35,4,5,1,16,16.8333333333333,11,0,699614.816666667,199046.896551724,0,0,0,27,0,0,4,100,4,88,1,27,2509034,1,2256.25,"less_hs",1560.25,"higher",1225,"college","less"
2515033,"white",0.5,0,0,35,31.5,38,3,2,1,14,12,10.5,0,13754.035,91846.0255747127,0,0,0,19,0,0,1,7,2,47,1,19,2515033,1,1225,"less_hs",992.25,"hs",1444,"some_college","less"
2515035,"white",0.5,0,1,35,27.5,39,3,2,1,14,12,10.5,0,0,91846.0255747127,1,0,0,19,0,0,0,0,2,47,1,19,2515035,1,1225,"less_hs",756.25,"hs",1521,"some_college","less"
2515036,"white",0.5,0,1,35,27.5,37,3,2,1,13,12,10.5,0,0,91846.0255747127,0,0,0,19,0,0,0,0,2,47,1,19,2515036,1,1225,"less_hs",756.25,"hs",1369,"some_college","less"
2516030,"white",0.5,1,0,30,26,35,2,2,1,12,12,9,135000,0,21998.8326149425,0,0,0,19,2,42,0,0,1,7,1,19,2516030,1,900,"less_hs",676,"hs",1225,"hs","less"
2516031,"white",0.5,1,0,30,26,32,2,2,1,12,12,9,135000,0,21998.8326149425,0,0,0,19,2,42,0,0,1,7,1,19,2516031,1,900,"less_hs",676,"hs",1024,"hs","less"
2516032,"white",0.5,0,1,30,25.5,27,2,2,1,12,12,9,0,0,21998.8326149425,0,0,0,19,0,0,0,0,1,7,1,19,2516032,1,900,"less_hs",650.25,"hs",729,"hs","less"
2521030,"white",1,1,1,59.5,40.5,40,3,5,1,14,17,7,59555.2,119785.633333333,0,1,0,0,25,1,14,3,64,0,0,1,25,2521030,1,3540.25,"less_hs",1640.25,"higher",1600,"some_college","less"
2521031,"white",1,1,0,59.5,40.5,37,4,5,1,16,17,7,124289.1,119785.633333333,0,0,0,0,25,2,38,3,64,0,0,1,25,2521031,1,3540.25,"less_hs",1640.25,"higher",1369,"college","less"
2526030,"white",0.5,0,0,34.5,30.3333333333333,42,3,2,2,14,12,12.5,300365.3,146276.65,157538.040804597,1,0,0,24,4,80,3,72,4,78,1,24,2526030,1,1190.25,"hs",920.111111111111,"hs",1764,"some_college","less"
2526033,"white",0.5,0,0,34.5,28.5,29,3,2,2,14,12,12.5,193305.8,372133.333333333,157538.040804597,0,0,0,24,3,60,4,95,4,78,1,24,2526033,1,1190.25,"hs",812.25,"hs",841,"some_college","less"
2529030,"white",0.5,1,1,44.5,36,44,2,2,2,12,12,12,185806.2,80057.6466666667,128196.94454023,1,0,0,23,3,58,2,45,3,67,1,23,2529030,1,1980.25,"hs",1296,"hs",1936,"hs","less"
2530037,"white",0.5,0,1,42,25,28,3,2,2,13,12,12,0,0,73853.7370114943,0,0,0,23,0,0,0,0,2,39,1,23,2530037,1,1764,"hs",625,"hs",784,"some_college","less"
2530035,"white",0.5,0,1,42,31.5,36,2,3,2,12,12.1666666666667,12,3500,118778.55,73853.7370114943,1,0,0,23,1,1,3,63,2,39,1,23,2530035,1,1764,"hs",992.25,"some_college",1296,"hs","less"
2530036,"white",0.5,0,1,42,31.5,29.5,3,3,2,13,12.1666666666667,12,0,118778.55,73853.7370114943,0,0,0,23,0,0,3,63,2,39,1,23,2530036,1,1764,"hs",992.25,"some_college",870.25,"some_college","less"
2530030,"white",0.5,1,0,42,32.3333333333333,42,3,2,2,14,12,12,264825.25,11524.55,73853.7370114943,0,0,0,23,3,75,1,5,2,39,1,23,2530030,1,1764,"hs",1045.44444444444,"hs",1764,"some_college","less"
2530033,"white",0.5,1,0,42,32.3333333333333,39,4,2,2,15.5,12,12,191002.35,11524.55,73853.7370114943,0,0,0,23,3,59,1,5,2,39,1,23,2530033,1,1764,"hs",1045.44444444444,"hs",1521,"college","less"
2530179,"white",0.5,1,1,42,32.3333333333333,40,2,2,2,12,12,12,36250.99,11524.55,73853.7370114943,0,0,0,23,1,8,1,5,2,39,1,23,2530179,1,1764,"hs",1045.44444444444,"hs",1600,"hs","less"
2532030,"white",0.5,0,1,41.5,29.5,33,4,3,3.5,16,15,15,264289.1,0,137148.014367816,0,0,0,23,3,75,0,0,3,71,1,23,2532030,1,1722.25,NA,870.25,"some_college",1089,"college","more"
2532031,"white",0.5,0,0,41.5,29.5,29.5,3,3,3.5,14,15,15,0,0,137148.014367816,0,0,0,23,0,0,0,0,3,71,1,23,2532031,1,1722.25,NA,870.25,"some_college",870.25,"some_college","more"
2545031,"white",0.5,0,0,52.5,46.5,34,4,2,2,16,12,12,0,0,109536.198275862,0,0,0,32,0,0,0,0,3,59,1,32,2545031,1,2756.25,"hs",2162.25,"hs",1156,"college","less"
2545032,"white",0.5,0,0,52.5,42.5,34,3,2,2,13,12,12,0,76904.2933333333,109536.198275862,0,0,0,32,0,0,2,44,3,59,1,32,2545032,1,2756.25,"hs",1806.25,"hs",1156,"some_college","less"
2547030,"white",0.5,0,0,43,26,32,2,3,2.5,12,14,13,223395.55,153455.733333333,162908.86724138,0,0,0,28,3,67,3,75,4,80,1,28,2547030,1,1849,NA,676,"some_college",1024,"hs","more"
2566032,"white",0.5,1,1,40.5,31.5,37,3,2,1,15,12,9.5,0,0,5097.4951091954,0,0,0,23,0,0,0,0,1,1,1,23,2566032,1,1640.25,"less_hs",992.25,"hs",1369,"some_college","less"
2566033,"white",0.5,1,0,40.5,31.5,38,3,2,1,14,12,9.5,0,0,5097.4951091954,0,0,0,23,0,0,0,0,1,1,1,23,2566033,1,1640.25,"less_hs",992.25,"hs",1444,"some_college","less"
2566034,"white",0.5,1,0,40.5,31.5,36,3,2,1,14,12,9.5,0,0,5097.4951091954,0,0,0,23,0,0,0,0,1,1,1,23,2566034,1,1640.25,"less_hs",992.25,"hs",1296,"some_college","less"
2566035,"white",0.5,1,0,40.5,31.5,32,2,2,1,12,12,9.5,178574.25,0,5097.4951091954,0,0,0,23,3,56,0,0,1,1,1,23,2566035,1,1640.25,"less_hs",992.25,"hs",1024,"hs","less"
2566037,"white",0.5,1,1,40.5,31.5,30,2,2,1,12,12,9.5,41429.7,0,5097.4951091954,0,0,0,23,1,9,0,0,1,1,1,23,2566037,1,1640.25,"less_hs",992.25,"hs",900,"hs","less"
2569031,"white",0.5,0,0,51.5,39,46,3,2,2.5,14,12,13,0,8645.39333333333,89100.6685344828,1,0,0,23,0,0,1,3,2,46,1,23,2569031,1,2652.25,NA,1521,"hs",2116,"some_college","more"
2569033,"white",0.5,0,0,51.5,39,43,4,2,2.5,16,12,13,127555.2,8645.39333333333,89100.6685344828,0,0,0,23,2,40,1,3,2,46,1,23,2569033,1,2652.25,NA,1521,"hs",1849,"college","more"
2569032,"white",0.5,0,1,51.5,30.8333333333333,41,3,2,2.5,14,12,13,122733.9,92996.0083333333,89100.6685344828,0,0,0,23,2,38,3,51,2,46,1,23,2569032,1,2652.25,NA,950.694444444444,"hs",1681,"some_college","more"
2569034,"white",0.5,0,0,51.5,30.8333333333333,38,3,2,2.5,15,12,13,279914.6,92996.0083333333,89100.6685344828,1,0,0,23,4,77,3,51,2,46,1,23,2569034,1,2652.25,NA,950.694444444444,"hs",1444,"some_college","more"
2576030,"white",0.5,0,1,41,31.5,38,5,4,2,17,16,12,259110.4,87151.81,137085.688793103,0,0,0,27,3,74,2,48,3,71,1,27,2576030,1,1681,"hs",992.25,"college",1444,"higher","less"
2576031,"white",0.5,0,1,41,31.5,37,5,4,2,17,16,12,0,87151.81,137085.688793103,0,0,0,27,0,0,2,48,3,71,1,27,2576031,1,1681,"hs",992.25,"college",1369,"higher","less"
2576032,"white",0.5,0,0,41,31.5,34,5,4,2,16.5,16,12,62500,87151.81,137085.688793103,0,0,0,27,1,15,2,48,3,71,1,27,2576032,1,1681,"hs",992.25,"college",1156,"higher","less"
2578030,"white",0.5,1,1,50,31.5,41,-Inf,3,3.5,0,12.8333333333333,14.5,0,0,133810.464367816,0,0,0,27,0,0,0,0,3,70,1,27,2578030,1,2500,NA,992.25,"some_college",1681,NA,"more"
2579030,"white",0.5,1,1,56.5,39.5,43,4,3,1,16,13,9,252396.35,151870.983333333,87295.2036206897,0,0,0,27,3,73,3,74,2,44,1,27,2579030,1,3192.25,"less_hs",1560.25,"some_college",1849,"college","less"
2581030,"white",0.5,1,1,39,31.5,38,3,2,1,15,12,9.5,0,184048.716666667,76462.449137931,0,0,0,27,0,0,4,82,2,41,1,27,2581030,1,1521,"less_hs",992.25,"hs",1444,"some_college","less"
2581031,"white",0.5,1,1,39,31.5,35,3,2,1,13,12,9.5,231521.05,184048.716666667,76462.449137931,0,0,0,27,3,69,4,82,2,41,1,27,2581031,1,1521,"less_hs",992.25,"hs",1225,"some_college","less"
2586030,"white",0.5,1,0,40,26.6666666666667,32.5,5,4,3.5,17,16,14.5,168038.1,55317.8333333333,240009.062643678,0,0,0,25,3,53,2,30,4,93,1,25,2586030,1,1600,NA,711.111111111111,"college",1056.25,"higher","more"
2586031,"white",0.5,1,1,40,26.6666666666667,30.5,4,4,3.5,16,16,14.5,185002,55317.8333333333,240009.062643678,0,0,0,25,3,58,2,30,4,93,1,25,2586031,1,1600,NA,711.111111111111,"college",930.25,"college","more"
2586032,"white",0.5,1,0,40,26.6666666666667,28,5,4,3.5,17,16,14.5,107500,55317.8333333333,240009.062643678,0,0,0,25,2,33,2,30,4,93,1,25,2586032,1,1600,NA,711.111111111111,"college",784,"higher","more"
2587178,"black",0.5,0,1,51,36.5,33,3,2,1,14,11,6,35000,0,0,0,0,0,3,1,7,0,0,0,0,1,3,2587178,0,2601,"less_hs",1332.25,"hs",1089,"some_college","less"
2590030,"white",0.5,1,0,47,35.5,41,2,2,2.5,12,12,12.5,228931.7,86245.91,97672.4200574713,0,0,0,24,3,68,2,48,2,50,1,24,2590030,1,2209,NA,1260.25,"hs",1681,"hs","more"
2590032,"white",0.5,1,0,47,31.5,40,5,4,2.5,16,15.3333333333333,12.5,0,0,97672.4200574713,0,0,0,24,0,0,0,0,2,50,1,24,2590032,1,2209,NA,992.25,"college",1600,"higher","more"
2590034,"white",0.5,1,1,47,31.5,38,3,4,2.5,15,15.3333333333333,12.5,292861.4,0,97672.4200574713,0,0,0,24,4,79,0,0,2,50,1,24,2590034,1,2209,NA,992.25,"college",1444,"some_college","more"
2590035,"white",0.5,1,0,47,31.5,37,4,4,2.5,16,15.3333333333333,12.5,79929.7,0,97672.4200574713,1,0,0,24,1,22,0,0,2,50,1,24,2590035,1,2209,NA,992.25,"college",1369,"college","more"
2590038,"white",0.5,1,0,47,31.5,35.5,4,4,2.5,16,15.3333333333333,12.5,0,0,97672.4200574713,0,0,0,24,0,0,0,0,2,50,1,24,2590038,1,2209,NA,992.25,"college",1260.25,"college","more"
2590039,"white",0.5,1,0,47,31.5,33,2,4,2.5,12,15.3333333333333,12.5,61072.275,0,97672.4200574713,0,0,0,24,1,15,0,0,2,50,1,24,2590039,1,2209,NA,992.25,"college",1089,"hs","more"
2590037,"white",0.5,0,1,47,29.5,37,2,2,2.5,12,12,12.5,85483.315,77760.3116666667,97672.4200574713,0,0,0,24,1,25,2,44,2,50,1,24,2590037,1,2209,NA,870.25,"hs",1369,"hs","more"
2591033,"white",0.5,1,0,42.5,31.5,34,3,2,3,13,12,14,121126.7,15251.5683333333,137148.014367816,0,0,0,27,2,37,1,9,3,71,1,27,2591033,1,1806.25,"some_college",992.25,"hs",1156,"some_college","more"
2594030,"white",0.5,0,1,50.75,33.5,28.5,3,3,2,14,12.8333333333333,12,0,0,58864.3207471264,0,0,0,25,0,0,0,0,2,32,1,25,2594030,1,2575.5625,"hs",1122.25,"some_college",812.25,"some_college","less"
2599031,"white",0.5,0,1,56.5,37.5,39,4,3,3.5,16,14,14.5,172502,110300.1,109718.411494253,0,0,0,24,3,54,3,59,3,59,1,24,2599031,1,3192.25,NA,1406.25,"some_college",1521,"college","more"
2601032,"white",0.5,1,1,37,32.5,32,5,4,3,17,15.8333333333333,14,323395.55,69705.0583333333,171435.03045977,0,0,0,23,4,83,2,39,4,82,1,23,2601032,1,1369,"some_college",1056.25,"college",1024,"higher","more"
2601036,"white",0.5,1,0,37,32.5,29,4,4,3,16,15.8333333333333,14,4e+05,69705.0583333333,171435.03045977,0,0,0,23,4,89,2,39,4,82,1,23,2601036,1,1369,"some_college",1056.25,"college",841,"college","more"
2601035,"white",0.5,0,1,37,31.5,31,2,4,3,12,16,14,0,271549.15,171435.03045977,1,0,0,23,0,0,4,91,4,82,1,23,2601035,1,1369,"some_college",992.25,"college",961,"hs","more"
2601037,"white",0.5,0,1,37,31.5,29,3,4,3,14,16,14,0,271549.15,171435.03045977,0,0,0,23,0,0,4,91,4,82,1,23,2601037,1,1369,"some_college",992.25,"college",841,"some_college","more"
2601033,"white",0.5,0,1,37,28.5,31,3,3,3,14,15,14,0,145862.966666667,171435.03045977,0,0,0,23,0,0,3,72,4,82,1,23,2601033,1,1369,"some_college",812.25,"some_college",961,"some_college","more"
2601038,"white",0.5,0,1,37,28.5,29.5,3,3,3,14,15,14,0,145862.966666667,171435.03045977,0,0,0,23,0,0,3,72,4,82,1,23,2601038,1,1369,"some_college",812.25,"some_college",870.25,"some_college","more"
2603031,"white",0.5,0,1,37,27.6666666666667,33,3,3,2,13,13,12,113931.7,19756.3666666667,54676.9875287356,0,0,0,23,2,35,1,13,2,29,1,23,2603031,1,1369,"hs",765.444444444444,"some_college",1089,"some_college","less"
2610030,"white",0.5,0,1,29,27,36,3,3,2.5,14,12.6,12.5,244500,69712.8,144005.427586207,0,0,0,26,3,71,2,39,3,74,1,26,2610030,1,841,NA,729,"some_college",1296,"some_college","more"
2610031,"white",0.5,0,0,29,27,33.5,4,3,2.5,16,12.6,12.5,218216.85,69712.8,144005.427586207,0,0,0,26,3,66,2,39,3,74,1,26,2610031,1,841,NA,729,"some_college",1122.25,"college","more"
2611034,"white",0.5,1,0,36,34.5,38,3,3,1,14,14,8,197877.65,138513.983333333,102861.048275862,0,0,0,26,3,61,3,69,3,56,1,26,2611034,1,1296,"less_hs",1190.25,"some_college",1444,"some_college","less"
2611035,"white",0.5,1,0,36,34.5,37,2,3,1,12,14,8,30000,138513.983333333,102861.048275862,0,0,0,26,1,6,3,69,3,56,1,26,2611035,1,1296,"less_hs",1190.25,"some_college",1369,"hs","less"
2611036,"white",0.5,1,1,36,34.5,32.5,3,3,1,13,14,8,129269.65,138513.983333333,102861.048275862,0,0,0,26,2,41,3,69,3,56,1,26,2611036,1,1296,"less_hs",1190.25,"some_college",1056.25,"some_college","less"
2611030,"white",0.5,0,0,36,32.5,44,5,1,1,17,10,8,310540.1,104029.476666667,102861.048275862,0,0,0,26,4,82,3,57,3,56,1,26,2611030,1,1296,"less_hs",1056.25,"less_hs",1936,"higher","less"
2611032,"white",0.5,0,0,36,32.5,42,2,1,1,12,10,8,436291.45,104029.476666667,102861.048275862,0,0,0,26,4,91,3,57,3,56,1,26,2611032,1,1296,"less_hs",1056.25,"less_hs",1764,"hs","less"
2611031,"white",0.5,0,1,36,32.6666666666667,43,3,2,1,14,12,8,0,68485.7833333333,102861.048275862,0,0,0,26,0,0,2,38,3,56,1,26,2611031,1,1296,"less_hs",1067.11111111111,"hs",1849,"some_college","less"
2611033,"white",0.5,0,1,36,32.6666666666667,38,3,2,1,14,12,8,187859.4,68485.7833333333,102861.048275862,0,0,0,26,3,58,2,38,3,56,1,26,2611033,1,1296,"less_hs",1067.11111111111,"hs",1444,"some_college","less"
2613030,"white",0.5,0,1,26.5,26,28,2,2,2,12,12,12,116179.9,212876.633333333,64857.5927298851,0,0,0,25,2,36,4,86,2,35,1,25,2613030,1,702.25,"hs",676,"hs",784,"hs","less"
2615031,"white",0.5,1,1,55,46.5,45,4,2,1,16,12,8,411791.1,160519.766666667,191010.622988506,0,0,0,26,4,89,4,77,4,86,1,26,2615031,1,3025,"less_hs",2162.25,"hs",2025,"college","less"
2615033,"white",0.5,1,1,55,46.5,43,3,2,1,14,12,8,334646.55,160519.766666667,191010.622988506,0,0,0,26,4,84,4,77,4,86,1,26,2615033,1,3025,"less_hs",2162.25,"hs",1849,"some_college","less"
2615035,"white",0.5,1,1,55,46.5,40,3,2,1,14,12,8,282235.9,160519.766666667,191010.622988506,0,0,0,26,4,77,4,77,4,86,1,26,2615035,1,3025,"less_hs",2162.25,"hs",1600,"some_college","less"
2615039,"white",0.5,1,1,55,46.5,37,3,2,1,14,12,8,297593.3,160519.766666667,191010.622988506,0,0,0,26,4,79,4,77,4,86,1,26,2615039,1,3025,"less_hs",2162.25,"hs",1369,"some_college","less"
2615036,"white",0.5,1,1,55,37.5,39,2,2,1,12,12,8,292414.6,251733.933333333,191010.622988506,0,0,0,26,4,79,4,90,4,86,1,26,2615036,1,3025,"less_hs",1406.25,"hs",1521,"hs","less"
2615041,"white",0.5,1,0,55,37.5,36,2,2,1,12,12,8,574116.3,251733.933333333,191010.622988506,0,0,0,26,4,95,4,90,4,86,1,26,2615041,1,3025,"less_hs",1406.25,"hs",1296,"hs","less"
2615045,"white",0.5,1,0,55,37.5,33,2,2,1,12,12,8,0,251733.933333333,191010.622988506,0,0,0,26,0,0,4,90,4,86,1,26,2615045,1,3025,"less_hs",1406.25,"hs",1089,"hs","less"
2615030,"white",0.5,1,1,55,34.5,43,4,2,1,16,12,8,495542.05,134439.15,191010.622988506,0,0,0,26,4,93,3,68,4,86,1,26,2615030,1,3025,"less_hs",1190.25,"hs",1849,"college","less"
2615034,"white",0.5,1,0,55,34.5,41,4,2,1,16,12,8,135000,134439.15,191010.622988506,0,0,0,26,2,42,3,68,4,86,1,26,2615034,1,3025,"less_hs",1190.25,"hs",1681,"college","less"
2615047,"white",0.5,0,1,55,30.5,30,3,2,1,14,12,8,242181.1,127434.991666667,191010.622988506,0,0,0,26,3,71,3,66,4,86,1,26,2615047,1,3025,"less_hs",930.25,"hs",900,"some_college","less"
2621030,"white",0,0,0,46.5,38.1666666666667,37,2,2,2,12,12,12,0,181496.516666667,102861.048275862,0,0,0,25,0,0,4,82,3,56,1,25,2621030,1,2162.25,"hs",1456.69444444444,"hs",1369,"hs","less"
2621031,"white",0,0,1,46.5,38.1666666666667,33,3,2,2,13,12,12,307772,181496.516666667,102861.048275862,0,0,0,25,4,81,4,82,3,56,1,25,2621031,1,2162.25,"hs",1456.69444444444,"hs",1089,"some_college","less"
2628031,"white",0.5,0,0,35,29.5,32,5,4,4.5,17,16,16.5,323967.8,137288.238333333,385136.600574713,0,0,0,29,4,83,3,69,4,100,1,29,2628031,1,1225,NA,870.25,"college",1024,"higher","more"
2628032,"white",0.5,0,0,35,29.5,31,4,4,4.5,16,16,16.5,458935.65,137288.238333333,385136.600574713,0,0,0,29,4,92,3,69,4,100,1,29,2628032,1,1225,NA,870.25,"college",961,"college","more"
2628033,"white",0.5,0,0,35,29.5,27.5,4,4,4.5,16,16,16.5,325361.4,137288.238333333,385136.600574713,0,0,0,29,4,83,3,69,4,100,1,29,2628033,1,1225,NA,870.25,"college",756.25,"college","more"
2628034,"white",0.5,0,1,35,25,27,-Inf,3,4.5,0,13,16.5,0,0,385136.600574713,0,0,0,29,0,0,0,0,4,100,1,29,2628034,1,1225,NA,625,"some_college",729,NA,"more"
2632030,"white",0.5,1,0,44.5,39.5,39,2,3,1.5,12,13.6666666666667,11,6178.715,69916.295,48184.0357471265,1,0,0,29,1,2,2,39,1,25,1,29,2632030,1,1980.25,NA,1560.25,"some_college",1521,"hs","more"
2632031,"white",0.5,0,1,44.5,27.5,39,2,2,1.5,12,12,11,49893.565,0,48184.0357471265,0,0,0,29,1,11,0,0,1,25,1,29,2632031,1,1980.25,NA,756.25,"hs",1521,"hs","more"
2632033,"white",0.5,0,1,44.5,27.5,37,4,2,1.5,16,12,11,0,0,48184.0357471265,0,0,0,29,0,0,0,0,1,25,1,29,2632033,1,1980.25,NA,756.25,"hs",1369,"college","more"
2643030,"white",0.5,0,1,48.5,36.5,38.5,3,5,4,14,16.1666666666667,15.5,459201.7,547085.61,119731.211494253,0,0,0,27,4,92,4,99,3,63,1,27,2643030,1,2352.25,"college",1332.25,"higher",1482.25,"some_college","more"
2643031,"white",0.5,0,1,48.5,36.5,34,4,5,4,16,16.1666666666667,15.5,496791.1,547085.61,119731.211494253,0,0,0,27,4,93,4,99,3,63,1,27,2643031,1,2352.25,"college",1332.25,"higher",1156,"college","more"
2643032,"white",0.5,0,0,48.5,36.5,30.5,5,5,4,17,16.1666666666667,15.5,0,547085.61,119731.211494253,0,0,0,27,0,0,4,99,3,63,1,27,2643032,1,2352.25,"college",1332.25,"higher",930.25,"higher","more"
2644030,"black",0.5,0,1,46.25,36.5,46,2,2,3,12,12,14,0,56148.0666666667,0,1,0,0,23,0,0,2,31,0,0,1,23,2644030,0,2139.0625,"some_college",1332.25,"hs",2116,"hs","more"
2646172,"black",0.5,1,0,42,36.6666666666667,42.5,5,3,2,17,13.8333333333333,12,274646.55,13003.9733333333,169612.798275862,0,0,0,23,4,76,1,6,4,81,1,23,2646172,0,1764,"hs",1344.44444444444,"some_college",1806.25,"higher","less"
2646173,"black",0.5,1,1,42,36.6666666666667,39,4,3,2,16,13.8333333333333,12,422861.4,13003.9733333333,169612.798275862,0,0,0,23,4,90,1,6,4,81,1,23,2646173,0,1764,"hs",1344.44444444444,"some_college",1521,"college","less"
2646030,"black",0.5,0,1,42,27,34,2,3,2,12,13,12,0,431214.84,169612.798275862,0,0,0,23,0,0,4,97,4,81,1,23,2646030,0,1764,"hs",729,"some_college",1156,"hs","less"
2646031,"black",0.5,0,0,42,27,32.5,3,3,2,7,13,12,325000,431214.84,169612.798275862,0,0,0,23,4,83,4,97,4,81,1,23,2646031,0,1764,"hs",729,"some_college",1056.25,"some_college","less"
2646032,"black",0.5,0,1,42,26.3333333333333,29,1,2,2,9,12,12,0,0,169612.798275862,0,0,0,23,0,0,0,0,4,81,1,23,2646032,0,1764,"hs",693.444444444444,"hs",841,"less_hs","less"
2656033,"white",0.5,1,1,41.5,35.3333333333333,30,4,4,1.5,16,16,10.5,0,282088.433333333,0,0,0,0,29,0,0,4,92,0,0,1,29,2656033,1,1722.25,NA,1248.44444444444,"college",900,"college","more"
2661031,"white",0.5,0,1,48.5,35,43,2,1,1,12,8.83333333333333,5.5,0,56514.2433333333,0,0,0,0,17,0,0,2,31,0,0,1,17,2661031,1,2352.25,"less_hs",1225,"less_hs",1849,"hs","less"
2661034,"white",0.5,0,0,48.5,35,39,2,1,1,12,8.83333333333333,5.5,0,56514.2433333333,0,0,0,0,17,0,0,2,31,0,0,1,17,2661034,1,2352.25,"less_hs",1225,"less_hs",1521,"hs","less"
2661036,"white",0.5,0,1,48.5,35,37,2,1,1,12,8.83333333333333,5.5,164734.3,56514.2433333333,0,0,0,0,17,3,51,2,31,0,0,1,17,2661036,1,2352.25,"less_hs",1225,"less_hs",1369,"hs","less"
2661035,"white",0.5,1,0,48.5,31.6666666666667,38,2,1,1,12,9.83333333333333,5.5,10357.425,36648.8416666667,0,0,0,0,17,1,3,1,23,0,0,1,17,2661035,1,2352.25,"less_hs",1002.77777777778,"less_hs",1444,"hs","less"
2661039,"white",0.5,1,1,48.5,29,33,1,1,1,11,10,5.5,31072.275,28643.535,0,0,0,0,17,1,6,1,18,0,0,1,17,2661039,1,2352.25,"less_hs",841,"less_hs",1089,"less_hs","less"
2661040,"white",0.5,1,0,48.5,29,29.5,3,1,1,13,10,5.5,80000,28643.535,0,0,0,0,17,1,22,1,18,0,0,1,17,2661040,1,2352.25,"less_hs",841,"less_hs",870.25,"some_college","less"
2661030,"white",0.5,0,0,48.5,28,40,3,1,1,14,7,5.5,178038.1,0,0,1,0,0,17,3,55,0,0,0,0,1,17,2661030,1,2352.25,"less_hs",784,"less_hs",1600,"some_college","less"
2661037,"white",0.5,0,0,48.5,28,36.5,4,1,1,16,7,5.5,93125.495,0,0,0,0,0,17,2,28,0,0,0,0,1,17,2661037,1,2352.25,"less_hs",784,"less_hs",1332.25,"college","less"
2661041,"white",0.5,1,1,48.5,26.5,29,2,2,1,12,12,5.5,25536.14,0,0,0,0,0,17,1,5,0,0,0,0,1,17,2661041,1,2352.25,"less_hs",702.25,"hs",841,"hs","less"
2665033,"black",0.5,0,1,53,29.3333333333333,42,3,1,1,14,10.1666666666667,6.5,0,0,51886.077183908,0,0,0,13,0,0,0,0,2,28,1,13,2665033,0,2809,"less_hs",860.444444444444,"less_hs",1764,"some_college","less"
2672030,"white",0.5,1,1,40,31.5,31,4,2,2,16,11.1666666666667,12,345897.5,0,216645.962643678,0,0,0,29,4,85,0,0,4,91,1,29,2672030,1,1600,"hs",992.25,"hs",961,"college","less"
2672031,"white",0.5,0,1,40,27.5,29.5,3,3,2,6.5,13,12,345897.5,0,216645.962643678,0,0,0,29,4,85,0,0,4,91,1,29,2672031,1,1600,"hs",756.25,"some_college",870.25,"some_college","less"
2673030,"white",0.5,1,1,50.5,32.5,35,5,4,1,17,15.6666666666667,9.5,559829.2,454530.616666667,171252.817241379,0,0,0,29,4,94,4,98,4,82,1,29,2673030,1,2550.25,"less_hs",1056.25,"college",1225,"higher","less"
2674030,"white",0.5,0,0,58,37.5,36,4,2,1,16,12,10,363879.9,539809.6,113238.224712644,0,0,0,29,4,87,4,99,3,60,1,29,2674030,1,3364,"less_hs",1406.25,"hs",1296,"college","less"
2678034,"white",0.5,0,1,46.5,27.5,32,5,2,1,17,12,8,328198.55,71149.4183333333,129413.891666667,0,0,0,23,4,83,2,40,3,67,1,23,2678034,1,2162.25,"less_hs",756.25,"hs",1024,"higher","less"
2678037,"white",0.5,0,1,46.5,27.5,29,5,2,1,17,12,8,177520.25,71149.4183333333,129413.891666667,0,0,0,23,3,55,2,40,3,67,1,23,2678037,1,2162.25,"less_hs",756.25,"hs",841,"higher","less"
2680032,"white",0.5,0,1,36.75,30.5,30,4,2,1.5,16,12,10.5,220091.35,149245.883333333,0,0,0,0,23,3,67,3,73,0,0,1,23,2680032,1,1350.5625,NA,930.25,"hs",900,"college","more"
2680033,"white",0.5,1,0,36.75,27,28,3,1,1.5,14,11,10.5,121965.85,0,0,0,0,0,23,2,37,0,0,0,0,1,23,2680033,1,1350.5625,NA,729,"less_hs",784,"some_college","more"
2680034,"white",0.5,1,1,36.75,27,27,2,1,1.5,12,11,10.5,182144.55,0,0,0,0,0,23,3,57,0,0,0,0,1,23,2680034,1,1350.5625,NA,729,"less_hs",729,"hs","more"
2680175,"white",0.5,1,0,36.75,27,32,2,1,1.5,12,11,10.5,80787.92,0,0,0,0,0,23,1,22,0,0,0,0,1,23,2680175,1,1350.5625,NA,729,"less_hs",1024,"hs","more"
2688030,"black",0.5,1,1,50,33.3333333333333,42,2,2,1,12,12,9.5,0,0,76826.8755747126,0,0,0,2,0,0,0,0,2,41,1,2,2688030,0,2500,"less_hs",1111.11111111111,"hs",1764,"hs","less"
2688031,"black",0.5,1,0,50,33.3333333333333,41,4,2,1,16,12,9.5,0,0,76826.8755747126,1,0,0,2,0,0,0,0,2,41,1,2,2688031,0,2500,"less_hs",1111.11111111111,"hs",1681,"college","less"
2688032,"black",0.5,1,0,50,33.3333333333333,40,4,2,1,16,12,9.5,82965.05,0,76826.8755747126,0,0,0,2,1,23,0,0,2,41,1,2,2688032,0,2500,"less_hs",1111.11111111111,"hs",1600,"college","less"
2688035,"black",0.5,1,1,50,33.3333333333333,36,3,2,1,14,12,9.5,0,0,76826.8755747126,0,0,0,2,0,0,0,0,2,41,1,2,2688035,0,2500,"less_hs",1111.11111111111,"hs",1296,"some_college","less"
2701187,"black",0,1,0,49,35,38,3,1,1,13,6,2,70430.5,91955.54,25760.8128735632,0,0,0,22,1,18,3,51,1,9,1,22,2701187,0,2401,"less_hs",1225,"less_hs",1444,"some_college","less"
2701188,"black",0,1,0,49,35,37,2,1,1,12,6,2,0,91955.54,25760.8128735632,1,0,0,22,0,0,3,51,1,9,1,22,2701188,0,2401,"less_hs",1225,"less_hs",1369,"hs","less"
2701031,"black",0,0,0,49,35.5,43,-Inf,2,1,0,11.1666666666667,2,0,0,25760.8128735632,1,0,0,22,0,0,0,0,1,9,1,22,2701031,0,2401,"less_hs",1260.25,"hs",1849,NA,"less"
2701040,"black",0,0,0,49,29.6666666666667,32,2,3,1,12,12.6666666666667,2,0,0,25760.8128735632,0,0,0,22,0,0,0,0,1,9,1,22,2701040,0,2401,"less_hs",880.111111111111,"some_college",1024,"hs","less"
2701041,"black",0,0,0,49,29.6666666666667,42,1,3,1,11,12.6666666666667,2,0,0,25760.8128735632,0,0,0,22,0,0,0,0,1,9,1,22,2701041,0,2401,"less_hs",880.111111111111,"some_college",1764,"less_hs","less"
2701181,"black",0,0,1,49,29.6666666666667,35.5,1,3,1,11,12.6666666666667,2,0,0,25760.8128735632,0,0,0,22,0,0,0,0,1,9,1,22,2701181,0,2401,"less_hs",880.111111111111,"some_college",1260.25,"less_hs","less"
2701182,"black",0,0,1,49,29.6666666666667,34.5,3,3,1,14,12.6666666666667,2,0,0,25760.8128735632,0,0,0,22,0,0,0,0,1,9,1,22,2701182,0,2401,"less_hs",880.111111111111,"some_college",1190.25,"some_college","less"
2701190,"black",0,0,0,49,29.6666666666667,44,3,3,1,14,12.6666666666667,2,0,0,25760.8128735632,0,0,0,22,0,0,0,0,1,9,1,22,2701190,0,2401,"less_hs",880.111111111111,"some_college",1936,"some_college","less"
2701035,"black",0,0,0,49,26.2,35,1,1,1,9,9.2,2,0,0,25760.8128735632,1,0,0,22,0,0,0,0,1,9,1,22,2701035,0,2401,"less_hs",686.44,"less_hs",1225,"less_hs","less"
2701037,"black",0,0,1,49,26.2,32,3,1,1,15,9.2,2,0,0,25760.8128735632,0,0,0,22,0,0,0,0,1,9,1,22,2701037,0,2401,"less_hs",686.44,"less_hs",1024,"some_college","less"
2701038,"black",0,0,1,49,26.2,31,2,1,1,12,9.2,2,0,0,25760.8128735632,1,0,0,22,0,0,0,0,1,9,1,22,2701038,0,2401,"less_hs",686.44,"less_hs",961,"hs","less"
2707035,"white",0.5,0,1,37.5,27.6666666666667,31,1,2,1,5.5,11.8333333333333,10,60804.205,0,12046.0114367816,1,0,0,26,1,15,0,0,1,2,1,26,2707035,1,1406.25,"less_hs",765.444444444444,"hs",961,"less_hs","less"
2707036,"white",0.5,0,1,37.5,26.8,31,3,2,1,14,12,10,0,60672.838,12046.0114367816,0,0,0,26,0,0,2,34,1,2,1,26,2707036,1,1406.25,"less_hs",718.24,"hs",961,"some_college","less"
2707038,"white",0.5,0,0,37.5,26.8,27.5,4,2,1,16,12,10,0,60672.838,12046.0114367816,0,0,0,26,0,0,2,34,1,2,1,26,2707038,1,1406.25,"less_hs",718.24,"hs",756.25,"college","less"
2708032,"white",0.5,0,0,40.5,35,39,2,3,3.5,12,13,14.5,0,0,22605.451091954,1,0,0,26,0,0,0,0,1,8,1,26,2708032,1,1640.25,NA,1225,"some_college",1521,"hs","more"
2714031,"white",0.5,0,1,31,30.5,41,3,2,1.5,14,12,9.5,0,0,54859.2157471265,0,0,0,22,0,0,0,0,2,30,1,22,2714031,1,961,NA,930.25,"hs",1681,"some_college","more"
2714032,"white",0.5,0,1,31,27.5,39,2,2,1.5,12,12,9.5,0,0,54859.2157471265,0,0,0,22,0,0,0,0,2,30,1,22,2714032,1,961,NA,756.25,"hs",1521,"hs","more"
2714033,"white",0.5,0,0,31,27.5,35.5,2,2,1.5,12,12,9.5,0,0,54859.2157471265,0,0,0,22,0,0,0,0,2,30,1,22,2714033,1,961,NA,756.25,"hs",1260.25,"hs","more"
2717030,"white",0.5,0,0,34.5,30.1666666666667,36,2,2,1,12,12,10.5,0,148588.396666667,109718.411494253,0,0,0,25,0,0,3,73,3,59,1,25,2717030,1,1190.25,"less_hs",910.027777777778,"hs",1296,"hs","less"
2717031,"white",0.5,0,0,34.5,30.1666666666667,36,2,2,1,12,12,10.5,0,148588.396666667,109718.411494253,0,0,0,25,0,0,3,73,3,59,1,25,2717031,1,1190.25,"less_hs",910.027777777778,"hs",1296,"hs","less"
2717033,"white",0.5,0,1,34.5,30.1666666666667,31,3,2,1,13,12,10.5,128287.5,148588.396666667,109718.411494253,1,0,0,25,2,40,3,73,3,59,1,25,2717033,1,1190.25,"less_hs",910.027777777778,"hs",961,"some_college","less"
2717034,"white",0.5,0,0,34.5,26,30,5,2,1,17,12,10.5,381701.7,198677.375,109718.411494253,0,0,0,25,4,88,4,84,3,59,1,25,2717034,1,1190.25,"less_hs",676,"hs",900,"higher","less"
2717036,"white",0.5,0,0,34.5,26,27,4,2,1,16,12,10.5,125000,198677.375,109718.411494253,0,0,0,25,2,39,4,84,3,59,1,25,2717036,1,1190.25,"less_hs",676,"hs",729,"college","less"
2722030,"black",0,0,0,48.5,34.6666666666667,37,5,3,3,17,14.8333333333333,14,0,0,0,0,0,0,3,0,0,0,0,0,0,1,3,2722030,0,2352.25,"some_college",1201.77777777778,"some_college",1369,"higher","more"
2731034,"black",0.5,1,1,28.25,28.5,29,2,2,-Inf,12,12,11,0,50292.225,66751.75,1,0,0,28,0,0,2,29,2,36,1,28,2731034,0,798.0625,NA,812.25,"hs",841,"hs","more"
2731175,"black",0.5,1,0,28.25,28.5,30,2,2,-Inf,12,12,11,0,50292.225,66751.75,1,0,0,28,0,0,2,29,2,36,1,28,2731175,0,798.0625,NA,812.25,"hs",900,"hs","more"
2731031,"black",0.5,0,0,28.25,26.5,36,3,2,-Inf,14,12,11,0,0,66751.75,1,0,0,28,0,0,0,0,2,36,1,28,2731031,0,798.0625,NA,702.25,"hs",1296,"some_college","more"
2731033,"black",0.5,0,1,28.25,25.5,33,2,1,-Inf,12,11,11,0,88010.2,66751.75,0,0,0,28,0,0,2,49,2,36,1,28,2731033,0,798.0625,NA,650.25,"less_hs",1089,"hs","more"
2752030,"white",0.5,1,0,39.5,33.6666666666667,38,3,2,2,13,12,12,0,95742.79,0,0,0,0,24,0,0,3,53,0,0,1,24,2752030,1,1560.25,"hs",1133.44444444444,"hs",1444,"some_college","less"
2752031,"white",0.5,1,1,39.5,33.6666666666667,34,3,2,2,13,12,12,0,95742.79,0,0,0,0,24,0,0,3,53,0,0,1,24,2752031,1,1560.25,"hs",1133.44444444444,"hs",1156,"some_college","less"
2752032,"white",0.5,1,1,39.5,33.6666666666667,31,2,2,2,12,12,12,0,95742.79,0,1,0,0,24,0,0,3,53,0,0,1,24,2752032,1,1560.25,"hs",1133.44444444444,"hs",961,"hs","less"
2753030,"white",0.5,1,0,45.5,36.5,39,5,5,5,17,16.1666666666667,17,80000,25159.2333333333,222956.686206896,0,0,0,22,1,22,1,16,4,92,1,22,2753030,1,2070.25,"higher",1332.25,"higher",1521,"higher","more"
2753031,"white",0.5,1,1,45.5,36.5,35,5,5,5,17,16.1666666666667,17,211074.25,25159.2333333333,222956.686206896,0,0,0,22,3,65,1,16,4,92,1,22,2753031,1,2070.25,"higher",1332.25,"higher",1225,"higher","more"
2753033,"white",0.5,0,0,45.5,29,32,4,4,5,16,16,17,100769.25,0,222956.686206896,0,0,0,22,2,31,0,0,4,92,1,22,2753033,1,2070.25,"higher",841,"college",1024,"college","more"
2753034,"white",0.5,1,0,45.5,27.3333333333333,29,4,4,5,16,16,17,0,0,222956.686206896,0,0,0,22,0,0,0,0,4,92,1,22,2753034,1,2070.25,"higher",747.111111111111,"college",841,"college","more"
2760030,"white",0.5,1,0,56.5,34.5,42.5,3,2,1,15,12,6.5,346076.25,127597.575,0,0,0,0,17,4,85,3,66,0,0,1,17,2760030,1,3192.25,"less_hs",1190.25,"hs",1806.25,"some_college","less"
2763174,"black",0,0,0,37.5,35.5,41,3,2,1,14,12,10,0,0,0,1,0,0,22,0,0,0,0,0,0,1,22,2763174,0,1406.25,"less_hs",1260.25,"hs",1681,"some_college","less"
2776030,"white",0,0,1,42,33.5,29,4,2,2,16,12,12,0,17962.6168333333,34287.011091954,1,0,0,26,0,0,1,12,1,16,1,26,2776030,1,1764,"hs",1122.25,"hs",841,"college","less"
2780031,"white",0.5,1,0,55.5,33.5,39,2,3,1,12,12.8333333333333,6,305361.4,17683.7666666667,337777.367816092,0,0,0,23,4,80,1,11,4,98,1,23,2780031,1,3080.25,"less_hs",1122.25,"some_college",1521,"hs","less"
2780032,"white",0.5,1,0,55.5,33.5,42,2,3,1,12,12.8333333333333,6,273146.55,17683.7666666667,337777.367816092,0,0,0,23,4,76,1,11,4,98,1,23,2780032,1,3080.25,"less_hs",1122.25,"some_college",1764,"hs","less"
2781032,"white",0.5,0,0,40,36.5,36,4,4,1.5,16,16,11,152680.7,129006.433333333,234652.787356322,0,0,0,23,2,47,3,67,4,93,1,23,2781032,1,1600,NA,1332.25,"college",1296,"college","more"
2781033,"white",0.5,0,0,40,36.5,39,3,4,1.5,14,16,11,142502,129006.433333333,234652.787356322,0,0,0,23,2,44,3,67,4,93,1,23,2781033,1,1600,NA,1332.25,"college",1521,"some_college","more"
2781031,"white",0.5,0,0,40,32.5,38,4,3,1.5,16,13.8333333333333,11,259467.8,157529.15,234652.787356322,1,0,0,23,3,74,4,76,4,93,1,23,2781031,1,1600,NA,1056.25,"some_college",1444,"college","more"
2782031,"white",0.5,0,1,41,34.5,39,3,2,2,14,12,12,183216.85,159604.616666667,188122.98045977,0,0,0,24,3,57,4,77,4,85,1,24,2782031,1,1681,"hs",1190.25,"hs",1521,"some_college","less"
2782032,"white",0.5,0,0,41,34.5,37,5,2,2,17,12,12,102305,159604.616666667,188122.98045977,0,0,0,24,2,32,4,77,4,85,1,24,2782032,1,1681,"hs",1190.25,"hs",1369,"higher","less"
2783030,"white",0.5,0,1,56.5,35.5,33.5,5,5,2.5,17,16.8333333333333,13,481935.25,420621.583333333,133445.987931034,0,0,0,24,4,92,4,96,3,69,1,24,2783030,1,3192.25,NA,1260.25,"higher",1122.25,"higher","more"
2783031,"white",0.5,0,0,56.5,35.5,29,4,5,2.5,16,16.8333333333333,13,401612.35,420621.583333333,133445.987931034,1,0,0,24,4,89,4,96,3,69,1,24,2783031,1,3192.25,NA,1260.25,"higher",841,"college","more"
2786009,"white",0,0,1,62.5,47.5,51,2,1,1,12,10,8,0,0,0,0,0,0,29,0,0,0,0,0,0,1,29,2786009,1,3906.25,"less_hs",2256.25,"less_hs",2601,"hs","less"
2786030,"white",0,0,1,62.5,47.5,43.5,1,1,1,9,10,8,0,0,0,0,0,0,29,0,0,0,0,0,0,1,29,2786030,1,3906.25,"less_hs",2256.25,"less_hs",1892.25,"less_hs","less"
2786031,"white",0.5,0,1,31.25,27.5,36,1,2,-Inf,8,10.3333333333333,10,0,34394.95,0,0,0,0,29,0,0,1,21,0,0,1,29,2786031,1,976.5625,NA,756.25,"hs",1296,"less_hs","more"
2786032,"white",0.5,0,0,31.25,27.5,31,1,2,-Inf,10,10.3333333333333,10,0,34394.95,0,0,0,0,29,0,0,1,21,0,0,1,29,2786032,1,976.5625,NA,756.25,"hs",961,"less_hs","more"
2799030,"white",0.5,0,0,41.5,30.5,39,2,2,4.5,12,12,16.5,0,16463.6416666667,189034.096551724,0,0,0,24,0,0,1,10,4,86,1,24,2799030,1,1722.25,NA,930.25,"hs",1521,"hs","more"
2800034,"white",0.5,1,1,34,31.3333333333333,32,2,2,1.5,12,12,10,63125.495,104475.59,215734.796551724,1,0,0,24,1,16,3,57,4,90,1,24,2800034,1,1156,NA,981.777777777778,"hs",1024,"hs","more"
2800033,"white",0.5,1,1,34,30.5,35,2,2,1.5,12,12,10,87000,108954.795,215734.796551724,0,0,0,24,1,25,3,59,4,90,1,24,2800033,1,1156,NA,930.25,"hs",1225,"hs","more"
2800035,"white",0.5,1,0,34,30.5,31,3,2,1.5,15,12,10,85000,108954.795,215734.796551724,0,0,0,24,1,24,3,59,4,90,1,24,2800035,1,1156,NA,930.25,"hs",961,"some_college","more"
2801030,"white",0.5,1,0,42,34.5,40,4,2,1.5,16,12,10,0,85744.625,0,1,0,0,23,0,0,2,48,0,0,1,23,2801030,1,1764,NA,1190.25,"hs",1600,"college","more"
2801031,"white",0.5,1,1,42,34.5,36,2,2,1.5,12,12,10,10268.07,85744.625,0,1,0,0,23,1,3,2,48,0,0,1,23,2801031,1,1764,NA,1190.25,"hs",1296,"hs","more"
2801032,"white",0.5,1,1,42,33.5,36,5,3,1.5,17,13.6666666666667,10,152680.7,114932.576666667,0,0,0,0,23,2,47,3,61,0,0,1,23,2801032,1,1764,NA,1122.25,"some_college",1296,"higher","more"
2801035,"white",0.5,1,0,42,33.5,29.5,5,3,1.5,16.5,13.6666666666667,10,150359.4,114932.576666667,0,0,0,0,23,2,47,3,61,0,0,1,23,2801035,1,1764,NA,1122.25,"some_college",870.25,"higher","more"
2801033,"white",0.5,1,0,42,31.5,35,4,2,1.5,16,12,10,275000,80647.754,0,0,0,0,23,4,77,2,45,0,0,1,23,2801033,1,1764,NA,992.25,"hs",1225,"college","more"
2805030,"white",0,0,1,56.5,36.5,44,3,4,4,14,16,16,0,0,120460.114367816,0,0,0,23,0,0,0,0,3,64,1,23,2805030,1,3192.25,"college",1332.25,"college",1936,"some_college","more"
2805031,"white",0,0,0,56.5,36.5,41,3,4,4,13,16,16,0,0,120460.114367816,0,0,0,23,0,0,0,0,3,64,1,23,2805031,1,3192.25,"college",1332.25,"college",1681,"some_college","more"
2806032,"white",0.5,1,1,37,26.4,34,2,2,1.5,12,12,10.5,32518.265,8188.123,24000.9062643678,0,0,0,23,1,7,1,3,1,8,1,23,2806032,1,1369,NA,696.96,"hs",1156,"hs","more"
2806033,"white",0.5,1,1,37,26.4,31,3,2,1.5,14,12,10.5,96787.15,8188.123,24000.9062643678,0,0,0,23,2,29,1,3,1,8,1,23,2806033,1,1369,NA,696.96,"hs",961,"some_college","more"
2807030,"white",0.5,1,1,30.5,26,31,3,2,2,14,12,12,70000,0,0,0,0,0,23,1,18,0,0,0,0,1,23,2807030,1,930.25,"hs",676,"hs",961,"some_college","less"
2816030,"white",0.5,1,0,36.5,32.5,35,-Inf,3,2.5,0,13,13,290007.9,207128.05,136965.801149426,0,0,0,24,4,78,4,86,3,71,1,24,2816030,1,1332.25,NA,1056.25,"some_college",1225,NA,"more"
2816033,"white",0.5,0,0,36.5,25,28,3,2,2.5,13,12,13,229467.8,187685.5,136965.801149426,0,0,0,24,3,69,4,83,3,71,1,24,2816033,1,1332.25,NA,625,"hs",784,"some_college","more"
2818030,"white",0.5,1,0,47.5,38.3333333333333,32,4,5,2,16,16.8333333333333,12,0,558487.966666667,138816.814367816,1,0,0,32,0,0,4,99,3,73,1,32,2818030,1,2256.25,"hs",1469.44444444444,"higher",1024,"college","less"
2831031,"white",0.5,1,1,36.5,32.5,35,-Inf,1,1,0,10.8333333333333,6,10357423,27172.505,64478.758275862,0,0,0,7,4,100,1,17,2,35,1,7,2831031,1,1332.25,"less_hs",1056.25,"less_hs",1225,NA,"less"
2845030,"white",0.5,0,0,38.5,33.6666666666667,41,5,3,1,17,12.8333333333333,6,0,518773.766666667,0,0,0,0,26,0,0,4,99,0,0,1,26,2845030,1,1482.25,"less_hs",1133.44444444444,"some_college",1681,"higher","less"
2845033,"white",0.5,0,1,38.5,33.6666666666667,38.5,2,3,1,12,12.8333333333333,6,0,518773.766666667,0,1,0,0,26,0,0,4,99,0,0,1,26,2845033,1,1482.25,"less_hs",1133.44444444444,"some_college",1482.25,"hs","less"
2845038,"white",0.5,1,0,38.5,31.5,32,1,1,1,9,10.1666666666667,6,0,17451.4666666667,0,1,0,0,26,0,0,1,11,0,0,1,26,2845038,1,1482.25,"less_hs",992.25,"less_hs",1024,"less_hs","less"
2846030,"white",0,1,0,61.5,49.3333333333333,40,5,5,-Inf,17,16.5,NA,120501.6,149991.366666667,115689.648850575,0,0,0,21,2,37,3,74,3,61,1,21,2846030,1,3782.25,NA,2433.77777777778,"higher",1600,"higher","more"
2847031,"black",0.5,1,0,36.75,34.6666666666667,46,5,2,1,17,12,9,147502,77465.75,0,0,0,0,1,2,46,2,44,0,0,1,1,2847031,0,1350.5625,"less_hs",1201.77777777778,"hs",2116,"higher","less"
2847033,"black",0.5,1,0,36.75,34.6666666666667,40,3,2,1,15,12,9,0,77465.75,0,1,0,0,1,0,0,2,44,0,0,1,1,2847033,0,1350.5625,"less_hs",1201.77777777778,"hs",1600,"some_college","less"
2847036,"black",0.5,1,1,36.75,34.6666666666667,33.5,2,2,1,12,12,9,0,77465.75,0,0,0,0,1,0,0,2,44,0,0,1,1,2847036,0,1350.5625,"less_hs",1201.77777777778,"hs",1122.25,"hs","less"
2847030,"black",0.5,0,0,36.75,29.5,41.5,4,2,1,16,12,9,197877.65,0,0,0,0,0,1,3,61,0,0,0,0,1,1,2847030,0,1350.5625,"less_hs",870.25,"hs",1722.25,"college","less"
2848030,"black",0.5,0,0,43,33.8333333333333,41,4,2,1.5,16,12,11.5,208216.85,29233.75,0,1,0,0,1,3,64,1,19,0,0,1,1,2848030,0,1849,NA,1144.69444444444,"hs",1681,"college","more"
2848032,"black",0.5,1,1,43,33.5,36,3,3,1.5,13,12.8333333333333,11.5,88840.345,135827.75,0,0,0,0,1,2,26,3,68,0,0,1,1,2848032,0,1849,NA,1122.25,"some_college",1296,"some_college","more"
2848034,"black",0.5,1,1,43,33.5,34,2,3,1.5,12,12.8333333333333,11.5,0,135827.75,0,0,0,0,1,0,0,3,68,0,0,1,1,2848034,0,1849,NA,1122.25,"some_college",1156,"hs","more"
2848031,"black",0.5,0,1,43,28.5,39.5,2,2,1.5,12,12,11.5,0,0,0,0,0,0,1,0,0,0,0,0,0,1,1,2848031,0,1849,NA,812.25,"hs",1560.25,"hs","more"
2848033,"black",0.5,0,0,43,28.5,35,2,2,1.5,12,12,11.5,0,0,0,0,0,0,1,0,0,0,0,0,0,1,1,2848033,0,1849,NA,812.25,"hs",1225,"hs","more"
2848038,"black",0.5,0,1,43,28.5,27,-Inf,2,1.5,0,12,11.5,0,0,0,0,0,0,1,0,0,0,0,0,0,1,1,2848038,0,1849,NA,812.25,"hs",729,NA,"more"
2848036,"black",0.5,1,1,43,26.5,29.5,3,2,1.5,13,12,11.5,0,0,0,0,0,0,1,0,0,0,0,0,0,1,1,2848036,0,1849,NA,702.25,"hs",870.25,"some_college","more"
2848175,"black",0.5,1,0,43,26.5,31,2,2,1.5,12,12,11.5,80000,0,0,0,0,0,1,1,22,0,0,0,0,1,1,2848175,0,1849,NA,702.25,"hs",961,"hs","more"
2848037,"black",0.5,1,1,43,26,29,2,2,1.5,12,12,11.5,0,0,0,0,0,0,1,0,0,0,0,0,0,1,1,2848037,0,1849,NA,676,"hs",841,"hs","more"
2848179,"black",0.5,1,0,43,26,30,2,2,1.5,12,12,11.5,0,0,0,0,0,0,1,0,0,0,0,0,0,1,1,2848179,0,1849,NA,676,"hs",900,"hs","more"
2849030,"white",0.5,0,1,32.5,27.6,34,3,3,2,14,13,12,375000,0,95117.4591954023,0,0,0,23,4,87,0,0,2,49,1,23,2849030,1,1056.25,"hs",761.76,"some_college",1156,"some_college","less"
2849031,"white",0.5,0,0,32.5,27.6,30,2,3,2,12,13,12,102500,0,95117.4591954023,0,0,0,23,2,32,0,0,2,49,1,23,2849031,1,1056.25,"hs",761.76,"some_college",900,"hs","less"
2850030,"white",0.5,0,1,45,33.5,42,4,3,2,16,13.6666666666667,12,87500,0,109991.766321839,0,0,0,24,1,25,0,0,3,60,1,24,2850030,1,2025,"hs",1122.25,"some_college",1764,"college","less"
2851032,"white",0.5,1,0,35.5,30.5,30,2,4,2,12,16,12,116787.15,39297.2333333333,196011.397413793,1,0,0,24,2,36,1,24,4,87,1,24,2851032,1,1260.25,"hs",930.25,"college",900,"hs","less"
2851030,"white",0.5,0,1,35.5,27.5,33,5,2,2,17,12,12,765190.55,166067.866666667,196011.397413793,0,0,0,24,4,96,4,78,4,87,1,24,2851030,1,1260.25,"hs",756.25,"hs",1089,"higher","less"
2851031,"white",0.5,0,0,35.5,27.5,32,5,2,2,17,12,12,78929.7,166067.866666667,196011.397413793,0,0,0,24,1,21,4,78,4,87,1,24,2851031,1,1260.25,"hs",756.25,"hs",1024,"higher","less"
2852033,"white",0.5,1,0,35,32.5,39,5,3,2.5,17,13,13,0,79648.155,102861.048275862,1,0,0,24,0,0,2,45,3,56,1,24,2852033,1,1225,NA,1056.25,"some_college",1521,"higher","more"
2852034,"white",0.5,1,0,35,32.5,36.5,3,3,2.5,14,13,13,27500,79648.155,102861.048275862,1,0,0,24,1,5,2,45,3,56,1,24,2852034,1,1225,NA,1056.25,"some_college",1332.25,"some_college","more"
2852036,"white",0.5,1,1,35,32.5,35,3,3,2.5,14,13,13,107502,79648.155,102861.048275862,0,0,0,24,2,34,2,45,3,56,1,24,2852036,1,1225,NA,1056.25,"some_college",1225,"some_college","more"
2852032,"white",0.5,0,0,35,30.5,40,4,3,2.5,16,12.1666666666667,13,0,13170.9133333333,102861.048275862,0,0,0,24,0,0,1,6,3,56,1,24,2852032,1,1225,NA,930.25,"some_college",1600,"college","more"
2852035,"white",0.5,0,1,35,30.5,35,3,3,2.5,15,12.1666666666667,13,65000,13170.9133333333,102861.048275862,0,0,0,24,1,16,1,6,3,56,1,24,2852035,1,1225,NA,930.25,"some_college",1225,"some_college","more"
2852037,"white",0.5,0,1,35,30.5,33.5,2,3,2.5,12,12.1666666666667,13,0,13170.9133333333,102861.048275862,1,0,0,24,0,0,1,6,3,56,1,24,2852037,1,1225,NA,930.25,"some_college",1122.25,"hs","more"
2852039,"white",0.5,0,0,35,30.5,32.5,3,3,2.5,13,12.1666666666667,13,95806.2,13170.9133333333,102861.048275862,0,0,0,24,2,29,1,6,3,56,1,24,2852039,1,1225,NA,930.25,"some_college",1056.25,"some_college","more"
2852042,"white",0.5,0,0,35,30.5,29,3,3,2.5,13,12.1666666666667,13,0,13170.9133333333,102861.048275862,0,0,0,24,0,0,1,6,3,56,1,24,2852042,1,1225,NA,930.25,"some_college",841,"some_college","more"
2852043,"white",0.5,0,0,35,30.5,27,-Inf,3,2.5,0,12.1666666666667,13,76644.95,13170.9133333333,102861.048275862,0,0,0,24,1,21,1,6,3,56,1,24,2852043,1,1225,NA,930.25,"some_college",729,NA,"more"
2852038,"white",0.5,1,1,35,26,33,2,2,2.5,6,12,13,71250.99,0,102861.048275862,1,0,0,24,1,19,0,0,3,56,1,24,2852038,1,1225,NA,676,"hs",1089,"hs","more"
2852040,"white",0.5,1,0,35,26,32,4,2,2.5,16,12,13,157502,0,102861.048275862,1,0,0,24,2,49,0,0,3,56,1,24,2852040,1,1225,NA,676,"hs",1024,"college","more"
2852041,"white",0.5,1,1,35,26,30,3,2,2.5,14,12,13,7768.07,0,102861.048275862,0,0,0,24,1,2,0,0,3,56,1,24,2852041,1,1225,NA,676,"hs",900,"some_college","more"
2860030,"white",0.5,0,0,48,32.3333333333333,39,3,3,1,14,13.8333333333333,10,0,107300.9,161931.534770115,0,0,0,22,0,0,3,58,4,80,1,22,2860030,1,2304,"less_hs",1045.44444444444,"some_college",1521,"some_college","less"
2861030,"white",0,1,0,52.5,37.5,43,2,3,4,12,14,16,254467.8,195775.05,123433.237931034,1,0,0,22,3,73,4,84,3,65,1,22,2861030,1,2756.25,"college",1406.25,"some_college",1849,"hs","more"
2867030,"white",0.5,0,1,41.5,36.3333333333333,44,3,3,1,14,14,11,101787.15,72962.0333333333,368405.689655173,1,0,0,7,2,31,2,41,4,99,1,7,2867030,1,1722.25,"less_hs",1320.11111111111,"some_college",1936,"some_college","less"
2882030,"white",0.5,0,1,35,29.5,33,3,3,1.5,14.5,15,11.5,458042.05,22390.55,164395.404022989,0,0,0,24,4,92,1,14,4,80,1,24,2882030,1,1225,NA,870.25,"some_college",1089,"some_college","more"
2882031,"white",0.5,0,0,35,29.5,32,5,3,1.5,17,15,11.5,0,22390.55,164395.404022989,0,0,0,24,0,0,1,14,4,80,1,24,2882031,1,1225,NA,870.25,"some_college",1024,"higher","more"
2882032,"white",0.5,0,0,35,29.5,28,4,3,1.5,16,15,11.5,110751.4,22390.55,164395.404022989,0,0,0,24,2,34,1,14,4,80,1,24,2882032,1,1225,NA,870.25,"some_college",784,"college","more"
2884005,"black",0.5,0,1,46.5,38.5,48,3,3,1.5,13,14,9,122144.55,10711.1743333333,0,0,0,0,31,2,37,1,5,0,0,1,31,2884005,0,2162.25,NA,1482.25,"some_college",2304,"some_college","more"
2890030,"black",0.333333333333333,0,1,36,33.5,37,2,3,-Inf,12,15,12,0,16463.6416666667,23230.7672413793,0,0,0,22,0,0,1,10,1,8,1,22,2890030,0,1296,NA,1122.25,"some_college",1369,"hs","more"
2890031,"black",0.333333333333333,0,0,36,33.5,29.5,2,3,-Inf,12,15,12,0,16463.6416666667,23230.7672413793,0,0,0,22,0,0,1,10,1,8,1,22,2890031,0,1296,NA,1122.25,"some_college",870.25,"hs","more"
2893030,"white",0,0,0,42.5,34.5,46,2,2,2,12,10.3333333333333,12,342861.4,287026.566666667,212214.983333334,0,0,0,23,4,85,4,92,4,90,1,23,2893030,1,1806.25,"hs",1190.25,"hs",2116,"hs","less"
2897032,"white",0.5,0,0,31,26.5,28,3,3,2.5,13,14,12.5,122144.55,46462.96,0,0,0,0,23,2,37,2,27,0,0,1,23,2897032,1,961,NA,702.25,"some_college",784,"some_college","more"
2897031,"white",0.5,0,0,31,26,32,3,3,2.5,14,13,12.5,132465.445,0,0,0,0,0,23,2,41,0,0,0,0,1,23,2897031,1,961,NA,676,"some_college",1024,"some_college","more"
2897033,"white",0.5,0,0,31,26,29,5,3,2.5,17,13,12.5,89108.415,0,0,0,0,0,23,2,26,0,0,0,0,1,23,2897033,1,961,NA,676,"some_college",841,"higher","more"
2898031,"white",0.5,1,0,41.5,36.6666666666667,32,3,4,5,14,15.6666666666667,17,0,66857.2016666667,173600.639655172,0,0,0,22,0,0,2,37,4,83,1,22,2898031,1,1722.25,"higher",1344.44444444444,"college",1024,"some_college","more"
2898030,"white",0.5,1,1,41.5,34.5,32,4,5,5,16,16.6666666666667,17,0,200347.233333333,173600.639655172,0,0,0,22,0,0,4,85,4,83,1,22,2898030,1,1722.25,"higher",1190.25,"higher",1024,"college","more"
2902030,"white",0.5,0,0,29.5,26,29.5,4,4,-Inf,16,16,8,195895.55,39512.7333333333,147343.027586207,0,0,0,23,3,61,1,24,3,75,1,23,2902030,1,870.25,NA,676,"college",870.25,"college","more"
2907034,"black",0,1,0,45.5,26.4,34,2,2,1,12,9.6,10,0,0,0,0,0,0,13,0,0,0,0,0,0,1,13,2907034,0,2070.25,"less_hs",696.96,"hs",1156,"hs","less"
2907035,"black",0,1,1,45.5,26.4,33,3,2,1,13,9.6,10,215000,0,0,0,0,0,13,3,66,0,0,0,0,1,13,2907035,0,2070.25,"less_hs",696.96,"hs",1089,"some_college","less"
2907036,"black",0,1,1,45.5,26.4,31,2,2,1,12,9.6,10,0,0,0,0,0,0,13,0,0,0,0,0,0,1,13,2907036,0,2070.25,"less_hs",696.96,"hs",961,"hs","less"
2907041,"black",0,0,1,45.5,25,28,1,2,1,10,12,10,0,0,0,1,0,0,13,0,0,0,0,0,0,1,13,2907041,0,2070.25,"less_hs",625,"hs",784,"less_hs","less"
2920030,"white",0.5,1,1,52.25,29.5,42,3,1,1,13,9,5,0,75083.9,44103.1648563218,0,0,0,23,0,0,2,43,1,21,1,23,2920030,1,2730.0625,"less_hs",870.25,"less_hs",1764,"some_college","less"
2920033,"white",0.5,0,1,52.25,38.3333333333333,36,1,2,1,11,12,5,70942.055,75594.72,44103.1648563218,1,0,0,23,1,18,2,43,1,21,1,23,2920033,1,2730.0625,"less_hs",1469.44444444444,"hs",1296,"less_hs","less"
5012031,"black",0,0,0,33.5,31.5,44,1,2,1,11,12,11,0,0,0,0,0,0,3,0,0,0,0,0,0,1,3,5012031,0,1122.25,"less_hs",992.25,"hs",1936,"less_hs","less"
5012032,"black",0,0,0,33.5,25,31,2,1,1,12,10,11,0,0,0,0,0,0,3,0,0,0,0,0,0,1,3,5012032,0,1122.25,"less_hs",625,"less_hs",961,"hs","less"
5012035,"black",0,0,1,33.5,25,34,1,1,1,7,10,11,0,0,0,1,0,0,3,0,0,0,0,0,0,1,3,5012035,0,1122.25,"less_hs",625,"less_hs",1156,"less_hs","less"
5012040,"black",0,0,1,33.5,25,30.5,2,1,1,12,10,11,0,0,0,1,0,0,3,0,0,0,0,0,0,1,3,5012040,0,1122.25,"less_hs",625,"less_hs",930.25,"hs","less"
5014037,"black",0,1,0,40.5,29.5,29,-Inf,1,1,0,10.5,11,38840.345,11449.6683333333,65418.6554022988,0,0,0,1,1,8,1,5,2,35,1,1,5014037,0,1640.25,"less_hs",870.25,"less_hs",841,NA,"less"
5014038,"black",0,1,1,40.5,29.5,27.5,5,1,1,8.5,10.5,11,38840.345,11449.6683333333,65418.6554022988,0,0,0,1,1,8,1,5,2,35,1,1,5014038,0,1640.25,"less_hs",870.25,"less_hs",756.25,"higher","less"
5014032,"black",0,1,0,40.5,27,36,2,3,1,12,13,11,36000,13434.332,65418.6554022988,1,0,0,1,1,8,1,7,2,35,1,1,5014032,0,1640.25,"less_hs",729,"some_college",1296,"hs","less"
5014034,"black",0,1,0,40.5,27,34,5,3,1,17,13,11,68750.99,13434.332,65418.6554022988,0,0,0,1,1,18,1,7,2,35,1,1,5014034,0,1640.25,"less_hs",729,"some_college",1156,"higher","less"
5014035,"black",0,1,0,40.5,27,31,4,3,1,16,13,11,0,13434.332,65418.6554022988,0,0,0,1,0,0,1,7,2,35,1,1,5014035,0,1640.25,"less_hs",729,"some_college",961,"college","less"
5015034,"black",0.5,0,0,29,27,31.5,5,2,1.5,17,12,11.5,0,0,0,0,0,0,1,0,0,0,0,0,0,1,1,5015034,0,841,NA,729,"hs",992.25,"higher","more"
5015035,"black",0.5,0,1,29,27,30,3,2,1.5,13,12,11.5,0,0,0,1,0,0,1,0,0,0,0,0,0,1,1,5015035,0,841,NA,729,"hs",900,"some_college","more"
5017171,"black",0.5,0,0,44.75,39.1666666666667,47.5,2,3,1,12,12.8333333333333,8,5178711.5,115175.413333333,0,0,0,0,1,4,98,3,61,0,0,1,1,5017171,0,2002.5625,"less_hs",1534.02777777778,"some_college",2256.25,"hs","less"
5018030,"black",0.5,0,0,38.5,32.5,43.5,2,3,1.5,12,12.8333333333333,11.5,0,67748.885,0,1,0,0,1,0,0,2,38,0,0,1,1,5018030,0,1482.25,NA,1056.25,"some_college",1892.25,"hs","more"
5018031,"black",0.5,0,0,38.5,32.5,37,4,3,1.5,16,12.8333333333333,11.5,0,67748.885,0,1,0,0,1,0,0,2,38,0,0,1,1,5018031,0,1482.25,NA,1056.25,"some_college",1369,"college","more"
5018032,"black",0.5,0,1,38.5,32.5,35,2,3,1.5,12,12.8333333333333,11.5,0,67748.885,0,1,0,0,1,0,0,2,38,0,0,1,1,5018032,0,1482.25,NA,1056.25,"some_college",1225,"hs","more"
5031033,"black",0.5,0,0,37,27.5,37,3,2,1,14,11.8333333333333,8,0,0,0,1,0,0,1,0,0,0,0,0,0,1,1,5031033,0,1369,"less_hs",756.25,"hs",1369,"some_college","less"
5031042,"black",0.5,0,1,37,27.5,29,2,2,1,12,11.8333333333333,8,0,0,0,1,0,0,1,0,0,0,0,0,0,1,1,5031042,0,1369,"less_hs",756.25,"hs",841,"hs","less"
5031032,"black",0.5,0,0,37,26.5,38,1,1,1,10,11,8,0,0,0,0,0,0,1,0,0,0,0,0,0,1,1,5031032,0,1369,"less_hs",702.25,"less_hs",1444,"less_hs","less"
5031034,"black",0.5,0,1,37,26.5,35,1,1,1,11,11,8,0,0,0,0,0,0,1,0,0,0,0,0,0,1,1,5031034,0,1369,"less_hs",702.25,"less_hs",1225,"less_hs","less"
5031039,"black",0.5,0,1,37,26.5,30,1,1,1,10,11,8,0,0,0,0,0,0,1,0,0,0,0,0,0,1,1,5031039,0,1369,"less_hs",702.25,"less_hs",900,"less_hs","less"
5031036,"black",0.5,0,1,37,26,36,2,1,1,12,11,8,60000,0,0,0,0,0,1,1,14,0,0,0,0,1,1,5031036,0,1369,"less_hs",676,"less_hs",1296,"hs","less"
5031038,"black",0.5,0,0,37,26,31,1,1,1,11,11,8,0,0,0,0,0,0,1,0,0,0,0,0,0,1,1,5031038,0,1369,"less_hs",676,"less_hs",961,"less_hs","less"
5031040,"black",0.5,0,1,37,26,29,1,1,1,11,11,8,0,0,0,1,0,0,1,0,0,0,0,0,0,1,1,5031040,0,1369,"less_hs",676,"less_hs",841,"less_hs","less"
5031035,"black",0.5,0,1,37,25.5,36,2,1,1,12,9,8,331437.6,0,0,0,0,0,1,4,84,0,0,0,0,1,1,5031035,0,1369,"less_hs",650.25,"less_hs",1296,"hs","less"
5031037,"black",0.5,0,0,37,25.5,33.5,3,1,1,13,9,8,0,0,0,0,0,0,1,0,0,0,0,0,0,1,1,5031037,0,1369,"less_hs",650.25,"less_hs",1122.25,"some_college","less"
5031041,"black",0.5,0,1,37,25.5,27.5,-Inf,1,1,0,9,8,0,0,0,0,0,0,1,0,0,0,0,0,0,1,1,5031041,0,1369,"less_hs",650.25,"less_hs",756.25,NA,"less"
5031044,"black",0.5,0,1,37,25.5,27,1,1,1,10,9,8,0,0,0,0,0,0,1,0,0,0,0,0,0,1,1,5031044,0,1369,"less_hs",650.25,"less_hs",729,"less_hs","less"
5034035,"black",0,1,1,38.5,34.6666666666667,38,5,2,2,17,12,12,341967.8,0,0,0,0,0,1,4,85,0,0,0,0,1,1,5034035,0,1482.25,"hs",1201.77777777778,"hs",1444,"higher","less"
5034036,"black",0,1,1,38.5,34.6666666666667,36,4,2,2,16,12,12,402538.5,0,0,0,0,0,1,4,89,0,0,0,0,1,1,5034036,0,1482.25,"hs",1201.77777777778,"hs",1296,"college","less"
5034042,"black",0,1,0,38.5,34.6666666666667,31,3,2,2,15,12,12,0,0,0,1,0,0,1,0,0,0,0,0,0,1,1,5034042,0,1482.25,"hs",1201.77777777778,"hs",961,"some_college","less"
5034043,"black",0,1,1,38.5,34.6666666666667,29,3,2,2,14,12,12,0,0,0,0,0,0,1,0,0,0,0,0,0,1,1,5034043,0,1482.25,"hs",1201.77777777778,"hs",841,"some_college","less"
5034034,"black",0,0,0,38.5,31.6666666666667,38,3,2,2,14,12,12,201431.7,0,0,0,0,0,1,3,63,0,0,0,0,1,1,5034034,0,1482.25,"hs",1002.77777777778,"hs",1444,"some_college","less"
5034038,"black",0,0,0,38.5,31.6666666666667,36,5,2,2,17,12,12,106787.15,0,0,1,0,0,1,2,33,0,0,0,0,1,1,5034038,0,1482.25,"hs",1002.77777777778,"hs",1296,"higher","less"
5034039,"black",0,0,0,38.5,31.6666666666667,33,2,2,2,12,12,12,0,0,0,1,0,0,1,0,0,0,0,0,0,1,1,5034039,0,1482.25,"hs",1002.77777777778,"hs",1089,"hs","less"
5034040,"black",0,0,1,38.5,31.6666666666667,32,3,2,2,15,12,12,0,0,0,0,0,0,1,0,0,0,0,0,0,1,1,5034040,0,1482.25,"hs",1002.77777777778,"hs",1024,"some_college","less"
5035030,"black",0,1,1,38.5,36.5,36,3,1,1,13,10,2,0,0,0,1,0,0,1,0,0,0,0,0,0,1,1,5035030,0,1482.25,"less_hs",1332.25,"less_hs",1296,"some_college","less"
5035031,"black",0,1,0,38.5,36.5,27.5,3,1,1,14,10,2,0,0,0,0,0,0,1,0,0,0,0,0,0,1,1,5035031,0,1482.25,"less_hs",1332.25,"less_hs",756.25,"some_college","less"
5037030,"black",0,0,1,27.5,29,42,3,2,-Inf,14,12,0,0,0,0,1,0,0,1,0,0,0,0,0,0,1,1,5037030,0,756.25,NA,841,"hs",1764,"some_college","more"
5037032,"black",0,0,0,27.5,29,36,3,2,-Inf,13,12,0,0,0,0,0,0,0,1,0,0,0,0,0,0,1,1,5037032,0,756.25,NA,841,"hs",1296,"some_college","more"
5037031,"black",0,0,0,27.5,25.5,36,3,2,-Inf,15,12,0,77680.7,0,0,1,0,0,1,1,21,0,0,0,0,1,1,5037031,0,756.25,NA,650.25,"hs",1296,"some_college","more"
5037034,"black",0,0,0,27.5,25.5,30,3,2,-Inf,13,12,0,0,0,0,1,0,0,1,0,0,0,0,0,0,1,1,5037034,0,756.25,NA,650.25,"hs",900,"some_college","more"
5040174,"black",0,1,1,40,28.5,31,2,2,2,12,12,12,0,0,0,1,0,0,1,0,0,0,0,0,0,1,1,5040174,0,1600,"hs",812.25,"hs",961,"hs","less"
5045030,"black",0,0,1,27.5,27,36,5,3,2,15,12.6,12,0,0,0,0,0,0,1,0,0,0,0,0,0,1,1,5045030,0,756.25,"hs",729,"some_college",1296,"higher","less"
5045032,"black",0,0,1,27.5,27,32,2,3,2,12,12.6,12,0,0,0,0,0,0,1,0,0,0,0,0,0,1,1,5045032,0,756.25,"hs",729,"some_college",1024,"hs","less"
5045033,"black",0,0,1,27.5,27,30,2,3,2,12,12.6,12,0,0,0,1,0,0,1,0,0,0,0,0,0,1,1,5045033,0,756.25,"hs",729,"some_college",900,"hs","less"
5047030,"black",0,0,0,29,27,28,3,4,2,15,16,12,0,0,0,0,0,0,1,0,0,0,0,0,0,1,1,5047030,0,841,"hs",729,"college",784,"some_college","less"
5048030,"black",0.666666666666667,0,0,61,35.8333333333333,44,3,3,1,14.5,12.75,8,38541.35,0,67947.4207662835,0,0,0,3,1,8,0,0,2,36,1,3,5048030,0,3721,"less_hs",1284.02777777778,"some_college",1936,"some_college","less"
5048031,"black",0.666666666666667,0,0,61,35.8333333333333,42,4,3,1,16,12.75,8,0,0,67947.4207662835,0,0,0,3,0,0,0,0,2,36,1,3,5048031,0,3721,"less_hs",1284.02777777778,"some_college",1764,"college","less"
5048032,"black",0.666666666666667,0,1,61,35.8333333333333,41,-Inf,3,1,NA,12.75,8,159805.8,0,67947.4207662835,0,0,0,3,2,50,0,0,2,36,1,3,5048032,0,3721,"less_hs",1284.02777777778,"some_college",1681,NA,"less"
5048035,"black",0.666666666666667,0,0,61,35.8333333333333,36,3,3,1,15,12.75,8,66161.63,0,67947.4207662835,0,0,0,3,1,17,0,0,2,36,1,3,5048035,0,3721,"less_hs",1284.02777777778,"some_college",1296,"some_college","less"
5048034,"black",0.666666666666667,0,0,61,30.5,38,3,3,1,14,14,8,23036.14,9481.64,67947.4207662835,0,0,0,3,1,5,1,4,2,36,1,3,5048034,0,3721,"less_hs",930.25,"some_college",1444,"some_college","less"
5048036,"black",0.666666666666667,0,0,61,30.5,36,3,3,1,13,14,8,0,9481.64,67947.4207662835,1,0,0,3,0,0,1,4,2,36,1,3,5048036,0,3721,"less_hs",930.25,"some_college",1296,"some_college","less"
5048037,"black",0.666666666666667,0,0,61,30.5,34,3,3,1,14,14,8,20000,9481.64,67947.4207662835,1,0,0,3,1,4,1,4,2,36,1,3,5048037,0,3721,"less_hs",930.25,"some_college",1156,"some_college","less"
5048038,"black",0.666666666666667,0,0,61,30.5,32.5,5,3,1,17,14,8,67323.25,9481.64,67947.4207662835,0,0,0,3,1,17,1,4,2,36,1,3,5048038,0,3721,"less_hs",930.25,"some_college",1056.25,"higher","less"
5048039,"black",0.666666666666667,0,1,61,30.5,30,2,3,1,12,14,8,0,9481.64,67947.4207662835,0,0,0,3,0,0,1,4,2,36,1,3,5048039,0,3721,"less_hs",930.25,"some_college",900,"hs","less"
5052033,"black",0.5,0,0,42,33.3333333333333,41.5,1,1,1,11,11,9,0,0,0,1,0,0,3,0,0,0,0,0,0,1,3,5052033,0,1764,"less_hs",1111.11111111111,"less_hs",1722.25,"less_hs","less"
5052035,"black",0.5,0,1,42,33.3333333333333,40,2,1,1,12,11,9,38214.85,0,0,1,0,0,3,1,8,0,0,0,0,1,3,5052035,0,1764,"less_hs",1111.11111111111,"less_hs",1600,"hs","less"
5052048,"black",0.5,0,1,42,33.3333333333333,31.5,1,1,1,9,11,9,0,0,0,1,0,0,3,0,0,0,0,0,0,1,3,5052048,0,1764,"less_hs",1111.11111111111,"less_hs",992.25,"less_hs","less"
5052036,"black",0.5,0,0,42,29.5,40,1,1,1,11,10.8333333333333,9,0,15559.7666666667,0,0,0,0,3,0,0,1,9,0,0,1,3,5052036,0,1764,"less_hs",870.25,"less_hs",1600,"less_hs","less"
5052043,"black",0.5,0,0,42,29.5,36,1,1,1,11,10.8333333333333,9,0,15559.7666666667,0,0,0,0,3,0,0,1,9,0,0,1,3,5052043,0,1764,"less_hs",870.25,"less_hs",1296,"less_hs","less"
5052045,"black",0.5,0,1,42,29.5,35,1,1,1,9,10.8333333333333,9,15536.14,15559.7666666667,0,0,0,0,3,1,3,1,9,0,0,1,3,5052045,0,1764,"less_hs",870.25,"less_hs",1225,"less_hs","less"
5052049,"black",0.5,0,0,42,29.5,32,2,1,1,12,10.8333333333333,9,0,15559.7666666667,0,0,0,0,3,0,0,1,9,0,0,1,3,5052049,0,1764,"less_hs",870.25,"less_hs",1024,"hs","less"
5052177,"black",0.5,0,1,42,29.5,34,2,1,1,12,10.8333333333333,9,0,15559.7666666667,0,1,0,0,3,0,0,1,9,0,0,1,3,5052177,0,1764,"less_hs",870.25,"less_hs",1156,"hs","less"
5052178,"black",0.5,0,0,42,29.5,33,2,1,1,12,10.8333333333333,9,0,15559.7666666667,0,0,0,0,3,0,0,1,9,0,0,1,3,5052178,0,1764,"less_hs",870.25,"less_hs",1089,"hs","less"
5052050,"black",0.5,1,0,42,26.8,30,3,2,1,14,11.6,9,30500.395,0,0,1,0,0,3,1,6,0,0,0,0,1,3,5052050,0,1764,"less_hs",718.24,"hs",900,"some_college","less"
5054030,"black",0.5,1,0,39.5,28.5,34,3,2,1,15,12,9.5,0,67356.425,0,0,0,0,3,0,0,2,37,0,0,1,3,5054030,0,1560.25,"less_hs",812.25,"hs",1156,"some_college","less"
5054032,"black",0.5,1,1,39.5,28.5,31,5,2,1,16.5,12,9.5,273789.5,67356.425,0,0,0,0,3,4,76,2,37,0,0,1,3,5054032,0,1560.25,"less_hs",812.25,"hs",961,"higher","less"
5055032,"black",0,0,0,28,28.8333333333333,43,2,1,1,12,11,10,0,0,0,0,0,0,3,0,0,0,0,0,0,1,3,5055032,0,784,"less_hs",831.361111111111,"less_hs",1849,"hs","less"
5055033,"black",0,0,0,28,28.8333333333333,37,1,1,1,11,11,10,0,0,0,1,0,0,3,0,0,0,0,0,0,1,3,5055033,0,784,"less_hs",831.361111111111,"less_hs",1369,"less_hs","less"
5055036,"black",0,0,0,28,28.8333333333333,33,2,1,1,12,11,10,0,0,0,0,0,0,3,0,0,0,0,0,0,1,3,5055036,0,784,"less_hs",831.361111111111,"less_hs",1089,"hs","less"
5055034,"black",0,0,1,28,26,37,2,1,1,12,10,10,0,0,0,0,0,0,3,0,0,0,0,0,0,1,3,5055034,0,784,"less_hs",676,"less_hs",1369,"hs","less"
5057032,"black",0.5,0,1,54.75,36.3333333333333,42,2,3,1,12,12.6666666666667,9,0,27465.6966666667,85415.414367816,1,0,0,3,0,0,1,17,2,44,1,3,5057032,0,2997.5625,"less_hs",1320.11111111111,"some_college",1764,"hs","less"
5066033,"black",0.5,0,0,28.5,27.5,38,3,2,1.5,14,11.1666666666667,11,0,17075.6666666667,0,1,0,0,3,0,0,1,11,0,0,1,3,5066033,0,812.25,NA,756.25,"hs",1444,"some_college","more"
5066038,"black",0.5,0,1,28.5,27.5,30,2,2,1.5,12,11.1666666666667,11,22500,17075.6666666667,0,0,0,0,3,1,5,1,11,0,0,1,3,5066038,0,812.25,NA,756.25,"hs",900,"hs","more"
5066034,"black",0,0,1,27.5,25.5,34,5,2,2,17,12,12,0,0,0,1,0,0,3,0,0,0,0,0,0,1,3,5066034,0,756.25,"hs",650.25,"hs",1156,"higher","less"
5066036,"black",0,0,1,27.5,26.5,33,2,3,2,6,14,12,5178711.5,0,0,1,0,0,3,4,98,0,0,0,0,1,3,5066036,0,756.25,"hs",702.25,"some_college",1089,"hs","less"
5066039,"black",0,0,1,27.5,26.5,28,3,3,2,13,14,12,0,0,0,0,0,0,3,0,0,0,0,0,0,1,3,5066039,0,756.25,"hs",702.25,"some_college",784,"some_college","less"
5066035,"black",0,0,0,27.5,25.5,33.5,3,1,2,12.5,11,12,0,0,0,1,0,0,3,0,0,0,0,0,0,1,3,5066035,0,756.25,"hs",650.25,"less_hs",1122.25,"some_college","less"
5066037,"black",0,0,0,27.5,25.5,31,5,1,2,17,11,12,1e+05,0,0,0,0,0,3,2,30,0,0,0,0,1,3,5066037,0,756.25,"hs",650.25,"less_hs",961,"higher","less"
5067034,"black",0,0,0,30.5,27,33,3,3,3,15,13,13,0,0,0,1,0,0,3,0,0,0,0,0,0,1,3,5067034,0,930.25,"some_college",729,"some_college",1089,"some_college","more"
5067035,"black",0,0,0,30.5,27,29,3,3,3,14,13,13,0,0,0,0,0,0,3,0,0,0,0,0,0,1,3,5067035,0,930.25,"some_college",729,"some_college",841,"some_college","more"
5067036,"black",0,0,0,30.5,27,28,2,3,3,12,13,13,0,0,0,0,0,0,3,0,0,0,0,0,0,1,3,5067036,0,930.25,"some_college",729,"some_college",784,"hs","more"
5068030,"black",0,1,0,54.5,33.5,37,5,3,1,17,13.1666666666667,4,0,73010.7333333333,120460.114367816,0,0,0,3,0,0,2,41,3,64,1,3,5068030,0,2970.25,"less_hs",1122.25,"some_college",1369,"higher","less"
5068031,"black",0,1,0,54.5,33.5,31,2,3,1,12,13.1666666666667,4,41429.7,73010.7333333333,120460.114367816,0,0,0,3,1,9,2,41,3,64,1,3,5068031,0,2970.25,"less_hs",1122.25,"some_college",961,"hs","less"
5069031,"black",0,0,0,38.5,28.5,40,4,2,2,14.5,11.1666666666667,12,0,0,0,0,0,0,3,0,0,0,0,0,0,1,3,5069031,0,1482.25,"hs",812.25,"hs",1600,"college","less"
5069034,"black",0,0,1,38.5,28.5,38,3,2,2,14,11.1666666666667,12,0,0,0,0,0,0,3,0,0,0,0,0,0,1,3,5069034,0,1482.25,"hs",812.25,"hs",1444,"some_college","less"
5069035,"black",0,0,0,38.5,28.5,32,3,2,2,14,11.1666666666667,12,0,0,0,1,0,0,3,0,0,0,0,0,0,1,3,5069035,0,1482.25,"hs",812.25,"hs",1024,"some_college","less"
5069037,"black",0,0,0,38.5,28.5,28,2,2,2,12,11.1666666666667,12,0,0,0,0,0,0,3,0,0,0,0,0,0,1,3,5069037,0,1482.25,"hs",812.25,"hs",784,"hs","less"
5071032,"black",0.5,0,0,39,35.5,47,3,3,1,14,13,9,0,0,0,0,0,0,3,0,0,0,0,0,0,1,3,5071032,0,1521,"less_hs",1260.25,"some_college",2209,"some_college","less"
5071034,"black",0.5,0,0,39,35.5,37,5,3,1,17,13,9,0,0,0,0,0,0,3,0,0,0,0,0,0,1,3,5071034,0,1521,"less_hs",1260.25,"some_college",1369,"higher","less"
5085030,"black",0.5,1,1,51.5,28.5,33,3,4,4.5,14,16,16.5,0,0,140667.827586207,0,0,0,2,0,0,0,0,3,73,1,2,5085030,0,2652.25,NA,812.25,"college",1089,"some_college","more"
5120031,"black",0.5,0,1,33,26,30.5,3,3,1,14.5,14,9.5,228574.25,0,0,0,0,0,1,3,68,0,0,0,0,1,1,5120031,0,1089,"less_hs",676,"some_college",930.25,"some_college","less"
5126033,"black",0,0,0,33.5,27,35,2,2,1,12,12,10,0,0,0,0,0,0,1,0,0,0,0,0,0,1,1,5126033,0,1122.25,"less_hs",729,"hs",1225,"hs","less"
5126030,"black",0,0,0,33.5,28.5,41,2,1,1,12,11,10,0,0,0,0,0,0,1,0,0,0,0,0,0,1,1,5126030,0,1122.25,"less_hs",812.25,"less_hs",1681,"hs","less"
5136031,"black",0.5,1,0,35,35.6666666666667,39,3,2,1.5,15,11.6666666666667,10.5,23822.08,92488.735,0,0,0,0,1,1,5,3,51,0,0,1,1,5136031,0,1225,NA,1272.11111111111,"hs",1521,"some_college","more"
5136033,"black",0.5,0,0,35,32.5,38,3,3,1.5,13,12.8333333333333,10.5,0,46223.4166666667,0,0,0,0,1,0,0,2,27,0,0,1,1,5136033,0,1225,NA,1056.25,"some_college",1444,"some_college","more"
5136039,"black",0.5,0,1,35,27,30,2,1,1.5,12,11,10.5,0,0,0,0,0,0,1,0,0,0,0,0,0,1,1,5136039,0,1225,NA,729,"less_hs",900,"hs","more"
5142033,"black",0,1,1,35.5,32.1666666666667,30,2,4,2,12,15.5,12,0,129788.833333333,0,0,0,0,1,0,0,3,67,0,0,1,1,5142033,0,1260.25,"hs",1034.69444444444,"college",900,"hs","less"
5142032,"black",0,1,0,35.5,25,30.5,5,2,2,17,12,12,73537.7,0,0,0,0,0,1,1,19,0,0,0,0,1,1,5142032,0,1260.25,"hs",625,"hs",930.25,"higher","less"
5142034,"black",0,1,1,35.5,25,29,4,2,2,16,12,12,0,0,0,0,0,0,1,0,0,0,0,0,0,1,1,5142034,0,1260.25,"hs",625,"hs",841,"college","less"
5145030,"black",0,0,1,51.5,36.1666666666667,44.5,3,2,1,13,12,8,0,0,0,0,0,0,8,0,0,0,0,0,0,1,8,5145030,0,2652.25,"less_hs",1308.02777777778,"hs",1980.25,"some_college","less"
5145032,"black",0,0,0,51.5,36.1666666666667,41.5,3,2,1,14,12,8,93840.345,0,0,0,0,0,8,2,28,0,0,0,0,1,8,5145032,0,2652.25,"less_hs",1308.02777777778,"hs",1722.25,"some_college","less"
5154032,"black",0.5,0,0,47.5,31.5,42,3,2,1,13,12,5.5,50893.565,0,48001.8125287357,1,0,0,1,1,12,0,0,1,24,1,1,5154032,0,2256.25,"less_hs",992.25,"hs",1764,"some_college","less"
5154039,"black",0.5,0,0,47.5,31.5,29,3,2,1,14,12,5.5,0,0,48001.8125287357,1,0,0,1,0,0,0,0,1,24,1,1,5154039,0,2256.25,"less_hs",992.25,"hs",841,"some_college","less"
5154033,"black",0.5,0,0,47.5,27,38,2,2,1,12,12,5.5,0,0,48001.8125287357,0,0,0,1,0,0,0,0,1,24,1,1,5154033,0,2256.25,"less_hs",729,"hs",1444,"hs","less"
5154036,"black",0.5,0,0,47.5,26,33,1,1,1,11,11,5.5,0,0,48001.8125287357,1,0,0,1,0,0,0,0,1,24,1,1,5154036,0,2256.25,"less_hs",676,"less_hs",1089,"less_hs","less"
5161032,"black",0.5,0,0,42,26,39.5,2,1,1,12,8,5,198395.55,31733.69,0,0,0,0,3,3,61,1,20,0,0,1,3,5161032,0,1764,"less_hs",676,"less_hs",1560.25,"hs","less"
5163030,"black",0,0,1,55.5,42.5,44,3,3,-Inf,13,12.5,NA,0,186683.683333333,0,0,0,0,3,0,0,4,83,0,0,1,3,5163030,0,3080.25,NA,1806.25,"some_college",1936,"some_college","more"
5164031,"black",0.5,0,0,34,28.5,40,3,2,1,14,12,7.5,0,85590.005,47819.5893103448,0,0,0,3,0,0,2,48,1,24,1,3,5164031,0,1156,"less_hs",812.25,"hs",1600,"some_college","less"
5170030,"black",0.5,0,0,40.25,35.5,45,2,3,1,12,13.8333333333333,5.5,0,0,0,0,0,0,3,0,0,0,0,0,0,1,3,5170030,0,1620.0625,"less_hs",1260.25,"some_college",2025,"hs","less"
5170033,"black",0.5,0,1,40.25,33.6666666666667,42,2,3,1,12,13.6666666666667,5.5,0,0,0,1,0,0,3,0,0,0,0,0,0,1,3,5170033,0,1620.0625,"less_hs",1133.44444444444,"some_college",1764,"hs","less"
5170035,"black",0.5,1,0,40.25,29.5,36,5,3,1,17,13.8333333333333,5.5,193395.55,106393.266666667,0,0,0,0,3,3,60,3,58,0,0,1,3,5170035,0,1620.0625,"less_hs",870.25,"some_college",1296,"higher","less"
5170037,"black",0.5,1,1,40.25,29.5,28,5,3,1,17,13.8333333333333,5.5,0,106393.266666667,0,1,0,0,3,0,0,3,58,0,0,1,3,5170037,0,1620.0625,"less_hs",870.25,"some_college",784,"higher","less"
5171030,"black",0.5,1,1,35.5,28.5,33,4,4,2.5,16,16,11,0,0,0,1,0,0,3,0,0,0,0,0,0,1,3,5171030,0,1260.25,NA,812.25,"college",1089,"college","more"
5177030,"black",0.5,0,0,41,36.3333333333333,39,4,3,2,16,13.6666666666667,12,0,0,21118.8793103449,1,0,0,1,0,0,0,0,1,6,1,1,5177030,0,1681,"hs",1320.11111111111,"some_college",1521,"college","less"
5177031,"black",0.5,0,1,41,27.5,29,1,1,2,4.5,11,12,0,0,21118.8793103449,1,0,0,1,0,0,0,0,1,6,1,1,5177031,0,1681,"hs",756.25,"less_hs",841,"less_hs","less"
5177032,"black",0.5,0,0,41,27.5,27,1,1,2,10,11,12,0,0,21118.8793103449,1,0,0,1,0,0,0,0,1,6,1,1,5177032,0,1681,"hs",756.25,"less_hs",729,"less_hs","less"
5177171,"black",0.5,0,1,41,27.5,40.5,2,1,2,12,11,12,0,0,21118.8793103449,0,0,0,1,0,0,0,0,1,6,1,1,5177171,0,1681,"hs",756.25,"less_hs",1640.25,"hs","less"
5180031,"black",0.5,0,0,29.5,29.5,37,3,2,1,15,12,10.5,165627.45,75572.3016666667,54859.2157471265,1,0,0,3,3,52,2,43,2,30,1,3,5180031,0,870.25,"less_hs",870.25,"hs",1369,"some_college","less"
5180032,"black",0.5,0,1,29.5,29.5,31,2,2,1,12,12,10.5,40000,75572.3016666667,54859.2157471265,0,0,0,3,1,9,2,43,2,30,1,3,5180032,0,870.25,"less_hs",870.25,"hs",961,"hs","less"
5182034,"black",0.5,0,1,43.25,37.5,46.5,3,2,1,14,12,5.5,33304.205,72416.5566666667,56528.0107471264,1,0,0,3,1,7,2,41,2,31,1,3,5182034,0,1870.5625,"less_hs",1406.25,"hs",2162.25,"some_college","less"
5182030,"black",0.5,0,0,43.25,34.5,42,2,2,1,12,12,5.5,54679.11,23827.73,56528.0107471264,0,0,0,3,1,13,1,15,2,31,1,3,5182030,0,1870.5625,"less_hs",1190.25,"hs",1764,"hs","less"
5182033,"black",0.5,0,0,43.25,34.5,40.5,1,2,1,10,12,5.5,72608.415,23827.73,56528.0107471264,0,0,0,3,1,19,1,15,2,31,1,3,5182033,0,1870.5625,"less_hs",1190.25,"hs",1640.25,"less_hs","less"
5182039,"black",0.5,0,1,43.25,30.5,35.5,5,2,1,17,12,5.5,213752.95,93019.6433333333,56528.0107471264,0,0,0,3,3,65,3,51,2,31,1,3,5182039,0,1870.5625,"less_hs",930.25,"hs",1260.25,"higher","less"
5182040,"black",0.5,0,0,43.25,30.5,31.5,5,2,1,17,12,5.5,105000,93019.6433333333,56528.0107471264,0,0,0,3,2,33,3,51,2,31,1,3,5182040,0,1870.5625,"less_hs",930.25,"hs",992.25,"higher","less"
5182041,"black",0.5,0,0,43.25,30.5,30,1,2,1,11,12,5.5,167680.7,93019.6433333333,56528.0107471264,1,0,0,3,3,52,3,51,2,31,1,3,5182041,0,1870.5625,"less_hs",930.25,"hs",900,"less_hs","less"
5182042,"black",0.5,1,1,43.25,28.5,30,2,2,1,12,12,5.5,12500,15690.5841666667,56528.0107471264,0,0,0,3,1,3,1,9,2,31,1,3,5182042,0,1870.5625,"less_hs",812.25,"hs",900,"hs","less"
5182177,"black",0.5,1,0,43.25,28.5,37.5,3,2,1,15,12,5.5,80270.05,15690.5841666667,56528.0107471264,0,0,0,3,1,22,1,9,2,31,1,3,5182177,0,1870.5625,"less_hs",812.25,"hs",1406.25,"some_college","less"
5200031,"black",0,1,0,27.5,25.5,30,5,3,2,17,14,12,0,0,0,0,0,0,1,0,0,0,0,0,0,1,1,5200031,0,756.25,"hs",650.25,"some_college",900,"higher","less"
5215031,"black",0.5,0,0,36,25.3333333333333,33,3,2,1.5,13,11.6666666666667,10,0,177627.9,0,0,0,0,1,0,0,4,81,0,0,1,1,5215031,0,1296,NA,641.777777777778,"hs",1089,"some_college","more"
5215032,"black",0.5,0,1,36,25.3333333333333,31,2,2,1.5,12,11.6666666666667,10,0,177627.9,0,0,0,0,1,0,0,4,81,0,0,1,1,5215032,0,1296,NA,641.777777777778,"hs",961,"hs","more"
5215034,"black",0.5,0,1,36,25.3333333333333,28,2,2,1.5,11.5,11.6666666666667,10,0,177627.9,0,0,0,0,1,0,0,4,81,0,0,1,1,5215034,0,1296,NA,641.777777777778,"hs",784,"hs","more"
5219030,"black",0,0,1,39.5,34,45,3,1,1,15,5,11,0,0,0,0,0,0,1,0,0,0,0,0,0,1,1,5219030,0,1560.25,"less_hs",1156,"less_hs",2025,"some_college","less"
5230032,"black",0,1,1,35.5,34.1666666666667,44,2,3,2,12,13.5,12,0,0,0,0,0,0,1,0,0,0,0,0,0,1,1,5230032,0,1260.25,"hs",1167.36111111111,"some_college",1936,"hs","less"
5230034,"black",0,1,1,35.5,34.1666666666667,41,2,3,2,12,13.5,12,0,0,0,0,0,0,1,0,0,0,0,0,0,1,1,5230034,0,1260.25,"hs",1167.36111111111,"some_college",1681,"hs","less"
5230037,"black",0,1,0,35.5,34.1666666666667,36,3,3,2,14,13.5,12,0,0,0,1,0,0,1,0,0,0,0,0,0,1,1,5230037,0,1260.25,"hs",1167.36111111111,"some_college",1296,"some_college","less"
5230039,"black",0,1,1,35.5,33.5,31,2,1,2,12,7.83333333333333,12,0,71736.5666666667,0,0,0,0,1,0,0,2,40,0,0,1,1,5230039,0,1260.25,"hs",1122.25,"less_hs",961,"hs","less"
5230041,"black",0,0,1,35.5,30.8333333333333,29.5,3,4,2,15,16,12,0,145590.866666667,0,0,0,0,1,0,0,3,72,0,0,1,1,5230041,0,1260.25,"hs",950.694444444444,"college",870.25,"some_college","less"
5230036,"black",0,0,1,35.5,29,38,4,3,2,16,14,12,0,142561.6,0,0,0,0,1,0,0,3,71,0,0,1,1,5230036,0,1260.25,"hs",841,"some_college",1444,"college","less"
5230038,"black",0,0,0,35.5,29,35,5,3,2,17,14,12,0,142561.6,0,0,0,0,1,0,0,3,71,0,0,1,1,5230038,0,1260.25,"hs",841,"some_college",1225,"higher","less"
5230040,"black",0,0,0,35.5,26,33,5,3,2,17,14,12,0,124059.4,0,1,0,0,1,0,0,3,65,0,0,1,1,5230040,0,1260.25,"hs",676,"some_college",1089,"higher","less"
5230042,"black",0,0,1,35.5,26,28.5,2,3,2,12,14,12,0,124059.4,0,1,0,0,1,0,0,3,65,0,0,1,1,5230042,0,1260.25,"hs",676,"some_college",812.25,"hs","less"
5234030,"black",0,1,0,39.5,33.5,27.5,3,4,1,14,15.8333333333333,7,0,2023.23266666667,0,0,0,0,1,0,0,1,1,0,0,1,1,5234030,0,1560.25,"less_hs",1122.25,"college",756.25,"some_college","less"
5242030,"black",0,0,1,41.5,32.5,33,2,3,2,6,14,12,28214.85,11461.8266666667,94303.672270115,0,0,0,3,1,6,1,5,2,49,1,3,5242030,0,1722.25,"hs",1056.25,"some_college",1089,"hs","less"
5274030,"black",0.666666666666667,0,0,26,25,35,1,2,-Inf,10,12,10,0,0,0,1,0,0,5,0,0,0,0,0,0,1,5,5274030,0,676,NA,625,"hs",1225,"less_hs","more"
5274031,"black",0.666666666666667,0,1,26,25,30,1,2,-Inf,10,12,10,0,0,0,0,0,0,5,0,0,0,0,0,0,1,5,5274031,0,676,NA,625,"hs",900,"less_hs","more"
5274032,"black",0.666666666666667,0,0,26,25,29,1,2,-Inf,9,12,10,0,0,0,1,0,0,5,0,0,0,0,0,0,1,5,5274032,0,676,NA,625,"hs",841,"less_hs","more"
5281030,"black",1,0,0,52.5,36.3333333333333,36,5,5,3,17,17,13,0,241285.9,68574.0171839081,0,0,0,1,0,0,4,89,2,37,1,1,5281030,0,2756.25,"some_college",1320.11111111111,"higher",1296,"higher","more"
5281031,"black",1,0,1,52.5,36.3333333333333,32,5,5,3,17,17,13,0,241285.9,68574.0171839081,0,0,0,1,0,0,4,89,2,37,1,1,5281031,0,2756.25,"some_college",1320.11111111111,"higher",1024,"higher","more"
5281032,"black",1,0,1,52.5,36.3333333333333,30,5,5,3,17,17,13,0,241285.9,68574.0171839081,0,0,0,1,0,0,4,89,2,37,1,1,5281032,0,2756.25,"some_college",1320.11111111111,"higher",900,"higher","more"
5287007,"black",0,0,1,57.5,47.5,51,2,2,1,12,12,8,0,0,0,0,0,0,3,0,0,0,0,0,0,1,3,5287007,0,3306.25,"less_hs",2256.25,"hs",2601,"hs","less"
5287008,"black",0,0,1,57.5,47.5,51,1,2,1,9,12,8,0,0,0,1,0,0,3,0,0,0,0,0,0,1,3,5287008,0,3306.25,"less_hs",2256.25,"hs",2601,"less_hs","less"
5287030,"black",0,0,1,29.5,27.1666666666667,37,4,2,-Inf,16,12,NA,0,28599.8133333333,0,0,0,0,3,0,0,1,18,0,0,1,3,5287030,0,870.25,NA,738.027777777778,"hs",1369,"college","more"
5287031,"black",0,0,0,29.5,27.1666666666667,32,4,2,-Inf,16,12,NA,0,28599.8133333333,0,0,0,0,3,0,0,1,18,0,0,1,3,5287031,0,870.25,NA,738.027777777778,"hs",1024,"college","more"
5290032,"black",0.5,1,1,46.5,30.5,37,3,2,1,13,11.8333333333333,8.5,190895.55,65483.5563333333,13350.355,0,0,0,3,3,59,2,36,1,3,1,3,5290032,0,2162.25,"less_hs",930.25,"hs",1369,"some_college","less"
5290174,"black",0.5,1,1,46.5,30.5,39,2,2,1,12,11.8333333333333,8.5,244110.4,65483.5563333333,13350.355,0,0,0,3,3,71,2,36,1,3,1,3,5290174,0,2162.25,"less_hs",930.25,"hs",1521,"hs","less"
5292013,"black",0.5,0,0,49.75,50.5,54,3,1,1,13,7.83333333333333,4.5,5089.3565,15178.155,0,0,0,0,3,1,2,1,8,0,0,1,3,5292013,0,2475.0625,"less_hs",2550.25,"less_hs",2916,"some_college","less"
5292015,"black",0.5,0,1,49.75,50.5,52,2,1,1,12,7.83333333333333,4.5,68250.99,15178.155,0,0,0,0,3,1,17,1,8,0,0,1,3,5292015,0,2475.0625,"less_hs",2550.25,"less_hs",2704,"hs","less"
5292016,"black",0.5,0,1,49.75,50.5,51,2,1,1,12,7.83333333333333,4.5,5006731.325,15178.155,0,1,0,0,3,4,97,1,8,0,0,1,3,5292016,0,2475.0625,"less_hs",2550.25,"less_hs",2601,"hs","less"
5292039,"black",0,0,0,30.5,31.5,27,2,2,-Inf,12,12,NA,0,0,0,0,0,0,3,0,0,0,0,0,0,1,3,5292039,0,930.25,NA,992.25,"hs",729,"hs","more"
5295171,"black",0.5,1,0,35,38.5,43.5,3,1,1,13,8.16666666666667,6,0,0,0,0,0,0,3,0,0,0,0,0,0,1,3,5295171,0,1225,"less_hs",1482.25,"less_hs",1892.25,"some_college","less"
5299034,"black",0.5,0,0,41,33.5,36,2,3,1,12,14.6666666666667,7.5,33125.495,0,0,0,0,0,1,1,7,0,0,0,0,1,1,5299034,0,1681,"less_hs",1122.25,"some_college",1296,"hs","less"
5299035,"black",0.5,0,1,41,33.5,40.5,4,3,1,16,14.6666666666667,7.5,0,0,0,0,0,0,1,0,0,0,0,0,0,1,1,5299035,0,1681,"less_hs",1122.25,"some_college",1640.25,"college","less"
5299037,"black",0.5,0,0,41,33.5,33,3,3,1,14,14.6666666666667,7.5,0,0,0,0,0,0,1,0,0,0,0,0,0,1,1,5299037,0,1681,"less_hs",1122.25,"some_college",1089,"some_college","less"
5299040,"black",0.5,0,0,41,33.5,31,3,3,1,13,14.6666666666667,7.5,0,0,0,0,0,0,1,0,0,0,0,0,0,1,1,5299040,0,1681,"less_hs",1122.25,"some_college",961,"some_college","less"
5299046,"black",0.5,0,1,41,33.5,28,1,3,1,9,14.6666666666667,7.5,0,0,0,0,0,0,1,0,0,0,0,0,0,1,1,5299046,0,1681,"less_hs",1122.25,"some_college",784,"less_hs","less"
5299047,"black",0.5,0,0,41,33.5,27,2,3,1,12,14.6666666666667,7.5,0,0,0,0,0,0,1,0,0,0,0,0,0,1,1,5299047,0,1681,"less_hs",1122.25,"some_college",729,"hs","less"
5299036,"black",0.5,0,0,41,30.5,33,3,2,1,14,11.1666666666667,7.5,72840.345,0,0,0,0,0,1,1,19,0,0,0,0,1,1,5299036,0,1681,"less_hs",930.25,"hs",1089,"some_college","less"
5299039,"black",0.5,0,0,41,29.5,32,1,2,1,11,12,7.5,0,0,0,1,0,0,1,0,0,0,0,0,0,1,1,5299039,0,1681,"less_hs",870.25,"hs",1024,"less_hs","less"
5299043,"black",0.5,0,1,41,26.75,31.5,2,-Inf,1,12,0,7.5,0,51560.76,0,0,0,0,1,0,0,2,29,0,0,1,1,5299043,0,1681,"less_hs",715.5625,NA,992.25,"hs","less"
5299044,"black",0.5,0,0,41,26.75,30,3,-Inf,1,14,0,7.5,0,51560.76,0,0,0,0,1,0,0,2,29,0,0,1,1,5299044,0,1681,"less_hs",715.5625,NA,900,"some_college","less"
5299045,"black",0.5,0,0,41,26.75,28.5,2,-Inf,1,12,0,7.5,0,51560.76,0,1,0,0,1,0,0,2,29,0,0,1,1,5299045,0,1681,"less_hs",715.5625,NA,812.25,"hs","less"
5299048,"black",0.5,0,1,41,26.75,27,3,-Inf,1,15,0,7.5,80000,51560.76,0,0,0,0,1,1,22,2,29,0,0,1,1,5299048,0,1681,"less_hs",715.5625,NA,729,"some_college","less"
5299030,"black",0.5,0,0,41,26,37,1,3,1,11,13,7.5,0,0,0,0,0,0,1,0,0,0,0,0,0,1,1,5299030,0,1681,"less_hs",676,"some_college",1369,"less_hs","less"
5299033,"black",0.5,0,0,41,26,35,3,3,1,15,13,7.5,68714.455,0,0,0,0,0,1,1,18,0,0,0,0,1,1,5299033,0,1681,"less_hs",676,"some_college",1225,"some_college","less"
5299041,"black",0.5,0,1,41,26,30.5,3,3,1,13,13,7.5,0,0,0,0,0,0,1,0,0,0,0,0,0,1,1,5299041,0,1681,"less_hs",676,"some_college",930.25,"some_college","less"
5299032,"black",0.5,0,0,41,26.75,38,3,2,1,14,11.75,7.5,17768.07,0,0,0,0,0,1,1,4,0,0,0,0,1,1,5299032,0,1681,"less_hs",715.5625,"hs",1444,"some_college","less"
5299038,"black",0.5,0,0,41,26.75,33,3,2,1,13,11.75,7.5,185627.45,0,0,0,0,0,1,3,58,0,0,0,0,1,1,5299038,0,1681,"less_hs",715.5625,"hs",1089,"some_college","less"
5299042,"black",0.5,0,0,41,26.75,29,1,2,1,11,11.75,7.5,0,0,0,0,0,0,1,0,0,0,0,0,0,1,1,5299042,0,1681,"less_hs",715.5625,"hs",841,"less_hs","less"
5302032,"black",0,0,1,36.5,31.5,37,3,3,1,13,12.8333333333333,10,0,11853.8233333333,4338.865,1,0,0,1,0,0,1,5,1,1,1,1,5302032,0,1332.25,"less_hs",992.25,"some_college",1369,"some_college","less"
5302035,"black",0,0,0,36.5,31.5,32,3,3,1,15,12.8333333333333,10,0,11853.8233333333,4338.865,0,0,0,1,0,0,1,5,1,1,1,1,5302035,0,1332.25,"less_hs",992.25,"some_college",1024,"some_college","less"
5302037,"black",0,0,1,36.5,28.5,30,2,3,1,12,12.5,10,15536.14,0,4338.865,0,0,0,1,1,3,0,0,1,1,1,1,5302037,0,1332.25,"less_hs",812.25,"some_college",900,"hs","less"
5305030,"black",0.5,0,1,41.5,32.1666666666667,43,3,3,1,14,12.8333333333333,9.5,0,0,0,1,0,0,1,0,0,0,0,0,0,1,1,5305030,0,1722.25,"less_hs",1034.69444444444,"some_college",1849,"some_college","less"
5305034,"black",0.5,0,1,41.5,32.1666666666667,29,2,3,1,12,12.8333333333333,9.5,45893.565,0,0,1,0,0,1,1,11,0,0,0,0,1,1,5305034,0,1722.25,"less_hs",1034.69444444444,"some_college",841,"hs","less"
5305035,"black",0.5,0,1,41.5,32.1666666666667,28,-Inf,3,1,0,12.8333333333333,9.5,45893.565,0,0,1,0,0,1,1,11,0,0,0,0,1,1,5305035,0,1722.25,"less_hs",1034.69444444444,"some_college",784,NA,"less"
5306031,"black",0,0,1,30.5,25,33,3,2,1,15,12,11,152680.7,0,0,0,0,0,3,2,47,0,0,0,0,1,3,5306031,0,930.25,"less_hs",625,"hs",1089,"some_college","less"
5308030,"black",0,0,1,30.5,31.5,44,2,2,-Inf,12,10.6666666666667,NA,0,0,10559.4396551724,0,0,0,3,0,0,0,0,1,2,1,3,5308030,0,930.25,NA,992.25,"hs",1936,"hs","more"
5308031,"black",0,0,1,30.5,31.5,35,3,2,-Inf,14,10.6666666666667,NA,0,0,10559.4396551724,0,0,0,3,0,0,0,0,1,2,1,3,5308031,0,930.25,NA,992.25,"hs",1225,"some_college","more"
5308032,"black",0,0,0,30.5,31.5,28.5,3,2,-Inf,13,10.6666666666667,NA,0,0,10559.4396551724,0,0,0,3,0,0,0,0,1,2,1,3,5308032,0,930.25,NA,992.25,"hs",812.25,"some_college","more"
5314034,"black",0.5,0,1,36,25.5,27.5,2,2,1,12,12,5,0,59709.165,0,0,0,0,3,0,0,2,33,0,0,1,3,5314034,0,1296,"less_hs",650.25,"hs",756.25,"hs","less"
5315030,"black",0.5,0,1,33.5,31.5,40,2,1,1,12,11,7.5,0,20135.2883333333,15900.27,1,0,0,3,0,0,1,13,1,3,1,3,5315030,0,1122.25,"less_hs",992.25,"less_hs",1600,"hs","less"
5315032,"black",0.5,0,0,33.5,31.5,37,2,1,1,12,11,7.5,45536.14,20135.2883333333,15900.27,0,0,0,3,1,10,1,13,1,3,1,3,5315032,0,1122.25,"less_hs",992.25,"less_hs",1369,"hs","less"
5315033,"black",0.5,0,1,33.5,31.5,34,-Inf,1,1,NA,11,7.5,0,20135.2883333333,15900.27,0,0,0,3,0,0,1,13,1,3,1,3,5315033,0,1122.25,"less_hs",992.25,"less_hs",1156,NA,"less"
5332039,"black",0.5,0,1,41.5,35.3333333333333,32.5,3,4,1,14,16,10,159067.8,166853.083333333,123433.237931034,0,0,0,1,2,50,4,78,3,65,1,1,5332039,0,1722.25,"less_hs",1248.44444444444,"college",1056.25,"some_college","less"
5332040,"black",0.5,0,0,41.5,35.3333333333333,31,4,4,1,16,16,10,0,166853.083333333,123433.237931034,0,0,0,1,0,0,4,78,3,65,1,1,5332040,0,1722.25,"less_hs",1248.44444444444,"college",961,"college","less"
5348030,"black",0,0,1,28.5,29.25,40.5,3,2,1,14,11.75,9,761616.3,0,0,0,0,0,1,4,96,0,0,0,0,1,1,5348030,0,812.25,"less_hs",855.5625,"hs",1640.25,"some_college","less"
5348031,"black",0,0,0,28.5,29.25,33,2,2,1,12,11.75,9,0,0,0,0,0,0,1,0,0,0,0,0,0,1,1,5348031,0,812.25,"less_hs",855.5625,"hs",1089,"hs","less"
5348033,"black",0,0,1,28.5,27,28,3,3,1,13,13.4,9,0,0,0,0,0,0,1,0,0,0,0,0,0,1,1,5348033,0,812.25,"less_hs",729,"some_college",784,"some_college","less"
5348032,"black",0,1,1,28.5,25.5,28.5,2,2,1,12,12,9,0,0,0,0,0,0,1,0,0,0,0,0,0,1,1,5348032,0,812.25,"less_hs",650.25,"hs",812.25,"hs","less"
5350030,"black",0,0,0,38.5,31,46,2,2,3,12,12,13,41429.7,0,0,0,0,0,1,1,9,0,0,0,0,1,1,5350030,0,1482.25,"some_college",961,"hs",2116,"hs","more"
5350031,"black",0,0,0,38.5,29.8,41,2,3,3,12,12.6,13,0,0,0,0,0,0,1,0,0,0,0,0,0,1,1,5350031,0,1482.25,"some_college",888.04,"some_college",1681,"hs","more"
5355030,"black",0.5,0,1,33.25,26,36,3,2,-Inf,14,12,NA,0,23002.7233333333,48001.8125287357,0,0,0,7,0,0,1,14,1,24,1,7,5355030,0,1105.5625,NA,676,"hs",1296,"some_college","more"
5363031,"black",0.5,0,0,28,26.5,34,3,3,2,13,13,12,0,0,37624.596091954,1,0,0,3,0,0,0,0,1,19,1,3,5363031,0,784,"hs",702.25,"some_college",1156,"some_college","less"
5363033,"black",0.5,0,1,28,26.5,27,3,3,2,14,13,12,0,0,37624.596091954,0,0,0,3,0,0,0,0,1,19,1,3,5363033,0,784,"hs",702.25,"some_college",729,"some_college","less"
5364030,"black",0,0,1,30.5,29.5,39,3,2,1,15,12,10,61000,100886.98,30767.1978735632,0,0,0,3,1,15,3,55,1,13,1,3,5364030,0,930.25,"less_hs",870.25,"hs",1521,"some_college","less"
5364031,"black",0,0,0,30.5,29.5,34,3,2,1,15,12,10,0,100886.98,30767.1978735632,0,0,0,3,0,0,3,55,1,13,1,3,5364031,0,930.25,"less_hs",870.25,"hs",1156,"some_college","less"
5364032,"black",0,1,1,30.5,27,33,3,3,1,13,13,10,124180.3,55258.958,30767.1978735632,0,0,0,3,2,38,2,30,1,13,1,3,5364032,0,930.25,"less_hs",729,"some_college",1089,"some_college","less"
5364033,"black",0,0,0,30.5,25.5,32,2,2,1,12,12,10,0,13460.385,30767.1978735632,0,0,0,3,0,0,1,7,1,13,1,3,5364033,0,930.25,"less_hs",650.25,"hs",1024,"hs","less"
5366047,"black",0.5,1,1,41.5,33.5,27.5,1,2,1,10.5,12,6,85448.75,83491.8516666667,0,0,0,0,3,1,25,2,46,0,0,1,3,5366047,0,1722.25,"less_hs",1122.25,"hs",756.25,"less_hs","less"
5366032,"black",0.5,0,0,41.5,31.5,42,5,2,1,17,12,6,129912.6,8012.794,0,0,0,0,3,2,41,1,3,0,0,1,3,5366032,0,1722.25,"less_hs",992.25,"hs",1764,"higher","less"
5366033,"black",0.5,0,0,41.5,30.5,44,3,2,1,14,12,6,198395.55,85365.7583333333,0,0,0,0,3,3,61,2,48,0,0,1,3,5366033,0,1722.25,"less_hs",930.25,"hs",1936,"some_college","less"
5366042,"black",0.5,0,1,41.5,30.5,38,3,2,1,14,12,6,0,85365.7583333333,0,0,0,0,3,0,0,2,48,0,0,1,3,5366042,0,1722.25,"less_hs",930.25,"hs",1444,"some_college","less"
5370032,"black",0,0,0,29.5,29.3333333333333,37,3,3,1,15,14.1666666666667,9,5218711.5,114990.766666667,0,1,0,0,1,4,99,3,61,0,0,1,1,5370032,0,870.25,"less_hs",860.444444444444,"some_college",1369,"some_college","less"
5379030,"black",0.5,0,1,27,26,33,2,2,2.5,12,12,12.5,0,0,0,0,0,0,2,0,0,0,0,0,0,1,2,5379030,0,729,NA,676,"hs",1089,"hs","more"
5379032,"black",0.5,0,1,27,26,27.5,2,2,2.5,12,12,12.5,258935.65,0,0,1,0,0,2,3,74,0,0,0,0,1,2,5379032,0,729,NA,676,"hs",756.25,"hs","more"
5393033,"black",0,1,1,39.5,35.1666666666667,40,3,1,1,14,11,7,0,0,0,0,0,0,1,0,0,0,0,0,0,1,1,5393033,0,1560.25,"less_hs",1236.69444444444,"less_hs",1600,"some_college","less"
5393171,"black",0,1,0,39.5,35.1666666666667,46,3,1,1,13,11,7,249467.8,0,0,0,0,0,1,3,72,0,0,0,0,1,1,5393171,0,1560.25,"less_hs",1236.69444444444,"less_hs",2116,"some_college","less"
5393177,"black",0,1,1,39.5,35.1666666666667,33.5,2,1,1,12,11,7,76250.99,0,0,0,0,0,1,1,20,0,0,0,0,1,1,5393177,0,1560.25,"less_hs",1236.69444444444,"less_hs",1122.25,"hs","less"
5393030,"black",0,0,0,39.5,30.5,45,2,1,1,12,10,7,0,0,0,0,0,0,1,0,0,0,0,0,0,1,1,5393030,0,1560.25,"less_hs",930.25,"less_hs",2025,"hs","less"
5393031,"black",0,0,1,39.5,30.5,41,5,1,1,17,10,7,0,0,0,0,0,0,1,0,0,0,0,0,0,1,1,5393031,0,1560.25,"less_hs",930.25,"less_hs",1681,"higher","less"
5393032,"black",0,0,0,39.5,30.5,40,5,1,1,17,10,7,0,0,0,0,0,0,1,0,0,0,0,0,0,1,1,5393032,0,1560.25,"less_hs",930.25,"less_hs",1600,"higher","less"
5395034,"black",0,0,0,37.5,30.3333333333333,36,3,2,1,14,12,9,73661.63,0,0,0,0,0,3,1,19,0,0,0,0,1,3,5395034,0,1406.25,"less_hs",920.111111111111,"hs",1296,"some_college","less"
5396034,"black",0.5,1,1,30,26,30.5,3,2,2.5,13,12,13,0,0,0,0,0,0,3,0,0,0,0,0,0,1,3,5396034,0,900,NA,676,"hs",930.25,"some_college","more"
5406030,"black",0,0,0,35.5,28.1666666666667,38,3,2,1,14,12,11,190000,109396.333333333,0,0,0,0,1,3,59,3,59,0,0,1,1,5406030,0,1260.25,"less_hs",793.361111111111,"hs",1444,"some_college","less"
5406031,"black",0,0,1,35.5,28.1666666666667,31.5,2,2,1,12,12,11,56965.85,109396.333333333,0,0,0,0,1,1,14,3,59,0,0,1,1,5406031,0,1260.25,"less_hs",793.361111111111,"hs",992.25,"hs","less"
5406032,"black",0,0,1,35.5,28.1666666666667,27,1,2,1,10,12,11,0,109396.333333333,0,0,0,0,1,0,0,3,59,0,0,1,1,5406032,0,1260.25,"less_hs",793.361111111111,"hs",729,"less_hs","less"
5416030,"black",0.5,0,1,44,28.5,42,5,1,1,17,10.1666666666667,6.5,50000,1975.63666666667,75249.1971839081,1,0,0,4,1,12,1,1,2,40,1,4,5416030,0,1936,"less_hs",812.25,"less_hs",1764,"higher","less"
5416032,"black",0.5,0,1,44,28.5,37,-Inf,1,1,NA,10.1666666666667,6.5,45714.85,1975.63666666667,75249.1971839081,1,0,0,4,1,11,1,1,2,40,1,4,5416032,0,1936,"less_hs",812.25,"less_hs",1369,NA,"less"
5416034,"black",0.5,0,0,44,28.5,32,2,1,1,12,10.1666666666667,6.5,0,1975.63666666667,75249.1971839081,0,0,0,4,0,0,1,1,2,40,1,4,5416034,0,1936,"less_hs",812.25,"less_hs",1024,"hs","less"
5417031,"black",0,0,0,35.5,26.2,28,4,3,2,16,15,12,50000,0,68574.0171839081,0,0,0,4,1,12,0,0,2,37,1,4,5417031,0,1260.25,"hs",686.44,"some_college",784,"college","less"
5429007,"black",1,0,0,57.5,42.5,51,2,2,1,12,12,3,15000,0,3131.38675287357,0,0,0,1,1,3,0,0,1,0,1,1,5429007,0,3306.25,"less_hs",1806.25,"hs",2601,"hs","less"
5429008,"black",1,0,0,57.5,42.5,50,2,2,1,12,12,3,35536.14,0,3131.38675287357,0,0,0,1,1,7,0,0,1,0,1,1,5429008,0,3306.25,"less_hs",1806.25,"hs",2500,"hs","less"
5429030,"black",1,0,0,57.5,42.5,47,2,2,1,12,12,3,5178711.5,0,3131.38675287357,0,0,0,1,4,98,0,0,1,0,1,1,5429030,0,3306.25,"less_hs",1806.25,"hs",2209,"hs","less"
5430031,"black",0,0,0,45,38,45,1,1,1,10,11,8,0,0,63088.0966091954,0,0,0,1,0,0,0,0,2,33,1,1,5430031,0,2025,"less_hs",1444,"less_hs",2025,"less_hs","less"
5430171,"black",0,0,0,45,38,47,2,1,1,12,11,8,101787.15,0,63088.0966091954,0,0,0,1,2,31,0,0,2,33,1,1,5430171,0,2025,"less_hs",1444,"less_hs",2209,"hs","less"
5430030,"black",0,0,0,45,34.6666666666667,45,4,2,1,16,12,8,0,18443.185,63088.0966091954,1,0,0,1,0,0,1,12,2,33,1,1,5430030,0,2025,"less_hs",1201.77777777778,"hs",2025,"college","less"
5430037,"black",0,0,0,45,34.6666666666667,35,3,2,1,14,12,8,1e+05,18443.185,63088.0966091954,0,0,0,1,2,30,1,12,2,33,1,1,5430037,0,2025,"less_hs",1201.77777777778,"hs",1225,"some_college","less"
5430041,"black",0,0,0,45,34.6666666666667,33,1,2,1,11,12,8,0,18443.185,63088.0966091954,1,0,0,1,0,0,1,12,2,33,1,1,5430041,0,2025,"less_hs",1201.77777777778,"hs",1089,"less_hs","less"
5430043,"black",0,0,1,45,34.6666666666667,31,1,2,1,10,12,8,0,18443.185,63088.0966091954,0,0,0,1,0,0,1,12,2,33,1,1,5430043,0,2025,"less_hs",1201.77777777778,"hs",961,"less_hs","less"
5430038,"black",0,0,0,45,27,37,3,2,1,13,11.4,8,64733.9,19890.9368,63088.0966091954,0,0,0,1,1,16,1,13,2,33,1,1,5430038,0,2025,"less_hs",729,"hs",1369,"some_college","less"
5430033,"black",0,0,0,45,31.3333333333333,39.5,2,2,1,12,11.8333333333333,8,198752.95,0,63088.0966091954,0,0,0,1,3,62,0,0,2,33,1,1,5430033,0,2025,"less_hs",981.777777777778,"hs",1560.25,"hs","less"
5430035,"black",0,0,0,45,31.3333333333333,37,2,2,1,12,11.8333333333333,8,198752.95,0,63088.0966091954,0,0,0,1,3,62,0,0,2,33,1,1,5430035,0,2025,"less_hs",981.777777777778,"hs",1369,"hs","less"
5430173,"black",0,0,1,45,31.3333333333333,43,1,2,1,10,11.8333333333333,8,198752.95,0,63088.0966091954,0,0,0,1,3,62,0,0,2,33,1,1,5430173,0,2025,"less_hs",981.777777777778,"hs",1849,"less_hs","less"
5430044,"black",0,1,0,45,25.5,29,1,2,1,11,12,8,0,0,63088.0966091954,0,0,0,1,0,0,0,0,2,33,1,1,5430044,0,2025,"less_hs",650.25,"hs",841,"less_hs","less"
5430184,"black",0,1,0,45,25.5,31.5,2,2,1,12,12,8,0,0,63088.0966091954,1,0,0,1,0,0,0,0,2,33,1,1,5430184,0,2025,"less_hs",650.25,"hs",992.25,"hs","less"
5444032,"black",0.5,1,0,49,37.5,28,3,5,1,14,16.8333333333333,6.5,0,193958.95,44299.776091954,0,0,0,3,0,0,4,84,1,22,1,3,5444032,0,2401,"less_hs",1406.25,"higher",784,"some_college","less"
5449030,"black",0,1,0,37,34.5,45,2,1,1,12,10.1666666666667,7,44500,7323.06116666667,0,1,0,0,3,1,10,1,3,0,0,1,3,5449030,0,1369,"less_hs",1190.25,"less_hs",2025,"hs","less"
5449031,"black",0,1,0,37,34.5,43,3,1,1,14,10.1666666666667,7,88840.345,7323.06116666667,0,1,0,0,3,2,26,1,3,0,0,1,3,5449031,0,1369,"less_hs",1190.25,"less_hs",1849,"some_college","less"
5451030,"black",0.5,1,0,32.5,31.5,32,3,2,1,14,12,7.5,0,19729.8883333333,0,0,0,0,3,0,0,1,13,0,0,1,3,5451030,0,1056.25,"less_hs",992.25,"hs",1024,"some_college","less"
5451172,"black",0.5,1,1,32.5,31.5,37,1,2,1,11,12,7.5,0,19729.8883333333,0,1,0,0,3,0,0,1,13,0,0,1,3,5451172,0,1056.25,"less_hs",992.25,"hs",1369,"less_hs","less"
5458032,"black",0,0,0,45.5,32.5,41,3,4,1,14,14,7,175000,53051.3,0,0,0,0,1,3,54,2,30,0,0,1,1,5458032,0,2070.25,"less_hs",1056.25,"college",1681,"some_college","less"
5458033,"black",0,1,1,45.5,31.5,40.5,5,2,1,17,12,7,0,70897.5366666667,0,0,0,0,1,0,0,2,40,0,0,1,1,5458033,0,2070.25,"less_hs",992.25,"hs",1640.25,"higher","less"
5458034,"black",0,1,0,45.5,31.5,36,4,2,1,15.5,12,7,96697.77,70897.5366666667,0,0,0,0,1,2,29,2,40,0,0,1,1,5458034,0,2070.25,"less_hs",992.25,"hs",1296,"college","less"
5458036,"black",0,1,1,45.5,31.5,28,5,2,1,17,12,7,211074.25,70897.5366666667,0,0,0,0,1,3,65,2,40,0,0,1,1,5458036,0,2070.25,"less_hs",992.25,"hs",784,"higher","less"
5462030,"black",0.5,0,1,44.5,31.5,38,3,3,1,14,13.6666666666667,9.5,28036.14,0,130472.864367816,0,0,0,3,1,6,0,0,3,67,1,3,5462030,0,1980.25,"less_hs",992.25,"some_college",1444,"some_college","less"
5462034,"black",0.5,0,0,44.5,31.5,27,2,3,1,12,13.6666666666667,9.5,98840.345,0,130472.864367816,1,0,0,3,2,30,0,0,3,67,1,3,5462034,0,1980.25,"less_hs",992.25,"some_college",729,"hs","less"
5462031,"black",0.5,1,0,44.5,27.2,31.5,4,2,1,16,12,9.5,0,55554.712,130472.864367816,0,0,0,3,0,0,2,31,3,67,1,3,5462031,0,1980.25,"less_hs",739.84,"hs",992.25,"college","less"
5462171,"black",0.5,1,0,44.5,27.2,38,3,2,1,14,12,9.5,0,55554.712,130472.864367816,1,0,0,3,0,0,2,31,3,67,1,3,5462171,0,1980.25,"less_hs",739.84,"hs",1444,"some_college","less"
5462172,"black",0.5,1,0,44.5,27.2,34,5,2,1,17,12,9.5,0,55554.712,130472.864367816,1,0,0,3,0,0,2,31,3,67,1,3,5462172,0,1980.25,"less_hs",739.84,"hs",1156,"higher","less"
5462032,"black",0.5,1,0,44.5,26,30,3,2,1,14,12,9.5,83929.7,33833.0766666667,130472.864367816,0,0,0,3,1,24,1,21,3,67,1,3,5462032,0,1980.25,"less_hs",676,"hs",900,"some_college","less"
5463040,"black",0.5,0,0,40.5,25,28,2,2,1,12,12,6,0,25683.28,0,1,0,0,3,0,0,1,16,0,0,1,3,5463040,0,1640.25,"less_hs",625,"hs",784,"hs","less"
5464032,"black",0.5,1,0,43.5,37.3333333333333,46,3,1,1,14,10.8333333333333,5,82859.4,84645.53,30767.1978735632,0,0,0,3,1,23,2,47,1,13,1,3,5464032,0,1892.25,"less_hs",1393.77777777778,"less_hs",2116,"some_college","less"
5464038,"black",0.5,1,0,43.5,37.3333333333333,33,3,1,1,14,10.8333333333333,5,0,84645.53,30767.1978735632,0,0,0,3,0,0,2,47,1,13,1,3,5464038,0,1892.25,"less_hs",1393.77777777778,"less_hs",1089,"some_college","less"
5464037,"black",0.5,0,0,43.5,29.5,35,4,4,1,16,16,5,132680.7,0,30767.1978735632,0,0,0,3,2,42,0,0,1,13,1,3,5464037,0,1892.25,"less_hs",870.25,"college",1225,"college","less"
5464040,"black",0.5,0,0,43.5,29.5,31,3,4,1,15,16,5,132680.7,0,30767.1978735632,0,0,0,3,2,42,0,0,1,13,1,3,5464040,0,1892.25,"less_hs",870.25,"college",961,"some_college","less"
5476030,"black",0,1,0,50.5,28.3333333333333,29,3,3,1,13.5,14.8333333333333,9,0,0,0,0,0,0,3,0,0,0,0,0,0,1,3,5476030,0,2550.25,"less_hs",802.777777777778,"some_college",841,"some_college","less"
5477035,"black",0,0,0,43,26.5,33.5,3,2,1,13,12,9,0,14817.2775,0,0,0,0,1,0,0,1,8,0,0,1,1,5477035,0,1849,"less_hs",702.25,"hs",1122.25,"some_college","less"
5478030,"black",0,1,0,45.5,28.5,36,5,1,2,17,10.1666666666667,12,0,67507.1233333333,0,1,0,0,3,0,0,2,37,0,0,1,3,5478030,0,2070.25,"hs",812.25,"less_hs",1296,"higher","less"
5478032,"black",0,1,0,45.5,28.5,32,-Inf,1,2,NA,10.1666666666667,12,0,67507.1233333333,0,1,0,0,3,0,0,2,37,0,0,1,3,5478032,0,2070.25,"hs",812.25,"less_hs",1024,NA,"less"
5478033,"black",0,1,1,45.5,28.5,30,4,1,2,16,10.1666666666667,12,0,67507.1233333333,0,0,0,0,3,0,0,2,37,0,0,1,3,5478033,0,2070.25,"hs",812.25,"less_hs",900,"college","less"
5478031,"black",0.5,0,1,44.5,25,32,2,2,1.5,12,12,9.5,0,0,0,1,0,0,3,0,0,0,0,0,0,1,3,5478031,0,1980.25,NA,625,"hs",1024,"hs","more"
5491031,"black",0.5,0,1,44,33.5,35.5,2,5,1.5,12,17,11.5,229467.8,55519.9,70333.9237931035,0,0,0,1,3,69,2,31,2,38,1,1,5491031,0,1936,NA,1122.25,"higher",1260.25,"hs","more"
5491033,"black",0.5,0,0,44,33.5,30.5,5,5,1.5,17,17,11.5,188574.25,55519.9,70333.9237931035,0,0,0,1,3,59,2,31,2,38,1,1,5491033,0,1936,NA,1122.25,"higher",930.25,"higher","more"
5493032,"black",0,0,1,33.5,26,37,1,1,-Inf,8,10,0,0,0,0,0,0,0,3,0,0,0,0,0,0,1,3,5493032,0,1122.25,NA,676,"less_hs",1369,"less_hs","more"
5493035,"black",0,0,1,33.5,26,32,-Inf,1,-Inf,0,10,0,111787.15,0,0,0,0,0,3,2,34,0,0,0,0,1,3,5493035,0,1122.25,NA,676,"less_hs",1024,NA,"more"
5493036,"black",0,0,0,33.5,26,34,2,1,-Inf,12,10,0,0,0,0,0,0,0,3,0,0,0,0,0,0,1,3,5493036,0,1122.25,NA,676,"less_hs",1156,"hs","more"
5493038,"black",0,0,0,33.5,26,29,1,1,-Inf,9,10,0,0,0,0,0,0,0,3,0,0,0,0,0,0,1,3,5493038,0,1122.25,NA,676,"less_hs",841,"less_hs","more"
5493037,"black",0,0,1,33.5,25.5,30,2,1,-Inf,12,9,0,0,0,0,1,0,0,3,0,0,0,0,0,0,1,3,5493037,0,1122.25,NA,650.25,"less_hs",900,"hs","more"
5493039,"black",0,0,0,33.5,25.5,28,1,1,-Inf,11,9,0,0,0,0,0,0,0,3,0,0,0,0,0,0,1,3,5493039,0,1122.25,NA,650.25,"less_hs",784,"less_hs","more"
5494030,"black",0,0,0,43.5,25,35.5,2,-Inf,1,11,0,9,0,0,3871.79454022989,0,0,0,3,0,0,0,0,1,1,1,3,5494030,0,1892.25,"less_hs",625,NA,1260.25,"hs","less"
5498032,"black",0.5,0,0,35,26.8,37,4,2,1.5,16,12,10.5,90500,73877.89,78951.2336206897,0,0,0,1,2,27,2,42,2,42,1,1,5498032,0,1225,NA,718.24,"hs",1369,"college","more"
5498033,"black",0.5,0,1,35,26.8,28,3,2,1.5,14,12,10.5,0,73877.89,78951.2336206897,0,0,0,1,0,0,2,42,2,42,1,1,5498033,0,1225,NA,718.24,"hs",784,"some_college","more"
5499030,"black",0,1,1,39.5,36.5,40.5,2,4,1,12,15.3333333333333,10,0,0,0,0,0,0,1,0,0,0,0,0,0,1,1,5499030,0,1560.25,"less_hs",1332.25,"college",1640.25,"hs","less"
5501032,"black",0,0,0,35.5,27.5,43,3,2,1,14,12,8,0,0,0,0,0,0,1,0,0,0,0,0,0,1,1,5501032,0,1260.25,"less_hs",756.25,"hs",1849,"some_college","less"
5501034,"black",0,0,1,35.5,27.5,40,-Inf,2,1,0,12,8,0,0,0,1,0,0,1,0,0,0,0,0,0,1,1,5501034,0,1260.25,"less_hs",756.25,"hs",1600,NA,"less"
5501039,"black",0,0,1,35.5,27.5,28,2,2,1,12,12,8,0,0,0,0,0,0,1,0,0,0,0,0,0,1,1,5501039,0,1260.25,"less_hs",756.25,"hs",784,"hs","less"
5513030,"black",0.5,0,0,37,31.5,43,4,1,1,16,11,10,0,0,0,1,0,0,1,0,0,0,0,0,0,1,1,5513030,0,1369,"less_hs",992.25,"less_hs",1849,"college","less"
5513032,"black",0.5,0,0,37,31.5,39,4,1,1,16,11,10,0,0,0,0,0,0,1,0,0,0,0,0,0,1,1,5513032,0,1369,"less_hs",992.25,"less_hs",1521,"college","less"
5526041,"black",0.5,0,1,44.5,29.5,33,1,3,1,11,13,5.5,0,0,22332.1112643678,1,0,0,1,0,0,0,0,1,8,1,1,5526041,0,1980.25,"less_hs",870.25,"some_college",1089,"less_hs","less"
5526044,"black",0.5,0,1,44.5,26,30.5,1,2,1,11,12,5.5,0,0,22332.1112643678,0,0,0,1,0,0,0,0,1,8,1,1,5526044,0,1980.25,"less_hs",676,"hs",930.25,"less_hs","less"
5527030,"black",0,0,0,46,31,36,3,2,2,15,12,12,0,160332.7,51157.1743103449,0,0,0,2,0,0,4,77,2,26,1,2,5527030,0,2116,"hs",961,"hs",1296,"some_college","less"
5537174,"black",0.5,0,1,33,32.5,44,3,3,1,14,12.8333333333333,9,152680.7,0,0,0,0,0,1,2,47,0,0,0,0,1,1,5537174,0,1089,"less_hs",1056.25,"some_college",1936,"some_college","less"
5537031,"black",0.5,1,0,33,31.5,40.5,4,1,1,16,10.6666666666667,9,129500,30693.63,0,0,0,0,1,2,41,1,19,0,0,1,1,5537031,0,1089,"less_hs",992.25,"less_hs",1640.25,"college","less"
5537033,"black",0.5,1,1,33,31.5,36,2,1,1,12,10.6666666666667,9,0,30693.63,0,0,0,0,1,0,0,1,19,0,0,1,1,5537033,0,1089,"less_hs",992.25,"less_hs",1296,"hs","less"
5537036,"black",0.5,0,1,33,27,33,5,2,1,17,12,9,0,0,0,0,0,0,1,0,0,0,0,0,0,1,1,5537036,0,1089,"less_hs",729,"hs",1089,"higher","less"
5537032,"black",0.5,0,1,33,26.8333333333333,39,2,2,1,12,12,9,81608.415,0,0,1,0,0,1,1,23,0,0,0,0,1,1,5537032,0,1089,"less_hs",720.027777777778,"hs",1521,"hs","less"
5537037,"black",0.5,0,1,33,26.8333333333333,32,3,2,1,13,12,9,0,0,0,0,0,0,1,0,0,0,0,0,0,1,1,5537037,0,1089,"less_hs",720.027777777778,"hs",1024,"some_college","less"
5539171,"black",0.5,0,0,47,34.5,44,1,1,1,10,10,5.5,0,0,0,1,0,0,1,0,0,0,0,0,0,1,1,5539171,0,2209,"less_hs",1190.25,"less_hs",1936,"less_hs","less"
5539172,"black",0.5,0,1,47,34.5,42.5,3,1,1,14,10,5.5,68500,0,0,0,0,0,1,1,17,0,0,0,0,1,1,5539172,0,2209,"less_hs",1190.25,"less_hs",1806.25,"some_college","less"
5539032,"black",0.5,0,1,47,31.5,38,4,3,1,16,13.6666666666667,5.5,0,0,0,1,0,0,1,0,0,0,0,0,0,1,1,5539032,0,2209,"less_hs",992.25,"some_college",1444,"college","less"
5539033,"black",0.5,0,0,47,31.5,36,4,3,1,16,13.6666666666667,5.5,0,0,0,1,0,0,1,0,0,0,0,0,0,1,1,5539033,0,2209,"less_hs",992.25,"some_college",1296,"college","less"
5539038,"black",0.5,0,1,47,31.5,29,2,3,1,12,13.6666666666667,5.5,0,0,0,0,0,0,1,0,0,0,0,0,0,1,1,5539038,0,2209,"less_hs",992.25,"some_college",841,"hs","less"
5539036,"black",0.5,0,1,47,26,31.5,5,1,1,17,9,5.5,0,0,0,1,0,0,1,0,0,0,0,0,0,1,1,5539036,0,2209,"less_hs",676,"less_hs",992.25,"higher","less"
5539034,"black",0.5,0,0,47,27,35,3,2,1,13,12,5.5,0,0,0,1,0,0,1,0,0,0,0,0,0,1,1,5539034,0,2209,"less_hs",729,"hs",1225,"some_college","less"
5539035,"black",0.5,0,1,47,27,33,1,2,1,10,12,5.5,0,0,0,0,0,0,1,0,0,0,0,0,0,1,1,5539035,0,2209,"less_hs",729,"hs",1089,"less_hs","less"
5539037,"black",0.5,0,1,47,27,30,3,2,1,13,12,5.5,0,0,0,0,0,0,1,0,0,0,0,0,0,1,1,5539037,0,2209,"less_hs",729,"hs",900,"some_college","less"
5541030,"black",0.5,0,0,57.75,49,45,5,1,1,17,8,5.5,197680.7,86549.4283333333,0,1,0,0,3,3,61,2,48,0,0,1,3,5541030,0,3335.0625,"less_hs",2401,"less_hs",2025,"higher","less"
5541031,"black",0,1,0,30.5,30.5,39,2,1,-Inf,11.5,10.8333333333333,0,20714.85,0,0,1,0,0,3,1,4,0,0,0,0,1,3,5541031,0,930.25,NA,930.25,"less_hs",1521,"hs","more"
5542030,"black",0,0,0,35.5,35.5,39,5,4,1,17,16,10,0,0,96003.6250574712,0,0,0,7,0,0,0,0,2,50,1,7,5542030,0,1260.25,"less_hs",1260.25,"college",1521,"higher","less"
5542032,"black",0,0,1,35.5,35.5,31,3,4,1,15,16,10,0,0,96003.6250574712,0,0,0,7,0,0,0,0,2,50,1,7,5542032,0,1260.25,"less_hs",1260.25,"college",961,"some_college","less"
5547032,"black",0.5,1,0,42.5,27,33,2,1,1,12,11,5,0,0,0,0,0,0,1,0,0,0,0,0,0,1,1,5547032,0,1806.25,"less_hs",729,"less_hs",1089,"hs","less"
5547035,"black",0.5,1,1,42.5,27,30,1,1,1,9,11,5,63572.275,0,0,0,0,0,1,1,16,0,0,0,0,1,1,5547035,0,1806.25,"less_hs",729,"less_hs",900,"less_hs","less"
5547033,"black",0.5,0,1,42.5,25,32,-Inf,1,1,0,10,5,0,0,0,1,0,0,1,0,0,0,0,0,0,1,1,5547033,0,1806.25,"less_hs",625,"less_hs",1024,NA,"less"
5547034,"black",0.5,0,0,42.5,25,31,2,1,1,12,10,5,0,0,0,1,0,0,1,0,0,0,0,0,0,1,1,5547034,0,1806.25,"less_hs",625,"less_hs",961,"hs","less"
5548011,"black",0.5,0,1,42.75,38.5,49,2,3,1,12,12.5,9,0,0,0,0,0,0,1,0,0,0,0,0,0,1,1,5548011,0,1827.5625,"less_hs",1482.25,"some_college",2401,"hs","less"
5548031,"black",0.5,0,0,42.75,38.5,42,2,3,1,12,12.5,9,0,0,0,0,0,0,1,0,0,0,0,0,0,1,1,5548031,0,1827.5625,"less_hs",1482.25,"some_college",1764,"hs","less"
5549033,"black",0.5,1,1,35,30.5,31,1,2,1,11,12,9,81429.7,0,0,0,0,0,1,1,23,0,0,0,0,1,1,5549033,0,1225,"less_hs",930.25,"hs",961,"less_hs","less"
5549031,"black",0.5,0,0,35,27.5,35,4,2,1,16,12,9,279467.8,55476.9166666667,0,0,0,0,1,4,77,2,31,0,0,1,1,5549031,0,1225,"less_hs",756.25,"hs",1225,"college","less"
5549032,"black",0.5,0,0,35,27.5,32,5,2,1,17,12,9,203574.25,55476.9166666667,0,0,0,0,1,3,63,2,31,0,0,1,1,5549032,0,1225,"less_hs",756.25,"hs",1024,"higher","less"
5549035,"black",0.5,0,0,35,27.5,29,5,2,1,16.5,12,9,0,55476.9166666667,0,0,0,0,1,0,0,2,31,0,0,1,1,5549035,0,1225,"less_hs",756.25,"hs",841,"higher","less"
5549034,"black",0.5,0,0,35,26.5,30,3,2,1,14,12,9,0,0,0,0,0,0,1,0,0,0,0,0,0,1,1,5549034,0,1225,"less_hs",702.25,"hs",900,"some_college","less"
5553030,"black",0.5,1,1,40.25,27.5,32.5,5,2,2.5,17,12,12.5,580148.1,321285.933333333,97763.5316666665,0,0,0,2,4,95,4,93,3,52,1,2,5553030,0,1620.0625,NA,756.25,"hs",1056.25,"higher","more"
5553031,"black",0.5,1,1,40.25,27.5,30.5,4,2,2.5,16,12,12.5,0,321285.933333333,97763.5316666665,0,0,0,2,0,0,4,93,3,52,1,2,5553031,0,1620.0625,NA,756.25,"hs",930.25,"college","more"
5560030,"black",0.5,0.333333333333333,0,55.1666666666667,39.1666666666667,47,2,2,-Inf,12,12,5.5,0,104203.411666667,20025.53,1,0,0,13,0,0,3,57,1,5,1,13,5560030,0,3043.36111111111,NA,1534.02777777778,"hs",2209,"hs","more"
5560032,"black",0.5,0.333333333333333,1,55.1666666666667,39.1666666666667,45,2,2,-Inf,12,12,5.5,226342.3,104203.411666667,20025.53,1,0,0,13,3,68,3,57,1,5,1,13,5560032,0,3043.36111111111,NA,1534.02777777778,"hs",2025,"hs","more"
5560034,"black",0.5,0.333333333333333,1,55.1666666666667,39.1666666666667,39,3,2,-Inf,15,12,5.5,0,104203.411666667,20025.53,0,0,0,13,0,0,3,57,1,5,1,13,5560034,0,3043.36111111111,NA,1534.02777777778,"hs",1521,"some_college","more"
5560035,"black",0.5,1,0,57.5,36.6666666666667,45,4,2,1,16,12,5.5,5146557.05,513176.85,0,0,0,0,13,4,98,4,99,0,0,1,13,5560035,0,3306.25,"less_hs",1344.44444444444,"hs",2025,"college","less"
5562031,"black",0.5,0,1,42,34.5,29,2,2,1.5,12,12,8,0,111970.166666667,109353.985057471,1,0,0,5,0,0,3,60,3,59,1,5,5562031,0,1764,NA,1190.25,"hs",841,"hs","more"
5562030,"black",0.5,0,0,42,32.5,33,5,3,1.5,17,12.8333333333333,8,85000,138363.6,109353.985057471,0,0,0,5,1,24,3,69,3,59,1,5,5562030,0,1764,NA,1056.25,"some_college",1089,"higher","more"
5562032,"black",0.5,0,0,42,32.5,31,3,3,1.5,14,12.8333333333333,8,0,138363.6,109353.985057471,0,0,0,5,0,0,3,69,3,59,1,5,5562032,0,1764,NA,1056.25,"some_college",961,"some_college","more"
5565030,"black",0.5,0,1,40.75,34.5,45,5,3,1,17,13.8333333333333,5,111787.15,0,44299.776091954,0,0,0,10,2,34,0,0,1,22,1,10,5565030,0,1660.5625,"less_hs",1190.25,"some_college",2025,"higher","less"
5565032,"black",0.5,0,0,40.75,34.5,41.5,5,3,1,17,13.8333333333333,5,124733.9,0,44299.776091954,0,0,0,10,2,39,0,0,1,22,1,10,5565032,0,1660.5625,"less_hs",1190.25,"some_college",1722.25,"higher","less"
5565031,"black",0.5,0,0,40.75,30.5,41,3,1,1,14,11,5,0,28516.145,44299.776091954,0,0,0,10,0,0,1,18,1,22,1,10,5565031,0,1660.5625,"less_hs",930.25,"less_hs",1681,"some_college","less"
5565033,"black",0.5,0,1,40.75,30.5,43.5,2,1,1,12,11,5,0,28516.145,44299.776091954,0,0,0,10,0,0,1,18,1,22,1,10,5565033,0,1660.5625,"less_hs",930.25,"less_hs",1892.25,"hs","less"
5565034,"black",0.5,0,1,40.75,30.5,36.5,3,1,1,14,11,5,0,28516.145,44299.776091954,0,0,0,10,0,0,1,18,1,22,1,10,5565034,0,1660.5625,"less_hs",930.25,"less_hs",1332.25,"some_college","less"
5566030,"black",0.5,0,1,55.5,33.6666666666667,41.5,2,3,1,12,14.1666666666667,8,0,95529.9333333333,30949.421091954,1,0,0,10,0,0,3,53,1,14,1,10,5566030,0,3080.25,"less_hs",1133.44444444444,"some_college",1722.25,"hs","less"
5566031,"black",0.5,0,1,55.5,33.6666666666667,44,4,3,1,16,14.1666666666667,8,180448.75,95529.9333333333,30949.421091954,0,0,0,10,3,56,3,53,1,14,1,10,5566031,0,3080.25,"less_hs",1133.44444444444,"some_college",1936,"college","less"
5569036,"black",0.5,0,1,36.5,28.5,42,2,1,1,12,11,7,0,0,0,0,0,0,3,0,0,0,0,0,0,1,3,5569036,0,1332.25,"less_hs",812.25,"less_hs",1764,"hs","less"
5569039,"black",0.5,0,0,36.5,28.5,28.5,2,1,1,12,11,7,0,0,0,0,0,0,3,0,0,0,0,0,0,1,3,5569039,0,1332.25,"less_hs",812.25,"less_hs",812.25,"hs","less"
5570030,"black",0.5,0,1,47,34.5,46,5,2,1,17,12,8.5,0,104039.39,102861.048275862,1,0,0,3,0,0,3,57,3,56,1,3,5570030,0,2209,"less_hs",1190.25,"hs",2116,"higher","less"
5570036,"black",0.5,0,1,47,32.5,35,3,2,1,14,12,8.5,0,83388.7866666667,102861.048275862,1,0,0,3,0,0,2,46,3,56,1,3,5570036,0,2209,"less_hs",1056.25,"hs",1225,"some_college","less"
5570041,"black",0.5,0,0,47,32.5,31,4,2,1,16,12,8.5,168826.05,83388.7866666667,102861.048275862,0,0,0,3,3,53,2,46,3,56,1,3,5570041,0,2209,"less_hs",1056.25,"hs",961,"college","less"
5570031,"black",0.5,1,0,47,30.5,42,3,2,1,14,12,8.5,0,72519.465,102861.048275862,0,0,0,3,0,0,2,41,3,56,1,3,5570031,0,2209,"less_hs",930.25,"hs",1764,"some_college","less"
5570033,"black",0.5,1,1,47,30.5,40,3,2,1,14,12,8.5,125180.3,72519.465,102861.048275862,0,0,0,3,2,40,2,41,3,56,1,3,5570033,0,2209,"less_hs",930.25,"hs",1600,"some_college","less"
5570034,"black",0.5,1,1,47,30.5,40,5,2,1,17,12,8.5,0,72519.465,102861.048275862,0,0,0,3,0,0,2,41,3,56,1,3,5570034,0,2209,"less_hs",930.25,"hs",1600,"higher","less"
5570037,"black",0.5,1,1,47,30.5,33,3,2,1,14,12,8.5,160823.65,72519.465,102861.048275862,0,0,0,3,2,50,2,41,3,56,1,3,5570037,0,2209,"less_hs",930.25,"hs",1089,"some_college","less"
5570044,"black",0.5,1,1,47,29.5,29,2,3,1,12,13.6666666666667,8.5,0,0,102861.048275862,0,0,0,3,0,0,0,0,3,56,1,3,5570044,0,2209,"less_hs",870.25,"some_college",841,"hs","less"
5570045,"black",0.5,1,1,47,27.5,36.5,3,2,1,14,2,8.5,1e+05,68090.275,102861.048275862,0,0,0,3,2,30,2,38,3,56,1,3,5570045,0,2209,"less_hs",756.25,"hs",1332.25,"some_college","less"
5570046,"black",0.5,1,1,47,27.5,34.5,3,2,1,13.5,2,8.5,0,68090.275,102861.048275862,0,0,0,3,0,0,2,38,3,56,1,3,5570046,0,2209,"less_hs",756.25,"hs",1190.25,"some_college","less"
5570038,"black",0.5,0,0,47,25.5,32,3,2,1,15,12,8.5,0,0,102861.048275862,0,0,0,3,0,0,0,0,3,56,1,3,5570038,0,2209,"less_hs",650.25,"hs",1024,"some_college","less"
5570042,"black",0.5,0,0,47,25.5,30,3,2,1,14,12,8.5,71250.99,0,102861.048275862,0,0,0,3,1,19,0,0,3,56,1,3,5570042,0,2209,"less_hs",650.25,"hs",900,"some_college","less"
5570043,"black",0.5,0,1,47,25.5,29,4,2,1,16,12,8.5,54518.66,0,102861.048275862,1,0,0,3,1,13,0,0,3,56,1,3,5570043,0,2209,"less_hs",650.25,"hs",841,"college","less"
5573033,"black",0.5,1,1,46.5,36.5,44,2,2,1,12,12,4,137144.55,90192.1433333333,31131.6443103449,0,0,0,3,2,43,2,50,1,14,1,3,5573033,0,2162.25,"less_hs",1332.25,"hs",1936,"hs","less"
5573039,"black",0.5,0,1,46.5,27.5,33,-Inf,3,1,NA,14.8333333333333,4,0,0,31131.6443103449,0,0,0,3,0,0,0,0,1,14,1,3,5573039,0,2162.25,"less_hs",756.25,"some_college",1089,NA,"less"
5573040,"black",0.5,0,1,46.5,26.5,32,2,2,1,12,12,4,7768.07,0,31131.6443103449,0,0,0,3,1,2,0,0,1,14,1,3,5573040,0,2162.25,"less_hs",702.25,"hs",1024,"hs","less"
5573041,"black",0.5,0,1,46.5,26.5,31,1,2,1,11,12,4,0,0,31131.6443103449,0,0,0,3,0,0,0,0,1,14,1,3,5573041,0,2162.25,"less_hs",702.25,"hs",961,"less_hs","less"
5576030,"black",0.5,1,1,57,38.8333333333333,45,1,1,-Inf,11,7,0,0,13829.46,0,0,0,0,3,0,0,1,7,0,0,1,3,5576030,0,3249,NA,1508.02777777778,"less_hs",2025,"less_hs","more"
5576031,"black",0.5,1,0,57,38.8333333333333,43,3,1,-Inf,14,7,0,5253712,13829.46,0,0,0,0,3,4,99,1,7,0,0,1,3,5576031,0,3249,NA,1508.02777777778,"less_hs",1849,"some_college","more"
5576034,"black",0.5,1,0,57,38.8333333333333,41,1,1,-Inf,7,7,0,0,13829.46,0,1,0,0,3,0,0,1,7,0,0,1,3,5576034,0,3249,NA,1508.02777777778,"less_hs",1681,"less_hs","more"
5584030,"black",0,0,0,41.5,31.5,44,5,3,1,17,14,8,488042.05,0,0,0,0,0,2,4,93,0,0,0,0,1,2,5584030,0,1722.25,"less_hs",992.25,"some_college",1936,"higher","less"
5608030,"black",0.5,1,1,43.25,32.1666666666667,28,4,3,-Inf,16,7,6,109251.4,73716.8166666667,0,0,0,0,4,2,34,2,41,0,0,1,4,5608030,0,1870.5625,NA,1034.69444444444,"some_college",784,"college","more"
5608031,"black",0.5,1,0,43.25,32.1666666666667,28,5,3,-Inf,17,7,6,0,73716.8166666667,0,0,0,0,4,0,0,2,41,0,0,1,4,5608031,0,1870.5625,NA,1034.69444444444,"some_college",784,"higher","more"
5608172,"black",0.5,1,1,43.25,32.1666666666667,36.5,3,3,-Inf,14,7,6,0,73716.8166666667,0,0,0,0,4,0,0,2,41,0,0,1,4,5608172,0,1870.5625,NA,1034.69444444444,"some_college",1332.25,"some_college","more"
5610005,"black",0,0,0,40.5,39.5,50.5,3,1,1,15,11,8,169234.3,41721.5133333333,21179.9898275862,0,0,0,4,3,53,1,25,1,6,1,4,5610005,0,1640.25,"less_hs",1560.25,"less_hs",2550.25,"some_college","less"
5610030,"black",0,0,1,40.5,39.5,42,2,1,1,12,11,8,20000,41721.5133333333,21179.9898275862,1,0,0,4,1,4,1,25,1,6,1,4,5610030,0,1640.25,"less_hs",1560.25,"less_hs",1764,"hs","less"
5610031,"black",0,0,0,40.5,35.5,30,2,2,1,12,12,8,0,33930.5973333333,21179.9898275862,0,0,0,4,0,0,1,21,1,6,1,4,5610031,0,1640.25,"less_hs",1260.25,"hs",900,"hs","less"
5611030,"black",0.5,0,0,35,30.3333333333333,41,3,2,1.5,13,12,10,0,0,90632.7936206897,0,0,0,4,0,0,0,0,2,46,1,4,5611030,0,1225,NA,920.111111111111,"hs",1681,"some_college","more"
5612008,"black",0.5,0,1,45,39.5,49,3,2,1,15,12,9,0,0,58014.5775287357,1,0,0,4,0,0,0,0,2,31,1,4,5612008,0,2025,"less_hs",1560.25,"hs",2401,"some_college","less"
5612009,"black",0.5,0,1,45,39.5,48,2,2,1,12,12,9,33214.85,0,58014.5775287357,0,0,0,4,1,7,0,0,2,31,1,4,5612009,0,2025,"less_hs",1560.25,"hs",2304,"hs","less"
5613172,"black",0.5,0,0,41,36.5,41,2,2,1,12,12,8.5,66072.275,82953.5183333333,0,0,0,0,3,1,17,2,46,0,0,1,3,5613172,0,1681,"less_hs",1332.25,"hs",1681,"hs","less"
5613033,"black",0.5,1,0,41,36.5,37,3,2,1,15,12,8.5,0,44259.6316666667,0,1,0,0,3,0,0,2,26,0,0,1,3,5613033,0,1681,"less_hs",1332.25,"hs",1369,"some_college","less"
5613037,"black",0.5,1,0,41,36.5,33,2,2,1,12,12,8.5,10357423,44259.6316666667,0,0,0,0,3,4,100,2,26,0,0,1,3,5613037,0,1681,"less_hs",1332.25,"hs",1089,"hs","less"
5613044,"black",0.5,1,0,41,36.5,28,4,2,1,16,12,8.5,0,44259.6316666667,0,0,0,0,3,0,0,2,26,0,0,1,3,5613044,0,1681,"less_hs",1332.25,"hs",784,"college","less"
5613032,"black",0.5,1,1,41,35.5,39,2,2,1,12,12,8.5,5202711.5,27837.8633333333,0,0,0,0,3,4,98,1,17,0,0,1,3,5613032,0,1681,"less_hs",1260.25,"hs",1521,"hs","less"
5613041,"black",0.5,0,1,41,33.5,29.5,3,2,1,13,12,8.5,0,89669.21,0,0,0,0,3,0,0,2,50,0,0,1,3,5613041,0,1681,"less_hs",1122.25,"hs",870.25,"some_college","less"
5613038,"black",0.5,1,1,41,27.25,33,2,2,1,12,12,8.5,42232.92,0,0,0,0,0,3,1,10,0,0,0,0,1,3,5613038,0,1681,"less_hs",742.5625,"hs",1089,"hs","less"
5613043,"black",0.5,1,0,41,27.25,29,2,2,1,12,12,8.5,0,0,0,1,0,0,3,0,0,0,0,0,0,1,3,5613043,0,1681,"less_hs",742.5625,"hs",841,"hs","less"
5613040,"black",0.5,0,1,41,26,30,2,2,1,12,12,8.5,0,0,0,0,0,0,3,0,0,0,0,0,0,1,3,5613040,0,1681,"less_hs",676,"hs",900,"hs","less"
5613045,"black",0.5,0,0,41,25,28,3,2,1,13,12,8.5,5208711.5,71122.94,0,0,0,0,3,4,99,2,40,0,0,1,3,5613045,0,1681,"less_hs",625,"hs",784,"some_college","less"
5613046,"black",0.5,0,0,41,25,27.5,3,2,1,13.5,12,8.5,0,71122.94,0,0,0,0,3,0,0,2,40,0,0,1,3,5613046,0,1681,"less_hs",625,"hs",756.25,"some_college","less"
5614034,"black",1,1,1,25.5,26,30,2,3,1,12,13,11,0,58435.53,13350.355,0,0,0,3,0,0,2,32,1,3,1,3,5614034,0,650.25,"less_hs",676,"some_college",900,"hs","less"
5614035,"black",1,1,0,25.5,26,27,3,3,1,13,13,11,0,58435.53,13350.355,0,0,0,3,0,0,2,32,1,3,1,3,5614035,0,650.25,"less_hs",676,"some_college",729,"some_college","less"
5614171,"black",1,1,0,25.5,26,34,3,3,1,14,13,11,50000,58435.53,13350.355,0,0,0,3,1,12,2,32,1,3,1,3,5614171,0,650.25,"less_hs",676,"some_college",1156,"some_college","less"
5615033,"black",0.5,0,0,49,37,36,3,3,1,13,13.6666666666667,9.5,0,13170.9133333333,30949.421091954,0,0,0,3,0,0,1,6,1,14,1,3,5615033,0,2401,"less_hs",1369,"some_college",1296,"some_college","less"
5615035,"black",0.5,0,1,49,37,34,2,3,1,12,13.6666666666667,9.5,0,13170.9133333333,30949.421091954,0,0,0,3,0,0,1,6,1,14,1,3,5615035,0,2401,"less_hs",1369,"some_college",1156,"hs","less"
5615032,"black",0.5,0,1,49,33.5,39,5,3,1,17,15,9.5,0,0,30949.421091954,0,0,0,3,0,0,0,0,1,14,1,3,5615032,0,2401,"less_hs",1122.25,"some_college",1521,"higher","less"
5615034,"black",0.5,0,1,49,33.5,35,4,3,1,16,15,9.5,0,0,30949.421091954,0,0,0,3,0,0,0,0,1,14,1,3,5615034,0,2401,"less_hs",1122.25,"some_college",1225,"college","less"
5615036,"black",0.5,0,1,49,33.5,32,4,3,1,16,15,9.5,51787.15,0,30949.421091954,0,0,0,3,1,13,0,0,1,14,1,3,5615036,0,2401,"less_hs",1122.25,"some_college",1024,"college","less"
5619030,"black",0.5,0,1,35.25,31.8333333333333,40,3,2,1,15,12,9.5,0,27716.5393333333,0,0,0,0,1,0,0,1,17,0,0,1,1,5619030,0,1242.5625,"less_hs",1013.36111111111,"hs",1600,"some_college","less"
5619032,"black",0.5,0,1,35.25,31.8333333333333,37,3,2,1,15,12,9.5,0,27716.5393333333,0,0,0,0,1,0,0,1,17,0,0,1,1,5619032,0,1242.5625,"less_hs",1013.36111111111,"hs",1369,"some_college","less"
5619038,"black",0.5,0,0,35.25,31.8333333333333,29,4,2,1,16,12,9.5,32500,27716.5393333333,0,0,0,0,1,1,6,1,17,0,0,1,1,5619038,0,1242.5625,"less_hs",1013.36111111111,"hs",841,"college","less"
5619035,"black",0.5,0,1,35.25,27.5,34,2,2,1,12,12,9.5,0,0,0,0,0,0,1,0,0,0,0,0,0,1,1,5619035,0,1242.5625,"less_hs",756.25,"hs",1156,"hs","less"
5619036,"black",0.5,0,1,35.25,27.5,33,1,2,1,10,12,9.5,0,0,0,0,0,0,1,0,0,0,0,0,0,1,1,5619036,0,1242.5625,"less_hs",756.25,"hs",1089,"less_hs","less"
5619039,"black",0.5,0,0,35.25,27.5,28,2,2,1,12,12,9.5,0,0,0,0,0,0,1,0,0,0,0,0,0,1,1,5619039,0,1242.5625,"less_hs",756.25,"hs",784,"hs","less"
5619033,"black",0.5,0,0,35.25,27.5,38,3,2,1,13,12,9.5,0,37453.4916666667,0,0,0,0,1,0,0,1,23,0,0,1,1,5619033,0,1242.5625,"less_hs",756.25,"hs",1444,"some_college","less"
5619034,"black",0.5,0,1,35.25,27.5,36,1,2,1,11,12,9.5,15000,37453.4916666667,0,1,0,0,1,1,3,1,23,0,0,1,1,5619034,0,1242.5625,"less_hs",756.25,"hs",1296,"less_hs","less"
5619037,"black",0.5,0,1,35.25,27.5,31,3,2,1,13,12,9.5,249467.8,37453.4916666667,0,0,0,0,1,3,72,1,23,0,0,1,1,5619037,0,1242.5625,"less_hs",756.25,"hs",961,"some_college","less"
5621005,"black",0.5,0,1,56,49.1666666666667,56,2,2,-Inf,12,11.3333333333333,3,82429.7,70660.835,0,0,0,0,1,1,23,2,39,0,0,1,1,5621005,0,3136,NA,2417.36111111111,"hs",3136,"hs","more"
5621006,"black",0.5,0,1,56,49.1666666666667,54,2,2,-Inf,12,11.3333333333333,3,109108.415,70660.835,0,0,0,0,1,2,34,2,39,0,0,1,1,5621006,0,3136,NA,2417.36111111111,"hs",2916,"hs","more"
5621007,"black",0.5,0,0,56,49.1666666666667,53,3,2,-Inf,14,11.3333333333333,3,96697.77,70660.835,0,0,0,0,1,2,29,2,39,0,0,1,1,5621007,0,3136,NA,2417.36111111111,"hs",2809,"some_college","more"
5621008,"black",0.5,0,1,56,49.1666666666667,51,3,2,-Inf,14,11.3333333333333,3,102965.85,70660.835,0,0,0,0,1,2,32,2,39,0,0,1,1,5621008,0,3136,NA,2417.36111111111,"hs",2601,"some_college","more"
5621009,"black",0.5,0,0,56,49.1666666666667,48,5,2,-Inf,17,11.3333333333333,3,106876.5,70660.835,0,0,0,0,1,2,33,2,39,0,0,1,1,5621009,0,3136,NA,2417.36111111111,"hs",2304,"higher","more"
5621030,"black",0,0,1,32,30.3333333333333,34,4,4,-Inf,16,16,NA,0,0,0,0,0,0,1,0,0,0,0,0,0,1,1,5621030,0,1024,NA,920.111111111111,"college",1156,"college","more"
5621032,"black",0,1,1,32,27,27.5,3,2,-Inf,15,12,NA,0,23842.792,0,0,0,0,1,0,0,1,15,0,0,1,1,5621032,0,1024,NA,729,"hs",756.25,"some_college","more"
5621172,"black",0,1,0,32,27,33,4,2,-Inf,16,12,NA,157680.7,23842.792,0,1,0,0,1,2,50,1,15,0,0,1,1,5621172,0,1024,NA,729,"hs",1089,"college","more"
5621031,"black",0,0,0,32,26,29.5,4,3,-Inf,16,14,NA,116965.85,90879.31,0,0,0,0,1,2,36,2,50,0,0,1,1,5621031,0,1024,NA,676,"some_college",870.25,"college","more"
5623036,"black",0,1,0,39.5,29.5,39,5,4,1,17,15,6,0,0,33375.885,0,0,0,1,0,0,0,0,1,15,1,1,5623036,0,1560.25,"less_hs",870.25,"college",1521,"higher","less"
5623050,"black",0,1,1,39.5,27.8333333333333,30,1,3,1,11,2.33333333333333,6,0,68290.8516666667,33375.885,1,0,0,1,0,0,2,38,1,15,1,1,5623050,0,1560.25,"less_hs",774.694444444444,"some_college",900,"less_hs","less"
5623038,"black",0,1,0,39.5,27.5,35,3,2,1,13,12,6,50893.565,39147.675,33375.885,0,0,0,1,1,12,1,24,1,15,1,1,5623038,0,1560.25,"less_hs",756.25,"hs",1225,"some_college","less"
5623049,"black",0,1,0,39.5,27.5,27.5,3,2,1,14,12,6,0,39147.675,33375.885,0,0,0,1,0,0,1,24,1,15,1,1,5623049,0,1560.25,"less_hs",756.25,"hs",756.25,"some_college","less"
5623177,"black",0,1,0,39.5,27.5,32,3,2,1,14.5,12,6,0,39147.675,33375.885,1,0,0,1,0,0,1,24,1,15,1,1,5623177,0,1560.25,"less_hs",756.25,"hs",1024,"some_college","less"
5623031,"black",0,0,1,39.5,27,39,2,1,1,12,11,6,0,0,33375.885,0,0,0,1,0,0,0,0,1,15,1,1,5623031,0,1560.25,"less_hs",729,"less_hs",1521,"hs","less"
5623037,"black",0,0,0,39.5,27,37,3,1,1,13,11,6,0,0,33375.885,1,0,0,1,0,0,0,0,1,15,1,1,5623037,0,1560.25,"less_hs",729,"less_hs",1369,"some_college","less"
5623040,"black",0,0,0,39.5,27,35,3,1,1,14,11,6,64608.02,0,33375.885,1,0,0,1,1,16,0,0,1,15,1,1,5623040,0,1560.25,"less_hs",729,"less_hs",1225,"some_college","less"
5623033,"black",0,0,0,39.5,26.5,37,5,2,1,17,12,6,72143.76,0,33375.885,0,0,0,1,1,19,0,0,1,15,1,1,5623033,0,1560.25,"less_hs",702.25,"hs",1369,"higher","less"
5623044,"black",0,0,1,39.5,26.5,33.5,2,2,1,12,12,6,50893.565,0,33375.885,0,0,0,1,1,12,0,0,1,15,1,1,5623044,0,1560.25,"less_hs",702.25,"hs",1122.25,"hs","less"
5623039,"black",0,0,0,39.5,25.5,34,3,1,1,15,9,6,0,0,33375.885,0,0,0,1,0,0,0,0,1,15,1,1,5623039,0,1560.25,"less_hs",650.25,"less_hs",1156,"some_college","less"
5623041,"black",0,0,1,39.5,25.5,36,1,1,1,10,9,6,0,0,33375.885,0,0,0,1,0,0,0,0,1,15,1,1,5623041,0,1560.25,"less_hs",650.25,"less_hs",1296,"less_hs","less"
5623045,"black",0,0,0,39.5,25.5,33,3,1,1,14,9,6,0,0,33375.885,1,0,0,1,0,0,0,0,1,15,1,1,5623045,0,1560.25,"less_hs",650.25,"less_hs",1089,"some_college","less"
5623047,"black",0,0,0,39.5,25.5,31.5,1,1,1,10,9,6,0,0,33375.885,1,0,0,1,0,0,0,0,1,15,1,1,5623047,0,1560.25,"less_hs",650.25,"less_hs",992.25,"less_hs","less"
5623048,"black",0,0,1,39.5,25.5,30,5,1,1,17,9,6,0,0,33375.885,0,0,0,1,0,0,0,0,1,15,1,1,5623048,0,1560.25,"less_hs",650.25,"less_hs",900,"higher","less"
5626032,"black",0.5,1,0,45.5,33.5,34,4,1,1,16,11,7,0,48843.6966666667,13350.355,0,0,0,1,0,0,2,28,1,3,1,1,5626032,0,2070.25,"less_hs",1122.25,"less_hs",1156,"college","less"
5626034,"black",0.5,1,1,45.5,33.5,26.5,3,1,1,14,11,7,5228711.5,48843.6966666667,13350.355,1,0,0,1,4,99,2,28,1,3,1,1,5626034,0,2070.25,"less_hs",1122.25,"less_hs",702.25,"some_college","less"
5628032,"black",0.5,0,1,42,27.2,35,2,2,1,12,12,8,0,0,0,0,0,0,1,0,0,0,0,0,0,1,1,5628032,0,1764,"less_hs",739.84,"hs",1225,"hs","less"
5628034,"black",0.5,0,0,42,25.6666666666667,30,3,2,1,14,12,8,0,0,0,0,0,0,1,0,0,0,0,0,0,1,1,5628034,0,1764,"less_hs",658.777777777778,"hs",900,"some_college","less"
5628037,"black",0.5,0,1,42,25.6666666666667,29,1,2,1,11,12,8,0,0,0,0,0,0,1,0,0,0,0,0,0,1,1,5628037,0,1764,"less_hs",658.777777777778,"hs",841,"less_hs","less"
5628038,"black",0.5,0,0,42,25.6666666666667,27,1,2,1,7,12,8,0,0,0,1,0,0,1,0,0,0,0,0,0,1,1,5628038,0,1764,"less_hs",658.777777777778,"hs",729,"less_hs","less"
5635004,"black",0,0,0,42.5,36.5,51,3,3,1,13,13,7,0,0,54332.6,0,0,0,3,0,0,0,0,2,29,1,3,5635004,0,1806.25,"less_hs",1332.25,"some_college",2601,"some_college","less"
5635031,"black",0,0,1,42.5,36.5,43,2,3,1,12,13,7,207148.5,0,54332.6,0,0,0,3,3,64,0,0,2,29,1,3,5635031,0,1806.25,"less_hs",1332.25,"some_college",1849,"hs","less"
5636030,"black",0,0,0,37.5,31.5,32,2,3,1,12,13,10,0,0,0,0,0,0,3,0,0,0,0,0,0,1,3,5636030,0,1406.25,"less_hs",992.25,"some_college",1024,"hs","less"
5636031,"black",0,0,1,37.5,31.5,31,3,3,1,13,13,10,0,0,0,0,0,0,3,0,0,0,0,0,0,1,3,5636031,0,1406.25,"less_hs",992.25,"some_college",961,"some_college","less"
5640032,"black",0,0,0,45.5,35.5,46.5,3,2,1,14,6,10,0,55655.63,0,1,0,0,3,0,0,2,31,0,0,1,3,5640032,0,2070.25,"less_hs",1260.25,"hs",2162.25,"some_college","less"
5640030,"black",0,1,1,45.5,33.3333333333333,37.5,3,4,1,15,16,10,75000,0,0,0,0,0,3,1,20,0,0,0,0,1,3,5640030,0,2070.25,"less_hs",1111.11111111111,"college",1406.25,"some_college","less"
5640031,"black",0,1,0,45.5,33.3333333333333,36,5,4,1,17,16,10,0,0,0,0,0,0,3,0,0,0,0,0,0,1,3,5640031,0,2070.25,"less_hs",1111.11111111111,"college",1296,"higher","less"
5642030,"black",0.5,0,1,41.5,30.5,36.5,3,3,1,14,12.1666666666667,6.5,0,55413.0433333333,51339.4025287356,0,0,0,2,0,0,2,31,2,27,1,2,5642030,0,1722.25,"less_hs",930.25,"some_college",1332.25,"some_college","less"
5642031,"black",0.5,0,1,41.5,30.5,33,3,3,1,13,12.1666666666667,6.5,77680.7,55413.0433333333,51339.4025287356,0,0,0,2,1,21,2,31,2,27,1,2,5642031,0,1722.25,"less_hs",930.25,"some_college",1089,"some_college","less"
5642032,"black",0.5,0,1,41.5,28.5,30,3,4,1,13,16,6.5,0,7073.50333333333,51339.4025287356,0,0,0,2,0,0,1,2,2,27,1,2,5642032,0,1722.25,"less_hs",812.25,"college",900,"some_college","less"
5643030,"black",0.5,0,1,38.5,31.5,28,4,4,2,16,16,12,0,120044.72,61534.3907471265,0,0,0,2,0,0,3,64,2,33,1,2,5643030,0,1482.25,"hs",992.25,"college",784,"college","less"
5646035,"black",0,0,0,35.5,25.5,30,2,3,2,12,14,12,0,0,0,0,0,0,2,0,0,0,0,0,0,1,2,5646035,0,1260.25,"hs",650.25,"some_college",900,"hs","less"
5646037,"black",0,0,0,35.5,25.5,26.5,2,3,2,12,14,12,0,0,0,1,0,0,2,0,0,0,0,0,0,1,2,5646037,0,1260.25,"hs",650.25,"some_college",702.25,"hs","less"
5655032,"black",0,1,0,43,33.5,34,3,2,1,13,11.8333333333333,1,119110.4,70367.6766666667,0,0,0,0,1,2,36,2,39,0,0,1,1,5655032,0,1849,"less_hs",1122.25,"hs",1156,"some_college","less"
5655035,"black",0,1,0,43,33.5,32,3,2,1,13,11.8333333333333,1,61072.275,70367.6766666667,0,1,0,0,1,1,15,2,39,0,0,1,1,5655035,0,1849,"less_hs",1122.25,"hs",1024,"some_college","less"
5655036,"black",0,1,0,43,33.5,40,3,2,1,14,11.8333333333333,1,68856.78,70367.6766666667,0,1,0,0,1,1,18,2,39,0,0,1,1,5655036,0,1849,"less_hs",1122.25,"hs",1600,"some_college","less"
5655034,"black",0,1,0,43,27,33,3,3,1,14,15,1,102680.7,0,0,0,0,0,1,2,32,0,0,0,0,1,1,5655034,0,1849,"less_hs",729,"some_college",1089,"some_college","less"
5656039,"black",0.5,0,1,32.5,26,37,-Inf,4,1.5,0,16,11.5,0,0,0,1,0,0,1,0,0,0,0,0,0,1,1,5656039,0,1056.25,NA,676,"college",1369,NA,"more"
5656044,"black",0.5,0,0,32.5,26,30,3,4,1.5,15,16,11.5,74500,0,0,0,0,0,1,1,19,0,0,0,0,1,1,5656044,0,1056.25,NA,676,"college",900,"some_college","more"
5660030,"black",0.5,0,1,32.5,26.5,32,4,3,1,16,14,10,0,0,0,0,0,0,3,0,0,0,0,0,0,1,3,5660030,0,1056.25,"less_hs",702.25,"some_college",1024,"college","less"
5660031,"black",0.5,0,1,32.5,26.5,27,-Inf,3,1,0,14,10,0,0,0,1,0,0,3,0,0,0,0,0,0,1,3,5660031,0,1056.25,"less_hs",702.25,"some_college",729,NA,"less"
5663032,"black",0,0,0,46.5,36.8333333333333,43.5,2,2,1,12,11.8333333333333,8,0,0,0,0,0,0,3,0,0,0,0,0,0,1,3,5663032,0,2162.25,"less_hs",1356.69444444444,"hs",1892.25,"hs","less"
5663034,"black",0,0,0,46.5,32.6666666666667,43,2,1,1,12,9,8,0,0,0,1,0,0,3,0,0,0,0,0,0,1,3,5663034,0,2162.25,"less_hs",1067.11111111111,"less_hs",1849,"hs","less"
5664032,"black",1,0,0,25.5,25,29,2,2,1,12,12,9,0,30348.495,49382.882183908,0,0,0,3,0,0,1,19,1,25,1,3,5664032,0,650.25,"less_hs",625,"hs",841,"hs","less"
5676174,"black",0.5,0,1,41,29.8333333333333,36,1,3,1,11,13.2,9.5,0,44745.3233333333,45057.445,0,0,0,1,0,0,2,26,1,23,1,1,5676174,0,1681,"less_hs",890.027777777778,"some_college",1296,"less_hs","less"
5676034,"black",0.5,1,0,41,25,27,1,2,1,11,12,9.5,0,0,45057.445,1,0,0,1,0,0,0,0,1,23,1,1,5676034,0,1681,"less_hs",625,"hs",729,"less_hs","less"
5677036,"black",1,1,0,41.5,35.5,37,1,2,1,11,11.8333333333333,9,0,0,44390.8877011494,1,0,0,1,0,0,0,0,1,22,1,1,5677036,0,1722.25,"less_hs",1260.25,"hs",1369,"less_hs","less"
5677040,"black",1,1,0,41.5,35.5,31,1,2,1,11,11.8333333333333,9,0,0,44390.8877011494,1,0,0,1,0,0,0,0,1,22,1,1,5677040,0,1722.25,"less_hs",1260.25,"hs",961,"less_hs","less"
5677034,"black",1,0,0,41.5,31.5,40,3,3,1,13,12.6666666666667,9,0,0,44390.8877011494,0,0,0,1,0,0,0,0,1,22,1,1,5677034,0,1722.25,"less_hs",992.25,"some_college",1600,"some_college","less"
5678030,"black",0,0,0,27.5,28.5,40,3,2,2,13,11.8333333333333,12,0,0,0,0,0,0,1,0,0,0,0,0,0,1,1,5678030,0,756.25,"hs",812.25,"hs",1600,"some_college","less"
5678032,"black",0,0,0,27.5,28.5,34,4,2,2,16,11.8333333333333,12,0,0,0,0,0,0,1,0,0,0,0,0,0,1,1,5678032,0,756.25,"hs",812.25,"hs",1156,"college","less"
5678033,"black",0,0,0,27.5,28.5,32,4,2,2,16,11.8333333333333,12,0,0,0,0,0,0,1,0,0,0,0,0,0,1,1,5678033,0,756.25,"hs",812.25,"hs",1024,"college","less"
5678034,"black",0,0,0,27.5,28.5,29,2,2,2,12,11.8333333333333,12,0,0,0,0,0,0,1,0,0,0,0,0,0,1,1,5678034,0,756.25,"hs",812.25,"hs",841,"hs","less"
5680030,"black",0,0,0,27,26.6,32,2,3,1,12,14,7,0,149985.44,0,1,0,0,1,0,0,3,74,0,0,1,1,5680030,0,729,"less_hs",707.56,"some_college",1024,"hs","less"
5680031,"black",0,0,1,27,26.6,28,5,3,1,17,14,7,525000,149985.44,0,0,0,0,1,4,94,3,74,0,0,1,1,5680031,0,729,"less_hs",707.56,"some_college",784,"higher","less"
5683030,"black",0,0,0,44.5,38,45,5,4,1,17,15.5,8,126787.15,0,0,0,0,0,1,2,40,0,0,0,0,1,1,5683030,0,1980.25,"less_hs",1444,"college",2025,"higher","less"
5683031,"black",0,0,0,44.5,35.3333333333333,45,4,2,1,16,11.1666666666667,8,121608.415,58615.9233333333,0,0,0,0,1,2,37,2,33,0,0,1,1,5683031,0,1980.25,"less_hs",1248.44444444444,"hs",2025,"college","less"
5683034,"black",0,0,1,44.5,35.3333333333333,37,-Inf,2,1,0,11.1666666666667,8,0,58615.9233333333,0,0,0,0,1,0,0,2,33,0,0,1,1,5683034,0,1980.25,"less_hs",1248.44444444444,"hs",1369,NA,"less"
5683037,"black",0,0,0,44.5,35.3333333333333,36,2,2,1,12,11.1666666666667,8,0,58615.9233333333,0,0,0,0,1,0,0,2,33,0,0,1,1,5683037,0,1980.25,"less_hs",1248.44444444444,"hs",1296,"hs","less"
5683035,"black",0,1,1,44.5,32.5,38,5,2,1,17,12,8,132500,0,0,0,0,0,1,2,41,0,0,0,0,1,1,5683035,0,1980.25,"less_hs",1056.25,"hs",1444,"higher","less"
5683172,"black",0,1,1,44.5,32.5,42,2,2,1,12,12,8,0,0,0,0,0,0,1,0,0,0,0,0,0,1,1,5683172,0,1980.25,"less_hs",1056.25,"hs",1764,"hs","less"
5683032,"black",0,0,1,44.5,29.1666666666667,42.5,3,3,1,15,13.1666666666667,8,0,82258,0,1,0,0,1,0,0,2,46,0,0,1,1,5683032,0,1980.25,"less_hs",850.694444444444,"some_college",1806.25,"some_college","less"
5683033,"black",0,0,1,44.5,29.1666666666667,39,5,3,1,17,13.1666666666667,8,0,82258,0,0,0,0,1,0,0,2,46,0,0,1,1,5683033,0,1980.25,"less_hs",850.694444444444,"some_college",1521,"higher","less"
5683036,"black",0,0,0,44.5,29.1666666666667,37,5,3,1,17,13.1666666666667,8,209555.2,82258,0,0,0,0,1,3,65,2,46,0,0,1,1,5683036,0,1980.25,"less_hs",850.694444444444,"some_college",1369,"higher","less"
5683038,"black",0,0,0,44.5,29.1666666666667,35,5,3,1,17,13.1666666666667,8,389201.7,82258,0,0,0,0,1,4,88,2,46,0,0,1,1,5683038,0,1980.25,"less_hs",850.694444444444,"some_college",1225,"higher","less"
5684030,"black",0,1,0,30.5,34.1666666666667,41,5,4,1,17,15.5,11,84500,0,26700.71,0,0,0,5,1,24,0,0,1,10,1,5,5684030,0,930.25,"less_hs",1167.36111111111,"college",1681,"higher","less"
5684036,"black",0,1,1,30.5,34.1666666666667,37,3,4,1,14,15.5,11,0,0,26700.71,1,0,0,5,0,0,0,0,1,10,1,5,5684036,0,930.25,"less_hs",1167.36111111111,"college",1369,"some_college","less"
5684038,"black",0,0,0,30.5,31.8333333333333,31,2,2,1,12,12,11,0,82214.7333333333,26700.71,1,0,0,5,0,0,2,46,1,10,1,5,5684038,0,930.25,"less_hs",1013.36111111111,"hs",961,"hs","less"
5684034,"black",0,1,0,30.5,30.5,40,5,3,1,17,13.8333333333333,11,0,0,26700.71,0,0,0,5,0,0,0,0,1,10,1,5,5684034,0,930.25,"less_hs",930.25,"some_college",1600,"higher","less"
5684037,"black",0,1,1,30.5,30.5,35,4,3,1,16,13.8333333333333,11,0,0,26700.71,0,0,0,5,0,0,0,0,1,10,1,5,5684037,0,930.25,"less_hs",930.25,"some_college",1225,"college","less"
5684035,"black",0,0,1,30.5,26.5,38,3,3,1,14,14,11,125000,0,26700.71,1,0,0,5,2,39,0,0,1,10,1,5,5684035,0,930.25,"less_hs",702.25,"some_college",1444,"some_college","less"
5684039,"black",0,0,1,30.5,26.5,30,2,3,1,12,14,11,0,0,26700.71,0,0,0,5,0,0,0,0,1,10,1,5,5684039,0,930.25,"less_hs",702.25,"some_college",900,"hs","less"
5685030,"black",0.5,0,1,46.5,35.5,45,5,2,1,17,12,8.5,105000,131856.15,54676.9875287356,0,0,0,5,2,33,3,67,2,29,1,5,5685030,0,2162.25,"less_hs",1260.25,"hs",2025,"higher","less"
5685032,"black",0.5,0,1,46.5,35.5,35,3,2,1,14,12,8.5,181254.9,131856.15,54676.9875287356,0,0,0,5,3,57,3,67,2,29,1,5,5685032,0,2162.25,"less_hs",1260.25,"hs",1225,"some_college","less"
5689033,"black",0.5,1,1,32,26,31,3,2,2,15,12,12,0,0,0,1,0,0,1,0,0,0,0,0,0,1,1,5689033,0,1024,"hs",676,"hs",961,"some_college","less"
5692030,"black",0.5,0,0,33.5,28.5,38,5,5,1.5,17,16,11.5,175000,0,0,1,0,0,1,3,54,0,0,0,0,1,1,5692030,0,1122.25,NA,812.25,"higher",1444,"higher","more"
5693037,"black",0.5,0,0,45,35.5,36,2,2,1,12,12,7.5,0,105169.116666667,0,0,0,0,1,0,0,3,57,0,0,1,1,5693037,0,2025,"less_hs",1260.25,"hs",1296,"hs","less"
5693042,"black",0.5,0,0,45,35.5,30.5,4,2,1,16,12,7.5,0,105169.116666667,0,1,0,0,1,0,0,3,57,0,0,1,1,5693042,0,2025,"less_hs",1260.25,"hs",930.25,"college","less"
5693030,"black",0.5,0,0,45,33.1666666666667,42,1,2,1,11,11.8333333333333,7.5,0,0,0,0,0,0,1,0,0,0,0,0,0,1,1,5693030,0,2025,"less_hs",1100.02777777778,"hs",1764,"less_hs","less"
5693035,"black",0.5,0,1,45,33.1666666666667,47.5,1,2,1,6,11.8333333333333,7.5,0,0,0,1,0,0,1,0,0,0,0,0,0,1,1,5693035,0,2025,"less_hs",1100.02777777778,"hs",2256.25,"less_hs","less"
5706009,"black",0,0,0,50.5,40.5,52.5,3,1,1,14,11,11,83929.7,84977.4833333333,29280.626091954,0,0,0,1,1,24,2,47,1,12,1,1,5706009,0,2550.25,"less_hs",1640.25,"less_hs",2756.25,"some_college","less"
5706010,"black",0,0,1,50.5,38.5,49,3,4,1,14,15.5,11,250000,17834.6,29280.626091954,0,0,0,1,3,72,1,11,1,12,1,1,5706010,0,2550.25,"less_hs",1482.25,"college",2401,"some_college","less"
5706033,"black",0,0,0,50.5,38.5,45,3,4,1,13,15.5,11,228574.25,17834.6,29280.626091954,0,0,0,1,3,68,1,11,1,12,1,1,5706033,0,2550.25,"less_hs",1482.25,"college",2025,"some_college","less"
5706034,"black",0,0,1,50.5,38.5,41,3,4,1,15,15.5,11,0,17834.6,29280.626091954,0,0,0,1,0,0,1,11,1,12,1,1,5706034,0,2550.25,"less_hs",1482.25,"college",1681,"some_college","less"
5714030,"black",0,0,1,25.5,29,38,2,3,1,12,13.6666666666667,11,0,0,0,0,0,0,15,0,0,0,0,0,0,1,15,5714030,0,650.25,"less_hs",841,"some_college",1444,"hs","less"
5714032,"black",0,0,0,25.5,29,31,2,3,1,12,13.6666666666667,11,0,0,0,0,0,0,15,0,0,0,0,0,0,1,15,5714032,0,650.25,"less_hs",841,"some_college",961,"hs","less"
5714033,"black",0,0,0,25.5,29,32,4,3,1,16,13.6666666666667,11,0,0,0,0,0,0,15,0,0,0,0,0,0,1,15,5714033,0,650.25,"less_hs",841,"some_college",1024,"college","less"
5715033,"black",0.5,0,0,46.5,26.6666666666667,31,4,1,1,16,9.33333333333333,6.5,0,0,0,0,0,0,3,0,0,0,0,0,0,1,3,5715033,0,2162.25,"less_hs",711.111111111111,"less_hs",961,"college","less"
5748032,"black",0.5,0,0,47,25,35,2,2,1,12,12,9.5,0,0,0,0,0,0,1,0,0,0,0,0,0,1,1,5748032,0,2209,"less_hs",625,"hs",1225,"hs","less"
5748033,"black",0.5,0,1,47,25,32,2,2,1,12,12,9.5,0,0,0,0,0,0,1,0,0,0,0,0,0,1,1,5748033,0,2209,"less_hs",625,"hs",1024,"hs","less"
5748034,"black",0.5,0,1,47,25,31,2,2,1,12,12,9.5,0,0,0,0,0,0,1,0,0,0,0,0,0,1,1,5748034,0,2209,"less_hs",625,"hs",961,"hs","less"
5748035,"black",0.5,0,0,47,25,29,3,2,1,14,12,9.5,0,0,0,1,0,0,1,0,0,0,0,0,0,1,1,5748035,0,2209,"less_hs",625,"hs",841,"some_college","less"
5749042,"black",0,1,0,32.5,32.5,33,5,2,1,17,12,5,0,66733.15,0,0,0,0,1,0,0,2,36,0,0,1,1,5749042,0,1056.25,"less_hs",1056.25,"hs",1089,"higher","less"
5749044,"black",0,1,0,32.5,32.5,33,4,2,1,16,12,5,0,66733.15,0,0,0,0,1,0,0,2,36,0,0,1,1,5749044,0,1056.25,"less_hs",1056.25,"hs",1089,"college","less"
5749030,"black",0,0,0,32.5,30.5,42,1,1,1,11,10,5,40000,0,0,1,0,0,1,1,9,0,0,0,0,1,1,5749030,0,1056.25,"less_hs",930.25,"less_hs",1764,"less_hs","less"
5749031,"black",0,0,1,32.5,30.5,40.5,2,1,1,12,10,5,0,0,0,0,0,0,1,0,0,0,0,0,0,1,1,5749031,0,1056.25,"less_hs",930.25,"less_hs",1640.25,"hs","less"
5749035,"black",0,0,1,32.5,30.5,39,1,1,1,11,10,5,40000,0,0,1,0,0,1,1,9,0,0,0,0,1,1,5749035,0,1056.25,"less_hs",930.25,"less_hs",1521,"less_hs","less"
5749036,"black",0,0,0,32.5,27,38,2,2,1,12,12,5,109555.2,62167.81,0,0,0,0,1,2,34,2,35,0,0,1,1,5749036,0,1056.25,"less_hs",729,"hs",1444,"hs","less"
5749043,"black",0,0,1,32.5,27,33,3,2,1,14,12,5,0,62167.81,0,1,0,0,1,0,0,2,35,0,0,1,1,5749043,0,1056.25,"less_hs",729,"hs",1089,"some_college","less"
5750030,"black",0.5,1,1,33.5,27.5,34,1,2,1.5,9,11.6666666666667,11.5,0,0,0,1,0,0,1,0,0,0,0,0,0,1,1,5750030,0,1122.25,NA,756.25,"hs",1156,"less_hs","more"
5757030,"black",0,1,1,47.5,38.3333333333333,46,2,3,1,12,12.1666666666667,5,0,117094.866666667,0,0,0,0,4,0,0,3,62,0,0,1,4,5757030,0,2256.25,"less_hs",1469.44444444444,"some_college",2116,"hs","less"
5757032,"black",0,1,0,47.5,38.3333333333333,38,5,3,1,17,12.1666666666667,5,0,117094.866666667,0,0,0,0,4,0,0,3,62,0,0,1,4,5757032,0,2256.25,"less_hs",1469.44444444444,"some_college",1444,"higher","less"
5757033,"black",0,1,0,47.5,38.3333333333333,37,2,3,1,12,12.1666666666667,5,0,117094.866666667,0,0,0,0,4,0,0,3,62,0,0,1,4,5757033,0,2256.25,"less_hs",1469.44444444444,"some_college",1369,"hs","less"
5757034,"black",0,1,1,47.5,38.3333333333333,35,3,3,1,13,12.1666666666667,5,295825.25,117094.866666667,0,0,0,0,4,4,79,3,62,0,0,1,4,5757034,0,2256.25,"less_hs",1469.44444444444,"some_college",1225,"some_college","less"
5784030,"black",0.5,0,1,28,26,34,2,1,1,12,11,8.5,0,0,0,0,0,0,1,0,0,0,0,0,0,1,1,5784030,0,784,"less_hs",676,"less_hs",1156,"hs","less"
5784032,"black",0.5,0,0,28,26,28,3,1,1,14,11,8.5,0,0,0,0,0,0,1,0,0,0,0,0,0,1,1,5784032,0,784,"less_hs",676,"less_hs",784,"some_college","less"
5801030,"black",0,0,0,31.5,27,38,3,1,2,13,11,12,0,0,0,0,0,0,3,0,0,0,0,0,0,1,3,5801030,0,992.25,"hs",729,"less_hs",1444,"some_college","less"
5801031,"black",0,0,0,31.5,27,35,1,1,2,11,11,12,0,0,0,0,0,0,3,0,0,0,0,0,0,1,3,5801031,0,992.25,"hs",729,"less_hs",1225,"less_hs","less"
5801032,"black",0,0,0,31.5,27,32.5,2,1,2,12,11,12,0,0,0,1,0,0,3,0,0,0,0,0,0,1,3,5801032,0,992.25,"hs",729,"less_hs",1056.25,"hs","less"
5802175,"black",0.5,0,0,46,27.75,28,3,3,1,13,9.5,9.5,77680.7,0,49277.3850574712,0,0,0,1,1,21,0,0,1,25,1,1,5802175,0,2116,"less_hs",770.0625,"some_college",784,"some_college","less"
5802176,"black",0.5,0,0,46,27.75,28,2,3,1,12,9.5,9.5,0,0,49277.3850574712,1,0,0,1,0,0,0,0,1,25,1,1,5802176,0,2116,"less_hs",770.0625,"some_college",784,"hs","less"
5812033,"black",0.5,0,0,44,35.5,45,2,3,1,12,13.6666666666667,7.5,0,72706.7716666667,0,1,0,0,3,0,0,2,41,0,0,1,3,5812033,0,1936,"less_hs",1260.25,"some_college",2025,"hs","less"
5812040,"black",0.5,1,0,44,33.6666666666667,35,3,3,1,13,14.8333333333333,7.5,108753,26976.4366666667,0,1,0,0,3,2,34,1,17,0,0,1,3,5812040,0,1936,"less_hs",1133.44444444444,"some_college",1225,"some_college","less"
5812048,"black",0.5,1,1,44,32,29,2,1,1,12,11,7.5,0,0,0,0,0,0,3,0,0,0,0,0,0,1,3,5812048,0,1936,"less_hs",1024,"less_hs",841,"hs","less"
5812034,"black",0.5,0,0,44,28.5,40,2,1,1,12,10.8333333333333,7.5,0,2276.75666666667,0,0,0,0,3,0,0,1,1,0,0,1,3,5812034,0,1936,"less_hs",812.25,"less_hs",1600,"hs","less"
5812038,"black",0.5,0,0,44,28.5,39,4,1,1,16,10.8333333333333,7.5,72000,2276.75666666667,0,0,0,0,3,1,19,1,1,0,0,1,3,5812038,0,1936,"less_hs",812.25,"less_hs",1521,"college","less"
5812039,"black",0.5,0,0,44,28.5,36,1,1,1,11,10.8333333333333,7.5,0,2276.75666666667,0,0,0,0,3,0,0,1,1,0,0,1,3,5812039,0,1936,"less_hs",812.25,"less_hs",1296,"less_hs","less"
5812043,"black",0.5,0,1,44,28.5,33,2,1,1,12,10.8333333333333,7.5,0,2276.75666666667,0,0,0,0,3,0,0,1,1,0,0,1,3,5812043,0,1936,"less_hs",812.25,"less_hs",1089,"hs","less"
5812046,"black",0.5,0,0,44,25.5,30,4,2,1,16,12,7.5,90000,0,0,0,0,0,3,2,26,0,0,0,0,1,3,5812046,0,1936,"less_hs",650.25,"hs",900,"college","less"
5812047,"black",0.5,0,0,44,25.5,30,4,2,1,16,12,7.5,0,0,0,0,0,0,3,0,0,0,0,0,0,1,3,5812047,0,1936,"less_hs",650.25,"hs",900,"college","less"
5813030,"black",0.5,0,0,43,39.5,39,2,1,1,12,9,8.5,0,36591.4043333333,53463.7555747126,1,0,0,3,0,0,1,22,2,29,1,3,5813030,0,1849,"less_hs",1560.25,"less_hs",1521,"hs","less"
5813031,"black",0.5,0,1,43,31.5,35,2,3,1,12,13.8333333333333,8.5,0,0,53463.7555747126,0,0,0,3,0,0,0,0,2,29,1,3,5813031,0,1849,"less_hs",992.25,"some_college",1225,"hs","less"
5813034,"black",0.5,0,0,43,31.5,31,3,3,1,15,13.8333333333333,8.5,249289.1,0,53463.7555747126,0,0,0,3,3,72,0,0,2,29,1,3,5813034,0,1849,"less_hs",992.25,"some_college",961,"some_college","less"
5813035,"black",0.5,0,0,43,31.5,29,5,3,1,17,13.8333333333333,8.5,110000,0,53463.7555747126,0,0,0,3,2,34,0,0,2,29,1,3,5813035,0,1849,"less_hs",992.25,"some_college",841,"higher","less"
5814006,"black",0,0,1,40.5,40.5,49.5,3,1,1,13,11,11,81519.055,55264.1883333333,26700.71,0,0,0,3,1,23,2,30,1,10,1,3,5814006,0,1640.25,"less_hs",1640.25,"less_hs",2450.25,"some_college","less"
5814030,"black",0,0,0,40.5,40.5,46.5,3,1,1,14,11,11,0,55264.1883333333,26700.71,0,0,0,3,0,0,2,30,1,10,1,3,5814030,0,1640.25,"less_hs",1640.25,"less_hs",2162.25,"some_college","less"
5814036,"black",0,0,1,40.5,40.5,39,1,1,1,10,11,11,0,55264.1883333333,26700.71,1,0,0,3,0,0,2,30,1,10,1,3,5814036,0,1640.25,"less_hs",1640.25,"less_hs",1521,"less_hs","less"
5814032,"black",0,0,0,40.5,32.5,42,2,2,1,12,11.5,11,0,130834.266666667,26700.71,0,0,0,3,0,0,3,67,1,10,1,3,5814032,0,1640.25,"less_hs",1056.25,"hs",1764,"hs","less"
5814034,"black",0,0,0,40.5,32.5,46.5,5,2,1,17,11.5,11,0,130834.266666667,26700.71,0,0,0,3,0,0,3,67,1,10,1,3,5814034,0,1640.25,"less_hs",1056.25,"hs",2162.25,"higher","less"
5819033,"black",0.5,0,0,31.5,26.75,29,2,1,1,12,11,3,0,32066.025,20389.9814367816,0,0,0,1,0,0,1,21,1,6,1,1,5819033,0,992.25,"less_hs",715.5625,"less_hs",841,"hs","less"
5819031,"black",0.5,0,0,31.5,25.6666666666667,31,-Inf,2,1,0,12,3,15536.14,29040.9366666667,20389.9814367816,0,0,0,1,1,3,1,18,1,6,1,1,5819031,0,992.25,"less_hs",658.777777777778,"hs",961,NA,"less"
5820032,"black",0.5,0,1,47.5,29.5,38,-Inf,2,1,0,12,4.5,75893.565,110802.425,48634.5329310345,0,0,0,1,1,20,3,59,1,25,1,1,5820032,0,2256.25,"less_hs",870.25,"hs",1444,NA,"less"
5821171,"black",0.5,1,1,39.5,26.75,32,4,2,1,16,9,7,134108.415,27046.8275,44274.840862069,0,0,0,1,2,42,1,17,1,22,1,1,5821171,0,1560.25,"less_hs",715.5625,"hs",1024,"college","less"
5826032,"black",0.5,1,0,55.25,36.5,38,5,3,1,17,13.6666666666667,5,195716.85,90228.9816666667,0,0,0,0,2,3,60,2,50,0,0,1,2,5826032,0,3052.5625,"less_hs",1332.25,"some_college",1444,"higher","less"
5826034,"black",0.5,1,1,55.25,36.5,35,3,3,1,14,13.6666666666667,5,111787.15,90228.9816666667,0,1,0,0,2,2,34,2,50,0,0,1,2,5826034,0,3052.5625,"less_hs",1332.25,"some_college",1225,"some_college","less"
5826033,"black",0.5,1,0,55.25,34.5,35,5,2,1,17,12,5,179555.2,32927.2833333333,0,0,0,0,2,3,56,1,21,0,0,1,2,5826033,0,3052.5625,"less_hs",1190.25,"hs",1225,"higher","less"
5826035,"black",0.5,1,0,55.25,34.5,33.5,5,2,1,17,12,5,0,32927.2833333333,0,1,0,0,2,0,0,1,21,0,0,1,2,5826035,0,3052.5625,"less_hs",1190.25,"hs",1122.25,"higher","less"
5826036,"black",0.5,1,0,55.25,34.5,30.5,4,2,1,16,12,5,154680.7,32927.2833333333,0,0,0,0,2,2,49,1,21,0,0,1,2,5826036,0,3052.5625,"less_hs",1190.25,"hs",930.25,"college","less"
5833031,"black",0,0,1,39.5,37.5,40,4,5,1,16,16.6666666666667,7,0,128357.763333333,3519.81321839081,0,0,0,13,0,0,3,66,1,1,1,13,5833031,0,1560.25,"less_hs",1406.25,"higher",1600,"college","less"
5834173,"black",1,1,0,52,34.5,44,3,2,1,15,12,3,5218711.5,0,34287.011091954,0,0,0,1,4,99,0,0,1,16,1,1,5834173,0,2704,"less_hs",1190.25,"hs",1936,"some_college","less"
5834032,"black",1,0,0,52,29.3333333333333,35,5,4,1,17,16,3,5178711.5,32794.5633333333,34287.011091954,0,0,0,1,4,98,1,21,1,16,1,1,5834032,0,2704,"less_hs",860.444444444444,"college",1225,"higher","less"
5835035,"black",0.5,0,0,43.75,31.5,37,5,3,3,17,12.8333333333333,14.5,0,0,0,0,0,0,1,0,0,0,0,0,0,1,1,5835035,0,1914.0625,"some_college",992.25,"some_college",1369,"higher","more"
5835173,"black",0.5,0,1,43.75,31.5,44,5,3,3,17,12.8333333333333,14.5,218752.95,0,0,0,0,0,1,3,66,0,0,0,0,1,1,5835173,0,1914.0625,"some_college",992.25,"some_college",1936,"higher","more"
5839030,"black",0,0,0,42,33.5,46,4,2,2,16,12,12,100608.415,0,0,0,0,0,3,2,31,0,0,0,0,1,3,5839030,0,1764,"hs",1122.25,"hs",2116,"college","less"
5839031,"black",0,0,1,42,33.5,33,3,2,2,14,12,12,376523,0,0,0,0,0,3,4,88,0,0,0,0,1,3,5839031,0,1764,"hs",1122.25,"hs",1089,"some_college","less"
5853035,"black",0.5,0,1,36.5,30.5,38,1,1,1,11,8,10,0,0,0,0,0,0,1,0,0,0,0,0,0,1,1,5853035,0,1332.25,"less_hs",930.25,"less_hs",1444,"less_hs","less"
5853013,"black",0.5,0,1,36.5,34.5,49,2,1,1,12,8,10,0,0,0,0,0,0,1,0,0,0,0,0,0,1,1,5853013,0,1332.25,"less_hs",1190.25,"less_hs",2401,"hs","less"
5853033,"black",0.5,0,1,36.5,34.5,41,2,1,1,12,8,10,0,0,0,0,0,0,1,0,0,0,0,0,0,1,1,5853033,0,1332.25,"less_hs",1190.25,"less_hs",1681,"hs","less"
5853034,"black",0.5,0,0,36.5,34.5,46,2,1,1,12,8,10,45536.14,0,0,0,0,0,1,1,10,0,0,0,0,1,1,5853034,0,1332.25,"less_hs",1190.25,"less_hs",2116,"hs","less"
5854031,"black",0.5,0,0,39,33.5,34,4,4,1,16,16,10,207148.5,147320.616666667,60138.9355747126,0,0,0,5,3,64,3,72,2,32,1,5,5854031,0,1521,"less_hs",1122.25,"college",1156,"college","less"
5858033,"black",0.5,0,0,50.5,28.5,37,1,1,-Inf,11,11,2.5,0,115517.683333333,0,1,0,0,1,0,0,3,61,0,0,1,1,5858033,0,2550.25,NA,812.25,"less_hs",1369,"less_hs","more"
5858179,"black",0.5,0,0,50.5,28.5,40.5,1,1,-Inf,10,11,2.5,0,115517.683333333,0,1,0,0,1,0,0,3,61,0,0,1,1,5858179,0,2550.25,NA,812.25,"less_hs",1640.25,"less_hs","more"
5863031,"black",0.5,0,0,40.5,33.6666666666667,46,1,2,1.5,11,12,11.5,0,94218.2433333333,37806.8243103448,0,0,0,1,0,0,3,52,1,19,1,1,5863031,0,1640.25,NA,1133.44444444444,"hs",2116,"less_hs","more"
5863033,"black",0.5,0,0,40.5,33.6666666666667,44,1,2,1.5,11,12,11.5,0,94218.2433333333,37806.8243103448,0,0,0,1,0,0,3,52,1,19,1,1,5863033,0,1640.25,NA,1133.44444444444,"hs",1936,"less_hs","more"
5863035,"black",0.5,0,1,40.5,33.6666666666667,39,1,2,1.5,11,12,11.5,0,94218.2433333333,37806.8243103448,0,0,0,1,0,0,3,52,1,19,1,1,5863035,0,1640.25,NA,1133.44444444444,"hs",1521,"less_hs","more"
5863037,"black",0.5,0,0,40.5,33.6666666666667,29.5,2,2,1.5,12,12,11.5,0,94218.2433333333,37806.8243103448,1,0,0,1,0,0,3,52,1,19,1,1,5863037,0,1640.25,NA,1133.44444444444,"hs",870.25,"hs","more"
5872036,"black",0,0,0,41,28.6666666666667,29,3,3,1,13,13.75,9,0,0,0,0,0,0,1,0,0,0,0,0,0,1,1,5872036,0,1681,"less_hs",821.777777777778,"some_college",841,"some_college","less"
5872035,"black",0,0,0,41,26,32,3,1,1,13,11,9,0,0,0,1,0,0,1,0,0,0,0,0,0,1,1,5872035,0,1681,"less_hs",676,"less_hs",1024,"some_college","less"
5872034,"black",0,0,0,41,25,32,3,2,1,14,12,9,0,0,0,0,0,0,1,0,0,0,0,0,0,1,1,5872034,0,1681,"less_hs",625,"hs",1024,"some_college","less"
5872037,"black",0,0,1,41,25,26.5,1,2,1,8,12,9,0,0,0,0,0,0,1,0,0,0,0,0,0,1,1,5872037,0,1681,"less_hs",625,"hs",702.25,"less_hs","less"
5874030,"black",0,0,0,28.5,27.5,40,1,1,1,11,11,11,0,0,0,0,0,0,1,0,0,0,0,0,0,1,1,5874030,0,812.25,"less_hs",756.25,"less_hs",1600,"less_hs","less"
5876030,"black",0,1,0,46.5,36.1666666666667,41.5,3,3,1,15,14.8333333333333,6,0,157661.983333333,27611.831091954,1,0,0,1,0,0,4,76,1,11,1,1,5876030,0,2162.25,"less_hs",1308.02777777778,"some_college",1722.25,"some_college","less"
5876031,"black",0,1,1,46.5,36.1666666666667,36.5,2,3,1,12,14.8333333333333,6,0,157661.983333333,27611.831091954,0,0,0,1,0,0,4,76,1,11,1,1,5876031,0,2162.25,"less_hs",1308.02777777778,"some_college",1332.25,"hs","less"
5876032,"black",0,0,1,46.5,26.5,32,5,3,1,16.5,13,6,147055.2,141967.35,27611.831091954,0,0,0,1,2,46,3,70,1,11,1,1,5876032,0,2162.25,"less_hs",702.25,"some_college",1024,"higher","less"
5897030,"black",0.5,0,0,56,28.8333333333333,41,5,3,1.5,17,13.6666666666667,10,125000,69864.9433333333,53099.309137931,0,0,0,2,2,39,2,39,2,28,1,2,5897030,0,3136,NA,831.361111111111,"some_college",1681,"higher","more"
5897031,"black",0.5,0,0,56,28.8333333333333,30,4,3,1.5,16,13.6666666666667,10,114555.2,69864.9433333333,53099.309137931,1,0,0,2,2,35,2,39,2,28,1,2,5897031,0,3136,NA,831.361111111111,"some_college",900,"college","more"
5898032,"black",0,0,1,35.5,32.5,32,3,4,2,14,16,12,0,23872.815,0,0,0,0,2,0,0,1,15,0,0,1,2,5898032,0,1260.25,"hs",1056.25,"college",1024,"some_college","less"
5898035,"black",0,0,0,35.5,32.5,28,3,4,2,12.5,16,12,94626.285,23872.815,0,0,0,0,2,2,28,1,15,0,0,1,2,5898035,0,1260.25,"hs",1056.25,"college",784,"some_college","less"
5898031,"black",0,0,0,35.5,25,33,3,2,2,14.5,12,12,91600,0,0,0,0,0,2,2,27,0,0,0,0,1,2,5898031,0,1260.25,"hs",625,"hs",1089,"some_college","less"
5899032,"black",0,0,0,42.5,28.5,26.5,3,3,1,6.5,12.8333333333333,7,37500,32493.3916666667,0,1,0,0,2,1,8,1,21,0,0,1,2,5899032,0,1806.25,"less_hs",812.25,"some_college",702.25,"some_college","less"
5900035,"black",0,0,1,28.5,27,27,2,3,1,6,13.4,11,0,0,0,0,0,0,2,0,0,0,0,0,0,1,2,5900035,0,812.25,"less_hs",729,"some_college",729,"hs","less"
5900034,"black",0,0,0,28.5,26.6666666666667,32,3,2,1,14,12,11,0,0,0,0,0,0,2,0,0,0,0,0,0,1,2,5900034,0,812.25,"less_hs",711.111111111111,"hs",1024,"some_college","less"
5900032,"black",0,0,1,28.5,25.5,33,-Inf,2,1,0,12,11,0,0,0,0,0,0,2,0,0,0,0,0,0,1,2,5900032,0,812.25,"less_hs",650.25,"hs",1089,NA,"less"
5903030,"black",0,0,0,55.5,34.3333333333333,43.5,1,3,1,11,13.3333333333333,11,0,0,0,1,0,0,1,0,0,0,0,0,0,1,1,5903030,0,3080.25,"less_hs",1178.77777777778,"some_college",1892.25,"less_hs","less"
5904037,"black",0,1,0,49.5,37.3333333333333,36,3,2,1,13,12,8,50000,37553.4616666667,0,0,0,0,1,1,12,1,23,0,0,1,1,5904037,0,2450.25,"less_hs",1393.77777777778,"hs",1296,"some_college","less"
5904044,"black",0,1,1,49.5,37.3333333333333,29.5,4,2,1,14,12,8,31072.275,37553.4616666667,0,1,0,0,1,1,6,1,23,0,0,1,1,5904044,0,2450.25,"less_hs",1393.77777777778,"hs",870.25,"college","less"
5904033,"black",0,0,0,49.5,36.5,40,3,3,1,14,13,8,0,111929.93,0,1,0,0,1,0,0,3,60,0,0,1,1,5904033,0,2450.25,"less_hs",1332.25,"some_college",1600,"some_college","less"
5904038,"black",0,0,1,49.5,36.5,36,2,3,1,12,13,8,0,111929.93,0,0,0,0,1,0,0,3,60,0,0,1,1,5904038,0,2450.25,"less_hs",1332.25,"some_college",1296,"hs","less"
5904039,"black",0,1,1,49.5,33.5,35,3,2,1,13,11.5,8,0,1886.26833333333,0,1,0,0,1,0,0,1,0,0,0,1,1,5904039,0,2450.25,"less_hs",1122.25,"hs",1225,"some_college","less"
5904040,"black",0,1,0,49.5,33.5,33,4,2,1,16,11.5,8,0,1886.26833333333,0,0,0,0,1,0,0,1,0,0,0,1,1,5904040,0,2450.25,"less_hs",1122.25,"hs",1089,"college","less"
5904042,"black",0,1,1,49.5,33.5,30,3,2,1,13,11.5,8,0,1886.26833333333,0,0,0,0,1,0,0,1,0,0,0,1,1,5904042,0,2450.25,"less_hs",1122.25,"hs",900,"some_college","less"
5904045,"black",0,1,0,49.5,33.5,29,2,2,1,12,11.5,8,0,1886.26833333333,0,1,0,0,1,0,0,1,0,0,0,1,1,5904045,0,2450.25,"less_hs",1122.25,"hs",841,"hs","less"
5904035,"black",0,0,0,49.5,30.5,38,3,3,1,15,13,8,0,98383.015,0,1,0,0,1,0,0,3,54,0,0,1,1,5904035,0,2450.25,"less_hs",930.25,"some_college",1444,"some_college","less"
5904041,"black",0,0,1,49.5,30.5,32,2,3,1,11,13,8,0,98383.015,0,0,0,0,1,0,0,3,54,0,0,1,1,5904041,0,2450.25,"less_hs",930.25,"some_college",1024,"hs","less"
5904181,"black",0,1,1,49.5,28.5,31,3,3,1,14,14.6666666666667,8,0,37024.995,0,0,0,0,1,0,0,1,23,0,0,1,1,5904181,0,2450.25,"less_hs",812.25,"some_college",961,"some_college","less"
5916030,"black",0.5,1,0,44.5,31.5,38,2,1,1,12,11,9.5,0,0,22240.9996551724,0,0,0,7,0,0,0,0,1,7,1,7,5916030,0,1980.25,"less_hs",992.25,"less_hs",1444,"hs","less"
5916031,"black",0.5,1,1,44.5,31.5,36,1,1,1,11,11,9.5,0,0,22240.9996551724,0,0,0,7,0,0,0,0,1,7,1,7,5916031,0,1980.25,"less_hs",992.25,"less_hs",1296,"less_hs","less"
5916033,"black",0.5,1,1,44.5,31.5,34,1,1,1,11,11,9.5,0,0,22240.9996551724,0,0,0,7,0,0,0,0,1,7,1,7,5916033,0,1980.25,"less_hs",992.25,"less_hs",1156,"less_hs","less"
5916037,"black",0.5,1,1,44.5,30.5,31,3,2,1,15,12,9.5,0,0,22240.9996551724,0,0,0,7,0,0,0,0,1,7,1,7,5916037,0,1980.25,"less_hs",930.25,"hs",961,"some_college","less"
5916172,"black",0.5,1,0,44.5,30.5,41,3,2,1,14,12,9.5,60000,0,22240.9996551724,0,0,0,7,1,14,0,0,1,7,1,7,5916172,0,1980.25,"less_hs",930.25,"hs",1681,"some_college","less"
5916034,"black",0.5,0,0,44.5,26,35,2,2,1,12,12,9.5,0,0,22240.9996551724,0,0,0,7,0,0,0,0,1,7,1,7,5916034,0,1980.25,"less_hs",676,"hs",1225,"hs","less"
5916035,"black",0.5,0,1,44.5,26,32,-Inf,2,1,0,12,9.5,96608.415,0,22240.9996551724,0,0,0,7,2,29,0,0,1,7,1,7,5916035,0,1980.25,"less_hs",676,"hs",1024,NA,"less"
5922035,"black",0,1,1,38.5,32.5,34,2,2,2,12,12,12,5077680.2,10028.1,0,0,0,0,12,4,98,1,4,0,0,1,12,5922035,0,1482.25,"hs",1056.25,"hs",1156,"hs","less"
5922036,"black",0,1,0,38.5,32.5,33,4,2,2,16,12,12,0,10028.1,0,0,0,0,12,0,0,1,4,0,0,1,12,5922036,0,1482.25,"hs",1056.25,"hs",1089,"college","less"
5922178,"black",0,1,1,38.5,32.5,37,2,2,2,12,12,12,0,10028.1,0,0,0,0,12,0,0,1,4,0,0,1,12,5922178,0,1482.25,"hs",1056.25,"hs",1369,"hs","less"
5922189,"black",0,1,1,38.5,32.5,37,3,2,2,6.5,12,12,151340.345,10028.1,0,0,0,0,12,2,47,1,4,0,0,1,12,5922189,0,1482.25,"hs",1056.25,"hs",1369,"some_college","less"
5922190,"black",0,1,1,38.5,32.5,34,-Inf,2,2,0,12,12,151340.345,10028.1,0,0,0,0,12,2,47,1,4,0,0,1,12,5922190,0,1482.25,"hs",1056.25,"hs",1156,NA,"less"
5922030,"black",0,0,1,38.5,30.1666666666667,41,3,2,2,13,11.8333333333333,12,0,0,0,0,0,0,12,0,0,0,0,0,0,1,12,5922030,0,1482.25,"hs",910.027777777778,"hs",1681,"some_college","less"
5922170,"black",0,0,1,38.5,30.1666666666667,43,3,2,2,15,11.8333333333333,12,0,0,0,0,0,0,12,0,0,0,0,0,0,1,12,5922170,0,1482.25,"hs",910.027777777778,"hs",1849,"some_college","less"
5922041,"black",0,1,1,38.5,28.8333333333333,29,3,3,2,14,12.8333333333333,12,0,0,0,0,0,0,12,0,0,0,0,0,0,1,12,5922041,0,1482.25,"hs",831.361111111111,"some_college",841,"some_college","less"
5922042,"black",0,1,0,38.5,28.8333333333333,27,2,3,2,12,12.8333333333333,12,0,0,0,0,0,0,12,0,0,0,0,0,0,1,12,5922042,0,1482.25,"hs",831.361111111111,"some_college",729,"hs","less"
5922173,"black",0,1,1,38.5,28.8333333333333,34,2,3,2,12,12.8333333333333,12,0,0,0,0,0,0,12,0,0,0,0,0,0,1,12,5922173,0,1482.25,"hs",831.361111111111,"some_college",1156,"hs","less"
5922040,"black",0,1,1,38.5,27.5,30,3,2,2,14,11.8333333333333,12,0,0,0,0,0,0,12,0,0,0,0,0,0,1,12,5922040,0,1482.25,"hs",756.25,"hs",900,"some_college","less"
5922033,"black",0,1,1,38.5,26.5,37.5,2,2,2,12,12,12,0,0,0,0,0,0,12,0,0,0,0,0,0,1,12,5922033,0,1482.25,"hs",702.25,"hs",1406.25,"hs","less"
5922034,"black",0,1,0,38.5,26.5,36,2,2,2,12,12,12,0,0,0,0,0,0,12,0,0,0,0,0,0,1,12,5922034,0,1482.25,"hs",702.25,"hs",1296,"hs","less"
5922039,"black",0,1,1,38.5,26.5,31,3,2,2,13,12,12,80000,0,0,0,0,0,12,1,22,0,0,0,0,1,12,5922039,0,1482.25,"hs",702.25,"hs",961,"some_college","less"
5925033,"black",0,0,0,32,29.75,41.5,2,1,1,12,10.5,6,0,26956.325,0,0,0,0,1,0,0,1,17,0,0,1,1,5925033,0,1024,"less_hs",885.0625,"less_hs",1722.25,"hs","less"
5925038,"black",0,1,0,32,28.5,31,1,1,1,8,9,6,125000,18666.4716666667,0,0,0,0,1,2,39,1,12,0,0,1,1,5925038,0,1024,"less_hs",812.25,"less_hs",961,"less_hs","less"
5925041,"black",0,1,0,32,28.5,28,4,1,1,16,9,6,0,18666.4716666667,0,0,0,0,1,0,0,1,12,0,0,1,1,5925041,0,1024,"less_hs",812.25,"less_hs",784,"college","less"
5926030,"black",0.5,0,0,33.5,26,34,3,3,1.5,14,14.6666666666667,11,0,143022.003333333,94243.7184482758,1,0,0,1,0,0,3,71,2,49,1,1,5926030,0,1122.25,NA,676,"some_college",1156,"some_college","more"
5938032,"black",0,0,0,37.5,30.6666666666667,39,2,3,1,12,13,11,30000,0,0,0,0,0,2,1,6,0,0,0,0,1,2,5938032,0,1406.25,"less_hs",940.444444444445,"some_college",1521,"hs","less"
5938170,"black",0,0,1,37.5,30.6666666666667,42,3,3,1,15,13,11,0,0,0,0,0,0,2,0,0,0,0,0,0,1,2,5938170,0,1406.25,"less_hs",940.444444444445,"some_college",1764,"some_college","less"
5942033,"black",0,0,1,44.5,30,31,2,2,1,12,12,11,0,0,0,1,0,0,2,0,0,0,0,0,0,1,2,5942033,0,1980.25,"less_hs",900,"hs",961,"hs","less"
5942031,"black",0,0,1,44.5,26.75,38,3,2,1,14.5,12,11,0,0,0,0,0,0,2,0,0,0,0,0,0,1,2,5942031,0,1980.25,"less_hs",715.5625,"hs",1444,"some_college","less"
5942032,"black",0,0,1,44.5,26.75,34,-Inf,2,1,0,12,11,0,0,0,1,0,0,2,0,0,0,0,0,0,1,2,5942032,0,1980.25,"less_hs",715.5625,"hs",1156,NA,"less"
5942036,"black",0,0,0,44.5,26.5,31.5,5,3,1,17,13,11,0,0,0,0,0,0,2,0,0,0,0,0,0,1,2,5942036,0,1980.25,"less_hs",702.25,"some_college",992.25,"higher","less"
5942037,"black",0,0,1,44.5,26.5,29.5,5,3,1,17,13,11,0,0,0,0,0,0,2,0,0,0,0,0,0,1,2,5942037,0,1980.25,"less_hs",702.25,"some_college",870.25,"higher","less"
5959030,"black",0,1,1,45.5,38.5,41,2,2,1,12,12,7,0,0,0,1,0,0,13,0,0,0,0,0,0,1,13,5959030,0,2070.25,"less_hs",1482.25,"hs",1681,"hs","less"
5959033,"black",0,0,1,45.5,36.5,38.5,4,2,1,16,12,7,34839.555,11907.3663333333,0,0,0,0,13,1,7,1,6,0,0,1,13,5959033,0,2070.25,"less_hs",1332.25,"hs",1482.25,"college","less"
5959177,"black",0,0,1,45.5,36.5,40,3,2,1,13,12,7,50375.69,11907.3663333333,0,0,0,0,13,1,12,1,6,0,0,1,13,5959177,0,2070.25,"less_hs",1332.25,"hs",1600,"some_college","less"
5959037,"black",0,1,0,45.5,33.1666666666667,27,4,3,1,15,13.1666666666667,7,44019.055,26597.166,0,1,0,0,13,1,10,1,17,0,0,1,13,5959037,0,2070.25,"less_hs",1100.02777777778,"some_college",729,"college","less"
5959036,"black",0,0,0,45.5,29.5,31.5,3,3,1,15,12.3333333333333,7,0,67783.9,0,1,0,0,13,0,0,2,38,0,0,1,13,5959036,0,2070.25,"less_hs",870.25,"some_college",992.25,"some_college","less"
5960008,"black",0,0,1,45.5,38.5,49.5,3,2,1,14,12,8,0,71023.105,0,0,0,0,13,0,0,2,40,0,0,1,13,5960008,0,2070.25,"less_hs",1482.25,"hs",2450.25,"some_college","less"
5960030,"black",0,0,1,45.5,34.6666666666667,43,2,2,1,12,12,8,0,26798.5833333333,0,1,0,0,13,0,0,1,17,0,0,1,13,5960030,0,2070.25,"less_hs",1201.77777777778,"hs",1849,"hs","less"
5960038,"black",0,0,0,45.5,34.6666666666667,37,4,2,1,16,12,8,0,26798.5833333333,0,0,0,0,13,0,0,1,17,0,0,1,13,5960038,0,2070.25,"less_hs",1201.77777777778,"hs",1369,"college","less"
5960033,"black",0,0,0,45.5,31.5,44,2,2,1,12,12,8,0,0,0,0,0,0,13,0,0,0,0,0,0,1,13,5960033,0,2070.25,"less_hs",992.25,"hs",1936,"hs","less"
5960034,"black",0,0,0,45.5,31.5,41.5,1,2,1,11,12,8,68359,0,0,0,0,0,13,1,17,0,0,0,0,1,13,5960034,0,2070.25,"less_hs",992.25,"hs",1722.25,"less_hs","less"
5960037,"black",0,0,0,45.5,31.5,37,4,2,1,16,12,8,0,0,0,0,0,0,13,0,0,0,0,0,0,1,13,5960037,0,2070.25,"less_hs",992.25,"hs",1369,"college","less"
5960039,"black",0,0,1,45.5,31.5,34,2,2,1,12,12,8,0,0,0,1,0,0,13,0,0,0,0,0,0,1,13,5960039,0,2070.25,"less_hs",992.25,"hs",1156,"hs","less"
5960035,"black",0,0,1,45.5,28.5,39,4,2,1,16,12,8,66571.88,0,0,0,0,0,13,1,17,0,0,0,0,1,13,5960035,0,2070.25,"less_hs",812.25,"hs",1521,"college","less"
5960036,"black",0,0,0,45.5,28.5,37,3,2,1,13,12,8,0,0,0,0,0,0,13,0,0,0,0,0,0,1,13,5960036,0,2070.25,"less_hs",812.25,"hs",1369,"some_college","less"
5962030,"black",0.5,0,0,49,38.6666666666667,37,5,5,1,17,16.8333333333333,7.5,324187.4,357850.1,85261.9821839081,0,0,0,3,4,83,4,95,2,44,1,3,5962030,0,2401,"less_hs",1495.11111111111,"higher",1369,"higher","less"
5962031,"black",0.5,0,0,49,38.6666666666667,34,5,5,1,17,16.8333333333333,7.5,362509.9,357850.1,85261.9821839081,0,0,0,3,4,86,4,95,2,44,1,3,5962031,0,2401,"less_hs",1495.11111111111,"higher",1156,"higher","less"
5964030,"black",0.5,1,0,46.5,30.5,29,5,4,1,17,16,5.5,0,128744.963333333,50974.951091954,0,0,0,3,0,0,3,67,2,26,1,3,5964030,0,2162.25,"less_hs",930.25,"college",841,"higher","less"
5969030,"black",0.5,0,1,33.5,26,34,3,2,2,13,12,12,0,0,0,0,0,0,2,0,0,0,0,0,0,1,2,5969030,0,1122.25,"hs",676,"hs",1156,"some_college","less"
5969031,"black",0.5,0,0,33.5,26,33,3,2,2,14,12,12,0,0,0,0,0,0,2,0,0,0,0,0,0,1,2,5969031,0,1122.25,"hs",676,"hs",1089,"some_college","less"
5984030,"black",0,0,0,59.5,37.1666666666667,46,3,3,2,14,15,12,79019.055,41375.5383333333,0,0,0,0,1,1,22,1,25,0,0,1,1,5984030,0,3540.25,"hs",1381.36111111111,"some_college",2116,"some_college","less"
5984033,"black",0,0,0,59.5,37.1666666666667,32,4,3,2,15.5,15,12,0,41375.5383333333,0,0,0,0,1,0,0,1,25,0,0,1,1,5984033,0,3540.25,"hs",1381.36111111111,"some_college",1024,"college","less"
5987033,"black",0.5,0,1,44.5,30.5,38,3,3,1.5,12.5,13,10,0,0,85990.8600574712,0,0,0,7,0,0,0,0,2,44,1,7,5987033,0,1980.25,NA,930.25,"some_college",1444,"some_college","more"
5990031,"black",0,1,0,47.5,34.5,40,2,2,-Inf,12,12,NA,152680.7,0,0,1,0,0,1,2,47,0,0,0,0,1,1,5990031,0,2256.25,NA,1190.25,"hs",1600,"hs","more"
5990032,"black",0,1,1,47.5,34.5,37.5,3,2,-Inf,13,12,NA,170538.1,0,0,0,0,0,1,3,54,0,0,0,0,1,1,5990032,0,2256.25,NA,1190.25,"hs",1406.25,"some_college","more"
5990033,"black",0,1,0,47.5,34.5,35,2,2,-Inf,12,12,NA,228574.25,0,0,0,0,0,1,3,68,0,0,0,0,1,1,5990033,0,2256.25,NA,1190.25,"hs",1225,"hs","more"
5990034,"black",0,1,1,47.5,34.5,32,5,2,-Inf,17,12,NA,0,0,0,0,0,0,1,0,0,0,0,0,0,1,1,5990034,0,2256.25,NA,1190.25,"hs",1024,"higher","more"
5990035,"black",0,1,1,47.5,34.5,28,-Inf,2,-Inf,0,12,NA,165718.8,0,0,0,0,0,1,3,52,0,0,0,0,1,1,5990035,0,2256.25,NA,1190.25,"hs",784,NA,"more"
5990036,"black",0,1,0,47.5,34.5,30,3,2,-Inf,15,12,NA,173520.25,0,0,0,0,0,1,3,54,0,0,0,0,1,1,5990036,0,2256.25,NA,1190.25,"hs",900,"some_college","more"
5990171,"black",0,1,0,47.5,34.5,41,2,2,-Inf,12,12,NA,0,0,0,1,0,0,1,0,0,0,0,0,0,1,1,5990171,0,2256.25,NA,1190.25,"hs",1681,"hs","more"
5990173,"black",0,1,1,47.5,34.5,33,2,2,-Inf,12,12,NA,254467.8,0,0,0,0,0,1,3,73,0,0,0,0,1,1,5990173,0,2256.25,NA,1190.25,"hs",1089,"hs","more"
5991031,"black",0,0,1,28.5,26.5,29,2,3,3,12,13,13,0,0,0,0,0,0,1,0,0,0,0,0,0,1,1,5991031,0,812.25,"some_college",702.25,"some_college",841,"hs","more"
5994030,"black",0.5,0,0,38.5,27.5,37,3,2,1,14,12,6,0,0,33375.885,0,0,0,1,0,0,0,0,1,15,1,1,5994030,0,1482.25,"less_hs",756.25,"hs",1369,"some_college","less"
5994031,"black",0.5,0,0,38.5,27.5,33,2,2,1,12,12,6,86608.415,0,33375.885,1,0,0,1,1,25,0,0,1,15,1,1,5994031,0,1482.25,"less_hs",756.25,"hs",1089,"hs","less"
5995030,"black",0.5,0,0,35,30.5,42,1,2,1,11,12,9,0,0,58196.8007471265,0,0,0,3,0,0,0,0,2,31,1,3,5995030,0,1225,"less_hs",930.25,"hs",1764,"less_hs","less"
5995031,"black",0.5,0,0,35,30.5,36,3,2,1,14,12,9,0,0,58196.8007471265,1,0,0,3,0,0,0,0,2,31,1,3,5995031,0,1225,"less_hs",930.25,"hs",1296,"some_college","less"
5998030,"black",0.5,0,1,38.5,28.5,35.5,2,3,1.5,12,12.3333333333333,10.5,483935.65,0,0,0,0,0,2,4,93,0,0,0,0,1,2,5998030,0,1482.25,NA,812.25,"some_college",1260.25,"hs","more"
6009030,"black",0.5,1,1,41.5,34.5,35.5,4,4,1,16,16,9.5,190627.45,158195.966666667,0,0,0,0,7,3,59,4,76,0,0,1,7,6009030,0,1722.25,"less_hs",1190.25,"college",1260.25,"college","less"
6024030,"black",0,0,1,48.5,30.5,35,2,2,1,12,12,11,0,8170.34916666667,0,0,0,0,2,0,0,1,3,0,0,1,2,6024030,0,2352.25,"less_hs",930.25,"hs",1225,"hs","less"
6024034,"black",0,0,0,48.5,30.5,31.5,3,2,1,14,12,11,202680.7,8170.34916666667,0,0,0,0,2,3,63,1,3,0,0,1,2,6024034,0,2352.25,"less_hs",930.25,"hs",992.25,"some_college","less"
6026033,"black",0,0,0,35.5,28.3333333333333,28,2,3,2,12,13.8333333333333,12,0,0,0,0,0,0,1,0,0,0,0,0,0,1,1,6026033,0,1260.25,"hs",802.777777777778,"some_college",784,"hs","less"
6026034,"black",0,0,1,35.5,28.3333333333333,27,2,3,2,12,13.8333333333333,12,0,0,0,0,0,0,1,0,0,0,0,0,0,1,1,6026034,0,1260.25,"hs",802.777777777778,"some_college",729,"hs","less"
6028032,"black",0.5,0,0,34.25,32.8333333333333,47,2,1,1,12,10,8.5,35000,0,0,0,0,0,1,1,7,0,0,0,0,1,1,6028032,0,1173.0625,"less_hs",1078.02777777778,"less_hs",2209,"hs","less"
6028034,"black",0.5,0,1,34.25,32.8333333333333,37,2,1,1,12,10,8.5,0,0,0,0,0,0,1,0,0,0,0,0,0,1,1,6028034,0,1173.0625,"less_hs",1078.02777777778,"less_hs",1369,"hs","less"
6028043,"black",0.5,0,0,34.25,32.8333333333333,32,1,1,1,11,10,8.5,0,0,0,1,0,0,1,0,0,0,0,0,0,1,1,6028043,0,1173.0625,"less_hs",1078.02777777778,"less_hs",1024,"less_hs","less"
6030031,"black",0.5,0,1,34.5,35.5,35,3,2,1,13,12,6,0,152553.466666667,75613.6436206897,0,0,0,1,0,0,3,74,2,40,1,1,6030031,0,1190.25,"less_hs",1260.25,"hs",1225,"some_college","less"
6030033,"black",0.5,0,0,34.5,35.5,46,5,2,1,17,12,6,98395.55,152553.466666667,75613.6436206897,0,0,0,1,2,30,3,74,2,40,1,1,6030033,0,1190.25,"less_hs",1260.25,"hs",2116,"higher","less"
6040035,"black",0.5,0,0,50.25,26.3333333333333,29,4,3,1,16,15,8.5,92502,0,0,0,0,0,1,2,27,0,0,0,0,1,1,6040035,0,2525.0625,"less_hs",693.444444444444,"some_college",841,"college","less"
6041031,"black",0.5,0,1,26.5,25.5,33,3,2,1,14,12,9,0,0,0,0,0,0,1,0,0,0,0,0,0,1,1,6041031,0,702.25,"less_hs",650.25,"hs",1089,"some_college","less"
6041034,"black",0.5,0,1,26.5,25.5,32,2,2,1,12,12,9,0,0,0,1,0,0,1,0,0,0,0,0,0,1,1,6041034,0,702.25,"less_hs",650.25,"hs",1024,"hs","less"
6051175,"black",0,1,1,30.5,32.6666666666667,36.5,2,2,1,12,11.6666666666667,8,0,0,0,0,0,0,2,0,0,0,0,0,0,1,2,6051175,0,930.25,"less_hs",1067.11111111111,"hs",1332.25,"hs","less"
6051176,"black",0,1,0,30.5,32.6666666666667,40,1,2,1,10,11.6666666666667,8,0,0,0,1,0,0,2,0,0,0,0,0,0,1,2,6051176,0,930.25,"less_hs",1067.11111111111,"hs",1600,"less_hs","less"
6051036,"black",0,0,0,30.5,29.5,30.5,2,1,1,12,11,8,0,0,0,1,0,0,2,0,0,0,0,0,0,1,2,6051036,0,930.25,"less_hs",870.25,"less_hs",930.25,"hs","less"
6053031,"black",0,0,0,37.5,30.5,40,3,2,2,13,12,12,0,0,0,1,0,0,2,0,0,0,0,0,0,1,2,6053031,0,1406.25,"hs",930.25,"hs",1600,"some_college","less"
6053034,"black",0,1,1,37.5,26,30,4,2,2,16,12,12,0,0,0,0,0,0,2,0,0,0,0,0,0,1,2,6053034,0,1406.25,"hs",676,"hs",900,"college","less"
6054031,"black",0,0,0,45.5,38.5,45,3,2,1,14,12,7,83500,217965.566666667,0,1,0,0,4,1,24,4,87,0,0,1,4,6054031,0,2070.25,"less_hs",1482.25,"hs",2025,"some_college","less"
6054030,"black",0,0,0,45.5,35.5,41,3,3,1,14,14,7,221252.95,0,0,0,0,0,4,3,67,0,0,0,0,1,4,6054030,0,2070.25,"less_hs",1260.25,"some_college",1681,"some_college","less"
6060030,"black",0,0,1,32.5,27,28,2,2,2,12,12,12,330361.4,0,83439.7,0,0,0,1,4,83,0,0,2,43,1,1,6060030,0,1056.25,"hs",729,"hs",784,"hs","less"
6077004,"black",0,0,1,58.5,43.3333333333333,55,2,3,1,12,13.6666666666667,6,206074.25,0,0,0,0,0,1,3,64,0,0,0,0,1,1,6077004,0,3422.25,"less_hs",1877.77777777778,"some_college",3025,"hs","less"
6088031,"black",0,0,0,38.5,35.5,44,3,2,2,14,12,12,94644.55,0,0,0,0,0,1,2,28,0,0,0,0,1,1,6088031,0,1482.25,"hs",1260.25,"hs",1936,"some_college","less"
6093033,"black",0.5,0,0,42.5,26.8,33,5,1,1,17,11,4,0,0,0,1,0,0,7,0,0,0,0,0,0,1,7,6093033,0,1806.25,"less_hs",718.24,"less_hs",1089,"higher","less"
6093036,"black",0.5,0,0,42.5,26.8,31,1,1,1,10,11,4,0,0,0,1,0,0,7,0,0,0,0,0,0,1,7,6093036,0,1806.25,"less_hs",718.24,"less_hs",961,"less_hs","less"
6093031,"black",0.5,0,0,42.5,26.25,37,1,1,1,9,11,4,0,0,0,0,0,0,7,0,0,0,0,0,0,1,7,6093031,0,1806.25,"less_hs",689.0625,"less_hs",1369,"less_hs","less"
6093032,"black",0.5,0,0,42.5,26.25,34,3,1,1,13,11,4,0,0,0,0,0,0,7,0,0,0,0,0,0,1,7,6093032,0,1806.25,"less_hs",689.0625,"less_hs",1156,"some_college","less"
6093034,"black",0.5,0,1,42.5,26.25,32.5,3,1,1,6.5,11,4,0,0,0,1,0,0,7,0,0,0,0,0,0,1,7,6093034,0,1806.25,"less_hs",689.0625,"less_hs",1056.25,"some_college","less"
6103032,"black",0.5,0,1,37,32.3333333333333,36,5,3,1,17,14,9.5,56965.85,106761.066666667,87295.2036206897,0,0,0,2,1,14,3,58,2,44,1,2,6103032,0,1369,"less_hs",1045.44444444444,"some_college",1296,"higher","less"
6103033,"black",0.5,0,1,37,32.3333333333333,34,2,3,1,12,14,9.5,62500,106761.066666667,87295.2036206897,0,0,0,2,1,15,3,58,2,44,1,2,6103033,0,1369,"less_hs",1045.44444444444,"some_college",1156,"hs","less"
6103039,"black",0.5,0,0,37,32.3333333333333,30.5,4,3,1,8,14,9.5,119465.85,106761.066666667,87295.2036206897,0,0,0,2,2,37,3,58,2,44,1,2,6103039,0,1369,"less_hs",1045.44444444444,"some_college",930.25,"college","less"
6103041,"black",0.5,0,1,37,32.3333333333333,29.5,3,3,1,13,14,9.5,0,106761.066666667,87295.2036206897,1,0,0,2,0,0,3,58,2,44,1,2,6103041,0,1369,"less_hs",1045.44444444444,"some_college",870.25,"some_college","less"
6103034,"black",0.5,0,0,37,27.5,35,3,3,1,14,14,9.5,2e+05,55873.6333333333,87295.2036206897,0,0,0,2,3,62,2,31,2,44,1,2,6103034,0,1369,"less_hs",756.25,"some_college",1225,"some_college","less"
6103035,"black",0.5,0,0,37,26.4,32.5,4,3,1,15.5,13,9.5,0,11858.5,87295.2036206897,0,0,0,2,0,0,1,5,2,44,1,2,6103035,0,1369,"less_hs",696.96,"some_college",1056.25,"college","less"
6103038,"black",0.5,0,1,37,26.4,31,4,3,1,16,13,9.5,0,11858.5,87295.2036206897,0,0,0,2,0,0,1,5,2,44,1,2,6103038,0,1369,"less_hs",696.96,"some_college",961,"college","less"
6103040,"black",0.5,0,0,37,26.4,29,2,3,1,12,13,9.5,0,11858.5,87295.2036206897,0,0,0,2,0,0,1,5,2,44,1,2,6103040,0,1369,"less_hs",696.96,"some_college",841,"hs","less"
6107030,"black",0,0,0,34.5,30.5,41.5,3,1,1,13,11,7,0,0,0,0,0,0,1,0,0,0,0,0,0,1,1,6107030,0,1190.25,"less_hs",930.25,"less_hs",1722.25,"some_college","less"
6107033,"black",0,0,0,34.5,30.5,39,2,1,1,12,11,7,0,0,0,1,0,0,1,0,0,0,0,0,0,1,1,6107033,0,1190.25,"less_hs",930.25,"less_hs",1521,"hs","less"
6107038,"black",0,0,1,34.5,30.5,35,2,1,1,12,11,7,0,0,0,1,0,0,1,0,0,0,0,0,0,1,1,6107038,0,1190.25,"less_hs",930.25,"less_hs",1225,"hs","less"
6107039,"black",0,0,1,34.5,30.5,34,1,1,1,11,11,7,0,0,0,0,0,0,1,0,0,0,0,0,0,1,1,6107039,0,1190.25,"less_hs",930.25,"less_hs",1156,"less_hs","less"
6107043,"black",0,1,1,34.5,27.5,29,2,1,1,12,9,7,0,28147.85,0,1,0,0,1,0,0,1,17,0,0,1,1,6107043,0,1190.25,"less_hs",756.25,"less_hs",841,"hs","less"
6107035,"black",0,0,0,34.5,26,36.5,3,1,1,14,10,7,30000,0,0,0,0,0,1,1,6,0,0,0,0,1,1,6107035,0,1190.25,"less_hs",676,"less_hs",1332.25,"some_college","less"
6107040,"black",0,0,1,34.5,26,32,1,1,1,10,10,7,14000,0,0,0,0,0,1,1,3,0,0,0,0,1,1,6107040,0,1190.25,"less_hs",676,"less_hs",1024,"less_hs","less"
6107045,"black",0,0,1,34.5,26,27,2,1,1,12,10,7,0,0,0,0,0,0,1,0,0,0,0,0,0,1,1,6107045,0,1190.25,"less_hs",676,"less_hs",729,"hs","less"
6110039,"black",0.5,1,1,41,33.5,34,1,2,1,11,11.5,7,0,0,0,0,0,0,1,0,0,0,0,0,0,1,1,6110039,0,1681,"less_hs",1122.25,"hs",1156,"less_hs","less"
6110040,"black",0.5,1,0,41,33.5,29,2,2,1,12,11.5,7,0,0,0,0,0,0,1,0,0,0,0,0,0,1,1,6110040,0,1681,"less_hs",1122.25,"hs",841,"hs","less"
6110180,"black",0.5,1,1,41,33.5,41,2,2,1,12,11.5,7,0,0,0,0,0,0,1,0,0,0,0,0,0,1,1,6110180,0,1681,"less_hs",1122.25,"hs",1681,"hs","less"
6110030,"black",0.5,0,0,41,31,42,3,2,1,13,12,7,0,0,0,0,0,0,1,0,0,0,0,0,0,1,1,6110030,0,1681,"less_hs",961,"hs",1764,"some_college","less"
6111031,"black",0.5,0,1,50.5,29.5,34.5,5,5,1,17,16.8333333333333,6,201252.95,120580.783333333,31131.6443103449,0,0,0,1,3,62,3,64,1,14,1,1,6111031,0,2550.25,"less_hs",870.25,"higher",1190.25,"higher","less"
6111033,"black",0.5,0,0,50.5,29.5,31,5,5,1,17,16.8333333333333,6,10000,120580.783333333,31131.6443103449,0,0,0,1,1,2,3,64,1,14,1,1,6111033,0,2550.25,"less_hs",870.25,"higher",961,"higher","less"
6111172,"black",0.5,0,0,50.5,29.5,40,5,5,1,17,16.8333333333333,6,0,120580.783333333,31131.6443103449,0,0,0,1,0,0,3,64,1,14,1,1,6111172,0,2550.25,"less_hs",870.25,"higher",1600,"higher","less"
6112030,"black",0.5,0,1,55.5,42.5,45,2,5,1.5,12,16.1666666666667,10.5,40893.565,93063.3133333333,64871.9807471265,0,0,0,3,1,9,3,52,2,35,1,3,6112030,0,3080.25,NA,1806.25,"higher",2025,"hs","more"
6112032,"black",0.5,0,0,55.5,42.5,41,5,5,1.5,17,16.1666666666667,10.5,133626.7,93063.3133333333,64871.9807471265,0,0,0,3,2,42,3,52,2,35,1,3,6112032,0,3080.25,NA,1806.25,"higher",1681,"higher","more"
6112031,"black",0.5,0,1,55.5,35.5,42,2,2,1.5,12,12,10.5,35322.08,14719.6851666667,64871.9807471265,0,0,0,3,1,7,1,8,2,35,1,3,6112031,0,3080.25,NA,1260.25,"hs",1764,"hs","more"
6112033,"black",0.5,0,0,55.5,35.5,37,3,2,1.5,15,12,10.5,0,14719.6851666667,64871.9807471265,1,0,0,3,0,0,1,8,2,35,1,3,6112033,0,3080.25,NA,1260.25,"hs",1369,"some_college","more"
6114048,"black",0,1,0,40.5,25,27,2,1,1,12,11,8,0,0,55223.662183908,1,0,0,3,0,0,0,0,2,30,1,3,6114048,0,1640.25,"less_hs",625,"less_hs",729,"hs","less"
6115037,"black",0.5,0,0,45,31.5,36,3,1,1,13,11,10,0,0,0,1,0,0,3,0,0,0,0,0,0,1,3,6115037,0,2025,"less_hs",992.25,"less_hs",1296,"some_college","less"
6115176,"black",0.5,0,0,45,31.5,41,2,1,1,12,11,10,0,0,0,0,0,0,3,0,0,0,0,0,0,1,3,6115176,0,2025,"less_hs",992.25,"less_hs",1681,"hs","less"
6120030,"black",1,0,1,46.5,36.3333333333333,40,5,3,2,17,14,12,0,0,0,0,0,0,2,0,0,0,0,0,0,1,2,6120030,0,2162.25,"hs",1320.11111111111,"some_college",1600,"higher","less"
6121030,"black",0,0,0,37.5,38.5,42,2,1,1,12,10,8,219467.8,0,0,0,0,0,1,3,66,0,0,0,0,1,1,6121030,0,1406.25,"less_hs",1482.25,"less_hs",1764,"hs","less"
6121033,"black",0,0,1,37.5,38.5,40,1,1,1,11,10,8,0,0,0,0,0,0,1,0,0,0,0,0,0,1,1,6121033,0,1406.25,"less_hs",1482.25,"less_hs",1600,"less_hs","less"
6121039,"black",0,0,0,37.5,38.5,35,3,1,1,14,10,8,0,0,0,0,0,0,1,0,0,0,0,0,0,1,1,6121039,0,1406.25,"less_hs",1482.25,"less_hs",1225,"some_college","less"
6121048,"black",0.5,1,1,36.5,27,29,2,1,1,12,10,6,0,0,0,0,0,0,1,0,0,0,0,0,0,1,1,6121048,0,1332.25,"less_hs",729,"less_hs",841,"hs","less"
6121177,"black",0.5,1,0,36.5,27,36,3,1,1,13,10,6,0,0,0,0,0,0,1,0,0,0,0,0,0,1,1,6121177,0,1332.25,"less_hs",729,"less_hs",1296,"some_college","less"
6121042,"black",0.5,0,1,36.5,25,33,2,1,1,12,10,6,241074.25,0,0,1,0,0,1,3,70,0,0,0,0,1,1,6121042,0,1332.25,"less_hs",625,"less_hs",1089,"hs","less"
6121043,"black",0.5,0,1,36.5,25,32,2,1,1,6,10,6,241074.25,0,0,1,0,0,1,3,70,0,0,0,0,1,1,6121043,0,1332.25,"less_hs",625,"less_hs",1024,"hs","less"
6121044,"black",0.5,0,1,36.5,25,30,1,1,1,10,10,6,0,0,0,0,0,0,1,0,0,0,0,0,0,1,1,6121044,0,1332.25,"less_hs",625,"less_hs",900,"less_hs","less"
6125030,"black",0.5,0,1,47.5,34.5,41,1,2,1,5.5,12,3.5,21125.495,9375.70766666667,0,1,0,0,3,1,5,1,4,0,0,1,3,6125030,0,2256.25,"less_hs",1190.25,"hs",1681,"less_hs","less"
6125031,"black",0.5,1,0,47.5,32.5,28,3,2,1,15,12,3.5,3830.4205,4785.82466666667,0,0,0,0,3,1,1,1,1,0,0,1,3,6125031,0,2256.25,"less_hs",1056.25,"hs",784,"some_college","less"
6125036,"black",0.5,1,1,47.5,32.5,30,-Inf,2,1,0,12,3.5,3830.4205,4785.82466666667,0,0,0,0,3,1,1,1,1,0,0,1,3,6125036,0,2256.25,"less_hs",1056.25,"hs",900,NA,"less"
6125037,"black",0.5,1,0,47.5,32.5,29,5,2,1,17,12,3.5,0,4785.82466666667,0,0,0,0,3,0,0,1,1,0,0,1,3,6125037,0,2256.25,"less_hs",1056.25,"hs",841,"higher","less"
6127033,"black",0.5,0,0,29.5,27.5,36,1,2,1,8,12,11,0,3951.275,6675.175,1,0,0,3,0,0,1,1,1,1,1,3,6127033,0,870.25,"less_hs",756.25,"hs",1296,"less_hs","less"
6127034,"black",0.5,0,0,29.5,27.5,36,3,2,1,13,12,11,35536.14,3951.275,6675.175,0,0,0,3,1,7,1,1,1,1,1,3,6127034,0,870.25,"less_hs",756.25,"hs",1296,"some_college","less"
6129032,"black",0,1,0,54.5,36.6666666666667,41,4,2,1,16,12,2,227000,116147.923333333,0,0,0,0,3,3,68,3,62,0,0,1,3,6129032,0,2970.25,"less_hs",1344.44444444444,"hs",1681,"college","less"
6129035,"black",0,1,0,54.5,36.6666666666667,37,3,2,1,14,12,2,0,116147.923333333,0,0,0,0,3,0,0,3,62,0,0,1,3,6129035,0,2970.25,"less_hs",1344.44444444444,"hs",1369,"some_college","less"
6129036,"black",0,1,1,54.5,36.6666666666667,32,5,2,1,17,12,2,0,116147.923333333,0,0,0,0,3,0,0,3,62,0,0,1,3,6129036,0,2970.25,"less_hs",1344.44444444444,"hs",1024,"higher","less"
6145032,"black",0.5,0,0,33.5,29.5,39,3,2,1.5,14,12,11.5,0,0,0,1,0,0,2,0,0,0,0,0,0,1,2,6145032,0,1122.25,NA,870.25,"hs",1521,"some_college","more"
6150030,"black",0.666666666666667,0,1,27.3333333333333,25.5,35.5,3,2,-Inf,14,12,10,0,0,0,0,0,0,1,0,0,0,0,0,0,1,1,6150030,0,747.111111111111,NA,650.25,"hs",1260.25,"some_college","more"
6150031,"black",0.666666666666667,0,1,27.3333333333333,25.5,33,2,2,-Inf,6,12,10,0,0,0,0,0,0,1,0,0,0,0,0,0,1,1,6150031,0,747.111111111111,NA,650.25,"hs",1089,"hs","more"
6150032,"black",0.666666666666667,0,1,27.3333333333333,25.5,30,3,2,-Inf,15,12,10,0,0,0,0,0,0,1,0,0,0,0,0,0,1,1,6150032,0,747.111111111111,NA,650.25,"hs",900,"some_college","more"
6154032,"black",0,0,0,36,32.5,38.5,3,2,2,14,12,12,0,0,0,0,0,0,1,0,0,0,0,0,0,1,1,6154032,0,1296,"hs",1056.25,"hs",1482.25,"some_college","less"
6154033,"black",0,0,0,36,32.5,29,4,2,2,16,12,12,0,0,0,1,0,0,1,0,0,0,0,0,0,1,1,6154033,0,1296,"hs",1056.25,"hs",841,"college","less"
6159031,"black",0,0,0,28.5,26.75,35,2,2,2,12,12,12,0,44208.8925,0,0,0,0,3,0,0,2,26,0,0,1,3,6159031,0,812.25,"hs",715.5625,"hs",1225,"hs","less"
6159032,"black",0,0,1,28.5,26.75,33,2,2,2,12,12,12,0,44208.8925,0,0,0,0,3,0,0,2,26,0,0,1,3,6159032,0,812.25,"hs",715.5625,"hs",1089,"hs","less"
6159033,"black",0,0,1,28.5,26.75,31,2,2,2,12,12,12,61911.04,44208.8925,0,0,0,0,3,1,15,2,26,0,0,1,3,6159033,0,812.25,"hs",715.5625,"hs",961,"hs","less"
6159034,"black",0,1,1,28.5,25.5,29,1,2,2,10,12,12,0,0,0,1,0,0,3,0,0,0,0,0,0,1,3,6159034,0,812.25,"hs",650.25,"hs",841,"less_hs","less"
6159173,"black",0,1,0,28.5,25.5,31,3,2,2,14,12,12,0,0,0,0,0,0,3,0,0,0,0,0,0,1,3,6159173,0,812.25,"hs",650.25,"hs",961,"some_college","less"
6161007,"black",0.5,0,0,51,34.8333333333333,48,3,2,1,15,11.3333333333333,6.5,0,0,0,0,0,0,2,0,0,0,0,0,0,1,2,6161007,0,2601,"less_hs",1213.36111111111,"hs",2304,"some_college","less"
6161031,"black",0.5,0,0,51,34.8333333333333,29,3,2,1,14,11.3333333333333,6.5,0,0,0,0,0,0,2,0,0,0,0,0,0,1,2,6161031,0,2601,"less_hs",1213.36111111111,"hs",841,"some_college","less"
6165030,"black",0,0,1,42.5,35.6666666666667,44,2,2,1,12,12,6,0,26538.8516666667,0,1,0,0,13,0,0,1,16,0,0,1,13,6165030,0,1806.25,"less_hs",1272.11111111111,"hs",1936,"hs","less"
6165031,"black",0,0,1,42.5,35.6666666666667,42,2,2,1,12,12,6,50893.565,26538.8516666667,0,1,0,0,13,1,12,1,16,0,0,1,13,6165031,0,1806.25,"less_hs",1272.11111111111,"hs",1764,"hs","less"
6165032,"black",0,0,1,42.5,35.6666666666667,40,1,2,1,11,12,6,5181711.5,26538.8516666667,0,1,0,0,13,4,98,1,16,0,0,1,13,6165032,0,1806.25,"less_hs",1272.11111111111,"hs",1600,"less_hs","less"
6165033,"black",0,0,1,42.5,35.6666666666667,36,2,2,1,12,12,6,50893.565,26538.8516666667,0,1,0,0,13,1,12,1,16,0,0,1,13,6165033,0,1806.25,"less_hs",1272.11111111111,"hs",1296,"hs","less"
6165035,"black",0,0,1,42.5,29.5,35.5,3,5,1,14,16.5,6,136608.415,0,0,0,0,0,13,2,43,0,0,0,0,1,13,6165035,0,1806.25,"less_hs",870.25,"higher",1260.25,"some_college","less"
6165037,"black",0,0,1,42.5,29.5,29,3,5,1,15,16.5,6,0,0,0,0,0,0,13,0,0,0,0,0,0,1,13,6165037,0,1806.25,"less_hs",870.25,"higher",841,"some_college","less"
6165036,"black",0,0,0,42.5,28.5,34,2,2,1,12,12,6,0,0,0,1,0,0,13,0,0,0,0,0,0,1,13,6165036,0,1806.25,"less_hs",812.25,"hs",1156,"hs","less"
6166014,"black",0,0,0,47.5,39.5,48,3,1,1,14,11,9,33357.425,0,0,0,0,0,3,1,7,0,0,0,0,1,3,6166014,0,2256.25,"less_hs",1560.25,"less_hs",2304,"some_college","less"
6166046,"black",0,0,0,47.5,39.5,41,1,1,1,11,11,9,0,0,0,0,0,0,3,0,0,0,0,0,0,1,3,6166046,0,2256.25,"less_hs",1560.25,"less_hs",1681,"less_hs","less"
6166036,"black",0,0,1,47.5,37.5,45,3,2,1,13,12,9,0,0,0,1,0,0,3,0,0,0,0,0,0,1,3,6166036,0,2256.25,"less_hs",1406.25,"hs",2025,"some_college","less"
6166040,"black",0,0,0,47.5,37.5,41,2,2,1,12,12,9,10178711,0,0,1,0,0,3,4,100,0,0,0,0,1,3,6166040,0,2256.25,"less_hs",1406.25,"hs",1681,"hs","less"
6166041,"black",0,0,1,47.5,36,44,-Inf,2,1,0,12,9,9999999,0,0,0,0,0,3,4,100,0,0,0,0,1,3,6166041,0,2256.25,"less_hs",1296,"hs",1936,NA,"less"
6166045,"black",0,0,0,47.5,36,40,4,2,1,16,12,9,10178711,0,0,0,0,0,3,4,100,0,0,0,0,1,3,6166045,0,2256.25,"less_hs",1296,"hs",1600,"college","less"
6166044,"black",0,0,0,47.5,34.6666666666667,41.5,2,2,1,12,12,9,10000,7512.0955,0,1,0,0,3,1,2,1,3,0,0,1,3,6166044,0,2256.25,"less_hs",1201.77777777778,"hs",1722.25,"hs","less"
6166049,"black",0,0,1,47.5,34.6666666666667,40,2,2,1,12,12,9,20000,7512.0955,0,1,0,0,3,1,4,1,3,0,0,1,3,6166049,0,2256.25,"less_hs",1201.77777777778,"hs",1600,"hs","less"
6166038,"black",0,0,0,47.5,29,43,1,2,1,11,12,9,0,0,0,1,0,0,3,0,0,0,0,0,0,1,3,6166038,0,2256.25,"less_hs",841,"hs",1849,"less_hs","less"
6166042,"black",0,0,0,47.5,29,40.5,1,2,1,11,12,9,0,0,0,0,0,0,3,0,0,0,0,0,0,1,3,6166042,0,2256.25,"less_hs",841,"hs",1640.25,"less_hs","less"
6166050,"black",0,0,0,47.5,29,39,1,2,1,11,12,9,0,0,0,1,0,0,3,0,0,0,0,0,0,1,3,6166050,0,2256.25,"less_hs",841,"hs",1521,"less_hs","less"
6166051,"black",0,0,0,47.5,29,38,2,2,1,12,12,9,0,0,0,0,0,0,3,0,0,0,0,0,0,1,3,6166051,0,2256.25,"less_hs",841,"hs",1444,"hs","less"
6170004,"black",0,1,1,60.5,42.5,51,2,1,1,12,11,8,172502,176263.925,34287.011091954,1,0,0,1,3,54,4,80,1,16,1,1,6170004,0,3660.25,"less_hs",1806.25,"less_hs",2601,"hs","less"
6170005,"black",0,1,0,60.5,42.5,50,4,1,1,16,11,8,254467.8,176263.925,34287.011091954,0,0,0,1,3,73,4,80,1,16,1,1,6170005,0,3660.25,"less_hs",1806.25,"less_hs",2500,"college","less"
6170006,"black",0,1,1,60.5,42.5,48,2,1,1,12,11,8,296967.8,176263.925,34287.011091954,0,0,0,1,4,79,4,80,1,16,1,1,6170006,0,3660.25,"less_hs",1806.25,"less_hs",2304,"hs","less"
6170030,"black",0,1,1,60.5,42.5,47,2,1,1,12,11,8,0,176263.925,34287.011091954,0,0,0,1,0,0,4,80,1,16,1,1,6170030,0,3660.25,"less_hs",1806.25,"less_hs",2209,"hs","less"
6172034,"black",0.5,0,1,42,31.6666666666667,35,2,3,1,12,14,4.5,41429.7,0,0,1,0,0,1,1,9,0,0,0,0,1,1,6172034,0,1764,"less_hs",1002.77777777778,"some_college",1225,"hs","less"
6179032,"black",0.5,1,0,28.25,26.6,33.5,5,3,2.5,17,13,13,0,74392.46,0,1,0,0,1,0,0,2,42,0,0,1,1,6179032,0,798.0625,NA,707.56,"some_college",1122.25,"higher","more"
6179033,"black",0.5,1,0,28.25,26.6,32,5,3,2.5,16.5,13,13,0,74392.46,0,0,0,0,1,0,0,2,42,0,0,1,1,6179033,0,798.0625,NA,707.56,"some_college",1024,"higher","more"
6179034,"black",0.5,1,1,28.25,26.6,29,3,3,2.5,15,13,13,0,74392.46,0,0,0,0,1,0,0,2,42,0,0,1,1,6179034,0,798.0625,NA,707.56,"some_college",841,"some_college","more"
6187031,"black",0.5,0,0,41,39.5,36,1,4,1,11,16,6,127233.9,17624.2046666667,41508.8607471265,1,0,0,3,2,40,1,11,1,20,1,3,6187031,0,1681,"less_hs",1560.25,"college",1296,"less_hs","less"
6187030,"black",0.5,1,1,41,36.5,41.5,4,4,1,16,16,6,193216.85,53849.305,41508.8607471265,0,0,0,3,3,60,2,30,1,20,1,3,6187030,0,1681,"less_hs",1332.25,"college",1722.25,"college","less"
6187036,"black",0.5,1,1,41,36.5,31,1,4,1,10,16,6,40714.85,53849.305,41508.8607471265,0,0,0,3,1,9,2,30,1,20,1,3,6187036,0,1681,"less_hs",1332.25,"college",961,"less_hs","less"
6187033,"black",0.5,0,0,41,25.5,36,4,2,1,15.5,12,6,5178711.5,24754.747,41508.8607471265,0,0,0,3,4,98,1,15,1,20,1,3,6187033,0,1681,"less_hs",650.25,"hs",1296,"college","less"
6187034,"black",0.5,0,0,41,25.5,32,3,2,1,15,12,6,0,24754.747,41508.8607471265,1,0,0,3,0,0,1,15,1,20,1,3,6187034,0,1681,"less_hs",650.25,"hs",1024,"some_college","less"
6187035,"black",0.5,0,1,41,25.5,31.5,3,2,1,15,12,6,111787.15,24754.747,41508.8607471265,0,0,0,3,2,34,1,15,1,20,1,3,6187035,0,1681,"less_hs",650.25,"hs",992.25,"some_college","less"
6187037,"black",0.5,0,0,41,25.5,30.5,3,2,1,14,12,6,66000,24754.747,41508.8607471265,0,0,0,3,1,16,1,15,1,20,1,3,6187037,0,1681,"less_hs",650.25,"hs",930.25,"some_college","less"
6187038,"black",0.5,0,0,41,25.5,28,3,2,1,14,12,6,0,0,41508.8607471265,0,0,0,3,0,0,0,0,1,20,1,3,6187038,0,1681,"less_hs",650.25,"hs",784,"some_college","less"
6187039,"black",0.5,0,1,41,25.5,28,4,2,1,16,12,6,0,0,41508.8607471265,0,0,0,3,0,0,0,0,1,20,1,3,6187039,0,1681,"less_hs",650.25,"hs",784,"college","less"
6187040,"black",0.5,0,0,41,25.5,26,4,2,1,15.5,12,6,25000,0,41508.8607471265,1,0,0,3,1,5,0,0,1,20,1,3,6187040,0,1681,"less_hs",650.25,"hs",676,"college","less"
6200034,"black",0.5,0,0,34,27,29,5,2,1.5,17,12,9.5,269467.8,69882.024,49670.6075287357,0,0,0,1,4,76,2,39,2,26,1,1,6200034,0,1156,NA,729,"hs",841,"higher","more"
6200031,"black",0.5,0,0,34,26.3333333333333,38,5,2,1.5,17,12,9.5,142323.25,0,49670.6075287357,0,0,0,1,2,44,0,0,2,26,1,1,6200031,0,1156,NA,693.444444444444,"hs",1444,"higher","more"
6204030,"black",0.5,0,0,40,27,31,5,5,1,17,15.8,6.5,96787.15,0,0,0,0,0,3,2,29,0,0,0,0,1,3,6204030,0,1600,"less_hs",729,"higher",961,"higher","less"
6205034,"black",0.5,0,1,39.5,27.5,32,2,4,1,12,16,7.5,0,15520.12,0,0,0,0,3,0,0,1,9,0,0,1,3,6205034,0,1560.25,"less_hs",756.25,"college",1024,"hs","less"
6210030,"black",0.5,0,0,44.5,33.5,39,3,1,-Inf,13,11,8,0,0,24456.4678103449,1,0,0,3,0,0,0,0,1,9,1,3,6210030,0,1980.25,NA,1122.25,"less_hs",1521,"some_college","more"
6210035,"black",0.5,1,0,44.5,28,29,4,2,-Inf,16,12,8,122144.55,0,24456.4678103449,0,0,0,3,2,37,0,0,1,9,1,3,6210035,0,1980.25,NA,784,"hs",841,"college","more"
6216030,"black",0.5,0,0,47,27,29,4,3,1.5,16,13.2,8.5,0,9087.93,90906.1284482758,0,0,0,3,0,0,1,4,2,47,1,3,6216030,0,2209,NA,729,"some_college",841,"college","more"
6217033,"black",0,0,0,37.5,35.5,33,4,4,-Inf,16,15.5,0,0,0,0,0,0,0,2,0,0,0,0,0,0,1,2,6217033,0,1406.25,NA,1260.25,"college",1089,"college","more"
6217034,"black",0,0,0,37.5,35.5,30.5,3,4,-Inf,15,15.5,0,573669.55,0,0,1,0,0,2,4,95,0,0,0,0,1,2,6217034,0,1406.25,NA,1260.25,"college",930.25,"some_college","more"
6217031,"black",0,1,0,37.5,29.6666666666667,35,3,3,-Inf,14,13,0,0,18254.2166666667,0,0,0,0,2,0,0,1,12,0,0,1,2,6217031,0,1406.25,NA,880.111111111111,"some_college",1225,"some_college","more"
6217032,"black",0,1,1,37.5,29.6666666666667,34,2,3,-Inf,12,13,0,0,18254.2166666667,0,1,0,0,2,0,0,1,12,0,0,1,2,6217032,0,1406.25,NA,880.111111111111,"some_college",1156,"hs","more"
6217035,"black",0,1,1,37.5,29.6666666666667,30.5,3,3,-Inf,14.5,13,0,0,18254.2166666667,0,0,0,0,2,0,0,1,12,0,0,1,2,6217035,0,1406.25,NA,880.111111111111,"some_college",930.25,"some_college","more"
6217036,"black",0,1,1,37.5,29.6666666666667,27,2,3,-Inf,12,13,0,0,18254.2166666667,0,1,0,0,2,0,0,1,12,0,0,1,2,6217036,0,1406.25,NA,880.111111111111,"some_college",729,"hs","more"
6228012,"black",0.5,0,0,52.5,36.5,48,2,1,-Inf,12,11,3,0,0,61898.842183908,1,0,0,7,0,0,0,0,2,33,1,7,6228012,0,2756.25,NA,1332.25,"less_hs",2304,"hs","more"
6228030,"black",0.5,0,0,52.5,36.5,47,3,1,-Inf,15,11,3,0,0,61898.842183908,1,0,0,7,0,0,0,0,2,33,1,7,6228030,0,2756.25,NA,1332.25,"less_hs",2209,"some_college","more"
6228034,"black",0,0,0,32.5,25,38,3,2,-Inf,13,12,NA,0,0,61898.842183908,1,0,0,7,0,0,0,0,2,33,1,7,6228034,0,1056.25,NA,625,"hs",1444,"some_college","more"
6229006,"black",0,0,1,38.5,40.1666666666667,51.5,2,2,1,12,11.6666666666667,11,0,0,0,1,0,0,7,0,0,0,0,0,0,1,7,6229006,0,1482.25,"less_hs",1613.36111111111,"hs",2652.25,"hs","less"
6231035,"black",0.5,1,0,34,25.5,35,5,2,1,17,12,9,179145.35,0,24092.0178735632,0,0,0,1,3,56,0,0,1,8,1,1,6231035,0,1156,"less_hs",650.25,"hs",1225,"higher","less"
6231037,"black",0.5,1,1,34,25.5,33,3,2,1,15,12,9,0,0,24092.0178735632,0,0,0,1,0,0,0,0,1,8,1,1,6231037,0,1156,"less_hs",650.25,"hs",1089,"some_college","less"
6231031,"black",0.5,0,0,34,32.5,42,3,2,1,14,11.6666666666667,9,0,0,24092.0178735632,0,0,0,1,0,0,0,0,1,8,1,1,6231031,0,1156,"less_hs",1056.25,"hs",1764,"some_college","less"
6231036,"black",0.5,0,0,34,32.5,32,3,2,1,14,11.6666666666667,9,0,0,24092.0178735632,0,0,0,1,0,0,0,0,1,8,1,1,6231036,0,1156,"less_hs",1056.25,"hs",1024,"some_college","less"
6232008,"black",0,0,0,60.5,60.8333333333333,58,1,1,1,11,10.8333333333333,9,45714.85,0,0,0,0,0,1,1,11,0,0,0,0,1,1,6232008,0,3660.25,"less_hs",3700.69444444444,"less_hs",3364,"less_hs","less"
6232009,"black",0,0,0,60.5,60.8333333333333,56,2,1,1,12,10.8333333333333,9,49715.64,0,0,1,0,0,1,1,11,0,0,0,0,1,1,6232009,0,3660.25,"less_hs",3700.69444444444,"less_hs",3136,"hs","less"
6232030,"black",0,0,0,41.5,29.5,44,2,1,1,12,10.8333333333333,9,0,0,0,1,0,0,1,0,0,0,0,0,0,1,1,6232030,0,1722.25,"less_hs",870.25,"less_hs",1936,"hs","less"
6232034,"black",0,0,0,41.5,29.5,41,1,1,1,11,10.8333333333333,9,20714.85,0,0,1,0,0,1,1,4,0,0,0,0,1,1,6232034,0,1722.25,"less_hs",870.25,"less_hs",1681,"less_hs","less"
6232037,"black",0,0,1,41.5,29.5,43,2,1,1,12,10.8333333333333,9,51787.15,0,0,0,0,0,1,1,13,0,0,0,0,1,1,6232037,0,1722.25,"less_hs",870.25,"less_hs",1849,"hs","less"
6232039,"black",0,0,1,41.5,29.5,30,-Inf,1,1,0,10.8333333333333,9,0,0,0,1,0,0,1,0,0,0,0,0,0,1,1,6232039,0,1722.25,"less_hs",870.25,"less_hs",900,NA,"less"
6232032,"black",0,0,0,41.5,28.5,41.5,2,2,1,12,10.8333333333333,9,0,0,0,0,0,0,1,0,0,0,0,0,0,1,1,6232032,0,1722.25,"less_hs",812.25,"hs",1722.25,"hs","less"
6233030,"black",0.5,0,1,41,36.5,44,3,2,1,13,12,6.5,238003.15,102130.958333333,0,0,0,0,1,3,70,3,56,0,0,1,1,6233030,0,1681,"less_hs",1332.25,"hs",1936,"some_college","less"
6233034,"black",0.5,0,0,41,27,35,4,2,1,16,12,6.5,0,81751.806,0,0,0,0,1,0,0,2,46,0,0,1,1,6233034,0,1681,"less_hs",729,"hs",1225,"college","less"
6243030,"black",0,0,0,51.5,32.5,36,4,2,1,16,12,9,0,90762.8533333333,0,0,0,0,4,0,0,2,50,0,0,1,4,6243030,0,2652.25,"less_hs",1056.25,"hs",1296,"college","less"
6262036,"black",0.5,1,1,37.75,32.5,27,5,3,1.5,17,14,10,0,0,0,0,0,0,3,0,0,0,0,0,0,1,3,6262036,0,1425.0625,NA,1056.25,"some_college",729,"higher","more"
6262032,"black",0.5,1,1,37.75,32.5,36,3,3,1.5,13,12.3333333333333,10,0,0,0,0,0,0,3,0,0,0,0,0,0,1,3,6262032,0,1425.0625,NA,1056.25,"some_college",1296,"some_college","more"
6262033,"black",0.5,1,0,37.75,32.5,33,5,3,1.5,17,12.3333333333333,10,165091.35,0,0,0,0,0,3,3,51,0,0,0,0,1,3,6262033,0,1425.0625,NA,1056.25,"some_college",1089,"higher","more"
6262034,"black",0.5,1,1,37.75,32.5,31,4,3,1.5,16,12.3333333333333,10,95000,0,0,0,0,0,3,2,28,0,0,0,0,1,3,6262034,0,1425.0625,NA,1056.25,"some_college",961,"college","more"
6272030,"black",0,0,1,44.5,26,36,3,3,1,13,14,8,0,17970.8766666667,0,0,0,0,1,0,0,1,12,0,0,1,1,6272030,0,1980.25,"less_hs",676,"some_college",1296,"some_college","less"
6275030,"black",0.5,0,0,37.5,26,36,-Inf,2,2.5,0,12,13,100287.15,0,50283.4585632184,0,0,0,1,2,31,0,0,2,26,1,1,6275030,0,1406.25,NA,676,"hs",1296,NA,"more"
6287033,"black",0.5,0,0,34.5,29.5,43,1,1,1,9,9.33333333333333,9,0,0,0,0,0,0,2,0,0,0,0,0,0,1,2,6287033,0,1190.25,"less_hs",870.25,"less_hs",1849,"less_hs","less"
6287037,"black",0.5,0,0,34.5,29.5,35.5,3,1,1,13,9.33333333333333,9,5178711.5,0,0,0,0,0,2,4,98,0,0,0,0,1,2,6287037,0,1190.25,"less_hs",870.25,"less_hs",1260.25,"some_college","less"
6287041,"black",0.5,0,0,34.5,29.5,31,2,1,1,12,9.33333333333333,9,0,0,0,0,0,0,2,0,0,0,0,0,0,1,2,6287041,0,1190.25,"less_hs",870.25,"less_hs",961,"hs","less"
6287032,"black",0.5,0,0,34.5,27.5,41,2,2,1,12,10.6666666666667,9,0,0,0,0,0,0,2,0,0,0,0,0,0,1,2,6287032,0,1190.25,"less_hs",756.25,"hs",1681,"hs","less"
6287039,"black",0.5,0,0,34.5,27.5,35,1,2,1,9,10.6666666666667,9,0,0,0,1,0,0,2,0,0,0,0,0,0,1,2,6287039,0,1190.25,"less_hs",756.25,"hs",1225,"less_hs","less"
6287040,"black",0.5,0,0,34.5,27.5,32,3,2,1,14,10.6666666666667,9,25893.565,0,0,0,0,0,2,1,5,0,0,0,0,1,2,6287040,0,1190.25,"less_hs",756.25,"hs",1024,"some_college","less"
6305034,"black",0.5,0,1,35,26,30,1,3,1.5,11,13,10.5,63661.63,0,0,0,0,0,4,1,16,0,0,0,0,1,4,6305034,0,1225,NA,676,"some_college",900,"less_hs","more"
6335030,"black",0.5,0,0,32.5,29.6666666666667,41.5,1,2,1,11,12,6,0,0,45057.445,0,0,0,2,0,0,0,0,1,23,1,2,6335030,0,1056.25,"less_hs",880.111111111111,"hs",1722.25,"less_hs","less"
6335032,"black",0.5,0,0,32.5,29.6666666666667,31,3,2,1,15,12,6,0,0,45057.445,0,0,0,2,0,0,0,0,1,23,1,2,6335032,0,1056.25,"less_hs",880.111111111111,"hs",961,"some_college","less"
6335033,"black",0.5,0,0,32.5,29.6666666666667,30,2,2,1,12,12,6,0,0,45057.445,0,0,0,2,0,0,0,0,1,23,1,2,6335033,0,1056.25,"less_hs",880.111111111111,"hs",900,"hs","less"
6335034,"black",0.5,0,0,32.5,29.6666666666667,30,2,2,1,12,12,6,0,0,45057.445,1,0,0,2,0,0,0,0,1,23,1,2,6335034,0,1056.25,"less_hs",880.111111111111,"hs",900,"hs","less"
6335031,"black",0.5,0,0,32.5,27,35.5,3,2,1,14,12,6,0,0,45057.445,1,0,0,2,0,0,0,0,1,23,1,2,6335031,0,1056.25,"less_hs",729,"hs",1260.25,"some_college","less"
6350033,"black",0.5,0,1,38.5,32.5,28,4,4,1.5,16,16,10,5378712,153198.061666667,0,1,0,0,1,4,100,3,75,0,0,1,1,6350033,0,1482.25,NA,1056.25,"college",784,"college","more"
6350034,"black",0.5,1,1,38.5,27.5,28,2,2,1.5,12,2,10,142323.25,183640.483333333,0,0,0,0,1,2,44,4,82,0,0,1,1,6350034,0,1482.25,NA,756.25,"hs",784,"hs","more"
6357030,"black",0.5,0,1,30.5,32.5,44,2,3,1.5,12,12.3333333333333,11.5,0,59213.2,85626.4086206896,0,0,0,1,0,0,2,33,2,44,1,1,6357030,0,930.25,NA,1056.25,"some_college",1936,"hs","more"
6357031,"black",0.5,0,0,30.5,32.5,41,2,3,1.5,12,12.3333333333333,11.5,0,59213.2,85626.4086206896,0,0,0,1,0,0,2,33,2,44,1,1,6357031,0,930.25,NA,1056.25,"some_college",1681,"hs","more"
6357032,"black",0.5,0,1,30.5,32.5,35,-Inf,3,1.5,0,12.3333333333333,11.5,0,59213.2,85626.4086206896,0,0,0,1,0,0,2,33,2,44,1,1,6357032,0,930.25,NA,1056.25,"some_college",1225,NA,"more"
6357034,"black",0.5,0,0,30.5,32.5,31,1,3,1.5,9,12.3333333333333,11.5,177680.7,59213.2,85626.4086206896,0,0,0,1,3,55,2,33,2,44,1,1,6357034,0,930.25,NA,1056.25,"some_college",961,"less_hs","more"
6358033,"black",0.5,0,0,38.5,36.5,44,5,3,1.5,17,13.6666666666667,11.5,0,0,109536.198275862,0,0,0,1,0,0,0,0,3,59,1,1,6358033,0,1482.25,NA,1332.25,"some_college",1936,"higher","more"
6358034,"black",0.5,0,0,38.5,36.5,42,3,3,1.5,13,13.6666666666667,11.5,0,0,109536.198275862,0,0,0,1,0,0,0,0,3,59,1,1,6358034,0,1482.25,NA,1332.25,"some_college",1764,"some_college","more"
6358037,"black",0.5,0,1,38.5,36.5,31,5,3,1.5,16.5,13.6666666666667,11.5,120000,0,109536.198275862,0,0,0,1,2,37,0,0,3,59,1,1,6358037,0,1482.25,NA,1332.25,"some_college",961,"higher","more"
6358035,"black",0.5,0,1,38.5,29.6666666666667,38,2,2,1.5,12,12,11.5,0,84352.65,109536.198275862,0,0,0,1,0,0,2,47,3,59,1,1,6358035,0,1482.25,NA,880.111111111111,"hs",1444,"hs","more"
6358038,"black",0.5,0,0,38.5,29.6666666666667,31,5,2,1.5,17,12,11.5,144733.9,84352.65,109536.198275862,1,0,0,1,2,45,2,47,3,59,1,1,6358038,0,1482.25,NA,880.111111111111,"hs",961,"higher","more"
6365036,"black",0.5,0,1,43.5,27,37.5,1,1,1,10,10,4,7401.9055,0,0,0,0,0,1,1,2,0,0,0,0,1,1,6365036,0,1892.25,"less_hs",729,"less_hs",1406.25,"less_hs","less"
6365034,"black",0.5,0,0,43.5,26,39,3,1,1,14,9,4,0,10782.5266666667,0,0,0,0,1,0,0,1,5,0,0,1,1,6365034,0,1892.25,"less_hs",676,"less_hs",1521,"some_college","less"
6365044,"black",0.5,0,1,43.5,26,29,2,1,1,6,9,4,0,10782.5266666667,0,0,0,0,1,0,0,1,5,0,0,1,1,6365044,0,1892.25,"less_hs",676,"less_hs",841,"hs","less"
6367031,"black",0,0,0,40.5,33.6666666666667,46,4,3,1,16,14.8333333333333,11,0,0,53099.309137931,0,0,0,15,0,0,0,0,2,28,1,15,6367031,0,1640.25,"less_hs",1133.44444444444,"some_college",2116,"college","less"
6367033,"black",0,0,0,40.5,29.5,34.5,3,3,1,13,12.8333333333333,11,0,0,53099.309137931,1,0,0,15,0,0,0,0,2,28,1,15,6367033,0,1640.25,"less_hs",870.25,"some_college",1190.25,"some_college","less"
6370030,"black",0,0,1,36.5,35.5,47,2,1,1,12,10.8333333333333,11,0,0,0,0,0,0,5,0,0,0,0,0,0,1,5,6370030,0,1332.25,"less_hs",1260.25,"less_hs",2209,"hs","less"
6370032,"black",0,0,0,36.5,35.5,47,3,1,1,15,10.8333333333333,11,0,0,0,0,0,0,5,0,0,0,0,0,0,1,5,6370032,0,1332.25,"less_hs",1260.25,"less_hs",2209,"some_college","less"
6370033,"black",0,0,0,36.5,35.5,43,3,1,1,13,10.8333333333333,11,0,0,0,0,0,0,5,0,0,0,0,0,0,1,5,6370033,0,1332.25,"less_hs",1260.25,"less_hs",1849,"some_college","less"
6370035,"black",0,0,0,36.5,35.5,36,3,1,1,14,10.8333333333333,11,0,0,0,0,0,0,5,0,0,0,0,0,0,1,5,6370035,0,1332.25,"less_hs",1260.25,"less_hs",1296,"some_college","less"
6370031,"black",0,0,0,36.5,28.5,41.5,3,1,1,14,11,11,78840.345,0,0,0,0,0,5,1,21,0,0,0,0,1,5,6370031,0,1332.25,"less_hs",812.25,"less_hs",1722.25,"some_college","less"
6370036,"black",0,1,1,36.5,27.5,29,3,2,1,14,12,11,0,0,0,1,0,0,5,0,0,0,0,0,0,1,5,6370036,0,1332.25,"less_hs",756.25,"hs",841,"some_college","less"
6370172,"black",0,0,0,36.5,26,35,3,1,1,13,10,11,0,0,0,1,0,0,5,0,0,0,0,0,0,1,5,6370172,0,1332.25,"less_hs",676,"less_hs",1225,"some_college","less"
6375030,"black",0,0,0,59.5,37.5,45,4,3,1,16,13.6666666666667,6,203931.7,208418.266666667,0,0,0,0,3,3,64,4,86,0,0,1,3,6375030,0,3540.25,"less_hs",1406.25,"some_college",2025,"college","less"
6375031,"black",0,0,1,59.5,37.5,34.5,3,3,1,13,13.6666666666667,6,0,208418.266666667,0,0,0,0,3,0,0,4,86,0,0,1,3,6375031,0,3540.25,"less_hs",1406.25,"some_college",1190.25,"some_college","less"
6376032,"black",0.5,0,1,33,27.5,37,3,3,1,14.5,14,8,137500,7859.44833333333,0,0,0,0,3,2,43,1,3,0,0,1,3,6376032,0,1089,"less_hs",756.25,"some_college",1369,"some_college","less"
6376034,"black",0.5,1,0,33,27,27.5,3,2,1,12.5,12,8,129467.8,57168.164,0,0,0,0,3,2,41,2,32,0,0,1,3,6376034,0,1089,"less_hs",729,"hs",756.25,"some_college","less"
6377036,"black",0,0,0,28.5,25,30,3,2,1,14,12,11,0,0,0,0,0,0,1,0,0,0,0,0,0,1,1,6377036,0,812.25,"less_hs",625,"hs",900,"some_college","less"
6377037,"black",0,0,1,28.5,25,28,3,2,1,15,12,11,144733.9,0,0,0,0,0,1,2,45,0,0,0,0,1,1,6377037,0,812.25,"less_hs",625,"hs",784,"some_college","less"
6381031,"black",0.666666666666667,0,0,34,26.2,36.5,3,2,-Inf,14,12,10,0,0,0,1,0,0,2,0,0,0,0,0,0,1,2,6381031,0,1156,NA,686.44,"hs",1332.25,"some_college","more"
6381178,"black",0.666666666666667,1,1,34,26,31,3,3,-Inf,14.5,13,10,348222.75,167809.466666667,0,0,0,0,2,4,85,4,79,0,0,1,2,6381178,0,1156,NA,676,"some_college",961,"some_college","more"
6409030,"black",0.5,0,1,41,34.5,41,-Inf,1,1,0,9.83333333333333,4.5,0,120907.108333333,0,1,0,0,1,0,0,3,64,0,0,1,1,6409030,0,1681,"less_hs",1190.25,"less_hs",1681,NA,"less"
6409031,"black",0.5,0,0,41,34.5,38.5,2,1,1,12,9.83333333333333,4.5,0,120907.108333333,0,0,0,0,1,0,0,3,64,0,0,1,1,6409031,0,1681,"less_hs",1190.25,"less_hs",1482.25,"hs","less"
6409032,"black",0.5,0,1,41,34.5,42.5,2,1,1,12,9.83333333333333,4.5,0,120907.108333333,0,1,0,0,1,0,0,3,64,0,0,1,1,6409032,0,1681,"less_hs",1190.25,"less_hs",1806.25,"hs","less"
6409035,"black",0.5,0,1,41,34.5,34.5,-Inf,1,1,0,9.83333333333333,4.5,0,120907.108333333,0,0,0,0,1,0,0,3,64,0,0,1,1,6409035,0,1681,"less_hs",1190.25,"less_hs",1190.25,NA,"less"
6409036,"black",0.5,0,1,41,34.5,33.5,-Inf,1,1,0,9.83333333333333,4.5,0,120907.108333333,0,0,0,0,1,0,0,3,64,0,0,1,1,6409036,0,1681,"less_hs",1190.25,"less_hs",1122.25,NA,"less"
6409033,"black",0.5,1,1,41,36.6666666666667,46.5,-Inf,2,1,0,12,4.5,0,104407.066666667,0,1,0,0,1,0,0,3,57,0,0,1,1,6409033,0,1681,"less_hs",1344.44444444444,"hs",2162.25,NA,"less"
6411032,"black",0.5,0,0,41.5,26.5,33,2,3,2,12,12.5,12.5,0,47629.05,0,1,0,0,1,0,0,2,27,0,0,1,1,6411032,0,1722.25,"hs",702.25,"some_college",1089,"hs","less"
6411034,"black",0.5,0,1,41.5,26.5,26.5,1,3,2,8,12.5,12.5,0,47629.05,0,0,0,0,1,0,0,2,27,0,0,1,1,6411034,0,1722.25,"hs",702.25,"some_college",702.25,"less_hs","less"
6413033,"black",0.5,1,0,45.5,40.5,38,3,2,1,14,12,8.5,0,119536.818333333,33375.885,0,0,0,3,0,0,3,63,1,15,1,3,6413033,0,2070.25,"less_hs",1640.25,"hs",1444,"some_college","less"
6413035,"black",0.5,1,0,45.5,40.5,47,2,2,1,12,12,8.5,0,119536.818333333,33375.885,0,0,0,3,0,0,3,63,1,15,1,3,6413035,0,2070.25,"less_hs",1640.25,"hs",2209,"hs","less"
6413171,"black",0.5,1,0,45.5,40.5,48,4,2,1,16,12,8.5,178127.45,119536.818333333,33375.885,0,0,0,3,3,56,3,63,1,15,1,3,6413171,0,2070.25,"less_hs",1640.25,"hs",2304,"college","less"
6413036,"black",0.5,0,1,45.5,29.5,29,3,2,1,14,12,8.5,71250.99,0,33375.885,0,0,0,3,1,19,0,0,1,15,1,3,6413036,0,2070.25,"less_hs",870.25,"hs",841,"some_college","less"
6413037,"black",0.5,0,1,45.5,29.5,29,2,2,1,12,12,8.5,150000,0,33375.885,1,0,0,3,2,46,0,0,1,15,1,3,6413037,0,2070.25,"less_hs",870.25,"hs",841,"hs","less"
6413038,"black",0.5,0,1,45.5,25,27,4,3,1,16,13,8.5,125000,0,33375.885,0,0,0,3,2,39,0,0,1,15,1,3,6413038,0,2070.25,"less_hs",625,"some_college",729,"college","less"
6418033,"black",0.5,0,1,30,27.6666666666667,36,-Inf,2,1,0,11.1666666666667,10.5,88055.2,0,0,1,0,0,2,2,26,0,0,0,0,1,2,6418033,0,900,"less_hs",765.444444444444,"hs",1296,NA,"less"
6418035,"black",0.5,0,0,30,27.6666666666667,34,3,2,1,14,11.1666666666667,10.5,0,0,0,0,0,0,2,0,0,0,0,0,0,1,2,6418035,0,900,"less_hs",765.444444444444,"hs",1156,"some_college","less"
6418036,"black",0.5,0,1,30,27.6666666666667,29,2,2,1,12,11.1666666666667,10.5,88055.2,0,0,1,0,0,2,2,26,0,0,0,0,1,2,6418036,0,900,"less_hs",765.444444444444,"hs",841,"hs","less"
6434004,"black",0,0,0,60.5,50.3333333333333,48,5,2,1,17,11.8333333333333,9,123698.15,12723.399,24092.0178735632,0,0,0,2,2,38,1,6,1,8,1,2,6434004,0,3660.25,"less_hs",2533.44444444444,"hs",2304,"higher","less"
6436031,"black",0.5,0,0,47.5,33.5,43,1,1,1,10,8.16666666666667,5.5,0,0,0,1,0,0,4,0,0,0,0,0,0,1,4,6436031,0,2256.25,"less_hs",1122.25,"less_hs",1849,"less_hs","less"
6436033,"black",0.5,0,0,47.5,27,41,2,1,1,12,7.6,5.5,0,0,0,0,0,0,4,0,0,0,0,0,0,1,4,6436033,0,2256.25,"less_hs",729,"less_hs",1681,"hs","less"
6472003,"black",0,0,0,57.5,41.5,51,4,1,1,16,11,8,0,54984.15,137304.826551724,0,0,0,3,0,0,2,30,3,72,1,3,6472003,0,3306.25,"less_hs",1722.25,"less_hs",2601,"college","less"
6475034,"black",0.5,0,0,34.5,29.5,34.5,2,1,1,12,8.83333333333333,4,0,0,0,0,0,0,3,0,0,0,0,0,0,1,3,6475034,0,1190.25,"less_hs",870.25,"less_hs",1190.25,"hs","less"
6475170,"black",0.5,0,0,34.5,29.5,42,3,1,1,13.5,8.83333333333333,4,0,0,0,0,0,0,3,0,0,0,0,0,0,1,3,6475170,0,1190.25,"less_hs",870.25,"less_hs",1764,"some_college","less"
6475171,"black",0.5,0,0,34.5,29.5,39,2,1,1,12,8.83333333333333,4,0,0,0,0,0,0,3,0,0,0,0,0,0,1,3,6475171,0,1190.25,"less_hs",870.25,"less_hs",1521,"hs","less"
6475033,"black",0.5,0,0,34.5,26,37,2,1,1,12,10,4,0,0,0,0,0,0,3,0,0,0,0,0,0,1,3,6475033,0,1190.25,"less_hs",676,"less_hs",1369,"hs","less"
6476035,"black",0,1,1,31.5,27.5,31,3,3,-Inf,14,13.6666666666667,0,198000,24404.785,0,0,0,0,3,3,61,1,15,0,0,1,3,6476035,0,992.25,NA,756.25,"some_college",961,"some_college","more"
6478045,"black",1,1,1,46.5,35.5,31,3,3,1,13,12.8333333333333,8,0,150088.85,27885.1709195403,0,0,0,3,0,0,3,74,1,12,1,3,6478045,0,2162.25,"less_hs",1260.25,"some_college",961,"some_college","less"
6478030,"black",0.666666666666667,0,0,43,34.5,44.5,4,1,-Inf,16,9,8,0,0,21927.7039463602,0,0,0,3,0,0,0,0,1,7,1,3,6478030,0,1849,NA,1190.25,"less_hs",1980.25,"college","more"
6478038,"black",0.666666666666667,0,1,43,33.5,39,5,2,-Inf,17,12,8,142323.25,117678.216666667,21927.7039463602,0,0,0,3,2,44,3,63,1,7,1,3,6478038,0,1849,NA,1122.25,"hs",1521,"higher","more"
6478031,"black",0.666666666666667,0,0,43,32.1666666666667,28,4,3,-Inf,16,13,8,87036.93,0,21927.7039463602,0,0,0,3,1,25,0,0,1,7,1,3,6478031,0,1849,NA,1034.69444444444,"some_college",784,"college","more"
6478044,"black",0.666666666666667,1,0,43,31.5,32,4,2,-Inf,16,12,8,177680.7,136290.966666667,21927.7039463602,0,0,0,3,3,55,3,68,1,7,1,3,6478044,0,1849,NA,992.25,"hs",1024,"college","more"
6485033,"black",0.5,1,1,45.5,33.8333333333333,33,4,3,1,8,13.6666666666667,5.5,163162.8,101189.548333333,29979.5228735632,1,0,0,14,3,51,3,55,1,12,1,14,6485033,0,2070.25,"less_hs",1144.69444444444,"some_college",1089,"college","less"
6485036,"black",0.5,1,0,45.5,33.8333333333333,29,5,3,1,17,13.6666666666667,5.5,45000,101189.548333333,29979.5228735632,0,0,0,14,1,10,3,55,1,12,1,14,6485036,0,2070.25,"less_hs",1144.69444444444,"some_college",841,"higher","less"
6485030,"black",0.5,0,0,45.5,30.5,46,2,1,1,12,10.1666666666667,5.5,0,0,29979.5228735632,0,0,0,14,0,0,0,0,1,12,1,14,6485030,0,2070.25,"less_hs",930.25,"less_hs",2116,"hs","less"
6485031,"black",0.5,0,1,45.5,30.5,44,3,1,1,13,10.1666666666667,5.5,0,0,29979.5228735632,0,0,0,14,0,0,0,0,1,12,1,14,6485031,0,2070.25,"less_hs",930.25,"less_hs",1936,"some_college","less"
6485032,"black",0.5,0,1,45.5,30.5,42,2,1,1,12,10.1666666666667,5.5,0,0,29979.5228735632,0,0,0,14,0,0,0,0,1,12,1,14,6485032,0,2070.25,"less_hs",930.25,"less_hs",1764,"hs","less"
6485037,"black",0.5,0,0,45.5,27,28,2,3,1,12,15,5.5,0,0,29979.5228735632,0,0,0,14,0,0,0,0,1,12,1,14,6485037,0,2070.25,"less_hs",729,"some_college",784,"hs","less"
6485034,"black",0.5,0,0,45.5,26,32.5,3,2,1,14,12,5.5,0,0,29979.5228735632,0,0,0,14,0,0,0,0,1,12,1,14,6485034,0,2070.25,"less_hs",676,"hs",1056.25,"some_college","less"
6485174,"black",0.5,0,0,45.5,25.5,36,3,2,1,13,12,5.5,0,0,29979.5228735632,1,0,0,14,0,0,0,0,1,12,1,14,6485174,0,2070.25,"less_hs",650.25,"hs",1296,"some_college","less"
6494031,"black",0,0,0,55.5,39,43,3,1,1,13,8,6,0,25643.9716666667,0,1,0,0,3,0,0,1,16,0,0,1,3,6494031,0,3080.25,"less_hs",1521,"less_hs",1849,"some_college","less"
6499031,"black",0,0,0,41.5,33.1666666666667,42.5,2,3,1,12,12.5,5,0,42130.55,0,0,0,0,1,0,0,1,25,0,0,1,1,6499031,0,1722.25,"less_hs",1100.02777777778,"some_college",1806.25,"hs","less"
6499032,"black",0,0,0,41.5,33.1666666666667,38,2,3,1,12,12.5,5,0,42130.55,0,0,0,0,1,0,0,1,25,0,0,1,1,6499032,0,1722.25,"less_hs",1100.02777777778,"some_college",1444,"hs","less"
6499034,"black",0,0,1,41.5,33.1666666666667,30.5,2,3,1,6,12.5,5,0,42130.55,0,0,0,0,1,0,0,1,25,0,0,1,1,6499034,0,1722.25,"less_hs",1100.02777777778,"some_college",930.25,"hs","less"
6519030,"black",0.5,0,0,37,31.3333333333333,41.5,4,2,1.5,15.5,12,11,4999999,0,35567.3771264368,0,0,0,1,4,97,0,0,1,18,1,1,6519030,0,1369,NA,981.777777777778,"hs",1722.25,"college","more"
6519034,"black",0.5,0,0,37,31.3333333333333,34.5,3,2,1.5,14,12,11,90000,0,35567.3771264368,0,0,0,1,2,26,0,0,1,18,1,1,6519034,0,1369,NA,981.777777777778,"hs",1190.25,"some_college","more"
6519031,"black",0.5,0,0,37,30.5,41,3,2,1.5,14,12,11,215556.4,0,35567.3771264368,1,0,0,1,3,66,0,0,1,18,1,1,6519031,0,1369,NA,930.25,"hs",1681,"some_college","more"
6519033,"black",0.5,0,0,37,30.5,37,5,2,1.5,17,12,11,4e+05,0,35567.3771264368,0,0,0,1,4,89,0,0,1,18,1,1,6519033,0,1369,NA,930.25,"hs",1369,"higher","more"
6519035,"black",0.5,0,0,37,30.5,34,5,2,1.5,17,12,11,84000,0,35567.3771264368,0,0,0,1,1,24,0,0,1,18,1,1,6519035,0,1369,NA,930.25,"hs",1156,"higher","more"
6519036,"black",0.5,0,1,37,26,33,2,2,1.5,12,12,11,112500,0,35567.3771264368,1,0,0,1,2,35,0,0,1,18,1,1,6519036,0,1369,NA,676,"hs",1089,"hs","more"
6519037,"black",0.5,0,1,37,26,33.5,2,2,1.5,12,12,11,414297,0,35567.3771264368,1,0,0,1,4,90,0,0,1,18,1,1,6519037,0,1369,NA,676,"hs",1122.25,"hs","more"
6531030,"black",0.5,0,0,31,26.5,32,2,2,1.5,12,11.3333333333333,10.5,0,0,0,0,0,0,4,0,0,0,0,0,0,1,4,6531030,0,961,NA,702.25,"hs",1024,"hs","more"
6537031,"black",0,0,0,46.5,35.5,45,3,2,1,14,12,7,45000,0,0,0,0,0,1,1,10,0,0,0,0,1,1,6537031,0,2162.25,"less_hs",1260.25,"hs",2025,"some_college","less"
6537032,"black",0,0,0,46.5,35.5,42,2,2,1,12,12,7,0,0,0,0,0,0,1,0,0,0,0,0,0,1,1,6537032,0,2162.25,"less_hs",1260.25,"hs",1764,"hs","less"
6545030,"black",0.5,0,0,36,32.5,43,4,2,1.5,16,12,8.5,0,124029.833333333,17234.6146551724,0,0,0,3,0,0,3,65,1,4,1,3,6545030,0,1296,NA,1056.25,"hs",1849,"college","more"
6545035,"black",0.5,0,1,36,32.5,33,4,2,1.5,16,12,8.5,0,124029.833333333,17234.6146551724,0,0,0,3,0,0,3,65,1,4,1,3,6545035,0,1296,NA,1056.25,"hs",1089,"college","more"
6545031,"black",0.5,0,1,36,27.2,40,2,3,1.5,12,14,8.5,70714.85,31354.206,17234.6146551724,1,0,0,3,1,18,1,20,1,4,1,3,6545031,0,1296,NA,739.84,"some_college",1600,"hs","more"
6545033,"black",0.5,0,1,36,27.2,39,2,3,1.5,12,14,8.5,250000,31354.206,17234.6146551724,0,0,0,3,3,72,1,20,1,4,1,3,6545033,0,1296,NA,739.84,"some_college",1521,"hs","more"
6545039,"black",0.5,0,0,36,27.2,26,3,3,1.5,13,14,8.5,176076.2,31354.206,17234.6146551724,0,0,0,3,3,55,1,20,1,4,1,3,6545039,0,1296,NA,739.84,"some_college",676,"some_college","more"
6545034,"black",0.5,0,0,36,25,36.5,3,2,1.5,15,12,8.5,0,0,17234.6146551724,0,0,0,3,0,0,0,0,1,4,1,3,6545034,0,1296,NA,625,"hs",1332.25,"some_college","more"
6545036,"black",0.5,0,0,36,25,33,3,2,1.5,13,12,8.5,0,0,17234.6146551724,0,0,0,3,0,0,0,0,1,4,1,3,6545036,0,1296,NA,625,"hs",1089,"some_college","more"
6545037,"black",0.5,0,1,36,26,31,3,2,1.5,13,12,8.5,85448.75,0,17234.6146551724,0,0,0,3,1,25,0,0,1,4,1,3,6545037,0,1296,NA,676,"hs",961,"some_college","more"
6547030,"black",0.5,0,0,45.5,34.3333333333333,45,4,2,1,16,12,7.5,0,128673.633333333,17234.6146551724,0,0,0,3,0,0,3,67,1,4,1,3,6547030,0,2070.25,"less_hs",1178.77777777778,"hs",2025,"college","less"
6553004,"black",0.5,0,0,47.5,39.5,52,4,1,1,16,9.83333333333333,6.5,185252.55,22700.5733333333,73369.4029310345,0,0,0,3,3,58,1,14,2,39,1,3,6553004,0,2256.25,"less_hs",1560.25,"less_hs",2704,"college","less"
6560033,"black",0.5,0,0,49,30.4,29.5,3,2,1,14.5,12,6.5,5216211.5,0,0,0,0,0,3,4,99,0,0,0,0,1,3,6560033,0,2401,"less_hs",924.16,"hs",870.25,"some_college","less"
6560178,"black",0.5,0,0,49,30.4,35.5,5,2,1,17,12,6.5,0,0,0,0,0,0,3,0,0,0,0,0,0,1,3,6560178,0,2401,"less_hs",924.16,"hs",1260.25,"higher","less"
6575032,"black",0.5,1,1,51,26.8,28.5,5,2,1,16,12,6,269307.35,18214.052,41946.887816092,0,0,0,3,3,75,1,12,1,21,1,3,6575032,0,2601,"less_hs",718.24,"hs",812.25,"higher","less"
6577032,"black",0.5,1,0,38,35,40.5,3,3,1,14,14,8,0,53623.6,0,0,0,0,3,0,0,2,30,0,0,1,3,6577032,0,1444,"less_hs",1225,"some_college",1640.25,"some_college","less"
6577036,"black",0.5,1,0,38,35,37.5,3,3,1,13,14,8,0,53623.6,0,1,0,0,3,0,0,2,30,0,0,1,3,6577036,0,1444,"less_hs",1225,"some_college",1406.25,"some_college","less"
6577031,"black",0.5,0,0,38,33.5,42,2,2,1,12,12,8,9999998,0,0,1,0,0,3,4,100,0,0,0,0,1,3,6577031,0,1444,"less_hs",1122.25,"hs",1764,"hs","less"
6577035,"black",0.5,0,0,38,30.5,41,2,2,1,12,12,8,0,0,0,1,0,0,3,0,0,0,0,0,0,1,3,6577035,0,1444,"less_hs",930.25,"hs",1681,"hs","less"
6577038,"black",0.5,0,0,38,30.5,30,3,2,1,14,12,8,0,0,0,1,0,0,3,0,0,0,0,0,0,1,3,6577038,0,1444,"less_hs",930.25,"hs",900,"some_college","less"
6577037,"black",0.5,1,0,38,27.5,34,4,2,1,16,12,8,5253712,85756.2483333333,0,0,0,0,3,4,99,2,48,0,0,1,3,6577037,0,1444,"less_hs",756.25,"hs",1156,"college","less"
6583039,"black",1,0,1,52.5,39.5,36,2,2,1,12,12,3,0,0,0,0,0,0,3,0,0,0,0,0,0,1,3,6583039,0,2756.25,"less_hs",1560.25,"hs",1296,"hs","less"
6583036,"black",1,1,0,52.5,42.5,38,2,1,1,12,9.83333333333333,3,0,0,0,1,0,0,3,0,0,0,0,0,0,1,3,6583036,0,2756.25,"less_hs",1806.25,"less_hs",1444,"hs","less"
6583030,"black",1,1,0,52.5,31.5,42,2,1,1,12,10,3,48304.205,0,0,0,0,0,3,1,11,0,0,0,0,1,3,6583030,0,2756.25,"less_hs",992.25,"less_hs",1764,"hs","less"
6583035,"black",1,0,1,52.5,28.5,40,2,2,1,12,12,3,0,0,0,0,0,0,3,0,0,0,0,0,0,1,3,6583035,0,2756.25,"less_hs",812.25,"hs",1600,"hs","less"
6583038,"black",1,0,0,52.5,28.5,37,1,2,1,11,12,3,0,0,0,0,0,0,3,0,0,0,0,0,0,1,3,6583038,0,2756.25,"less_hs",812.25,"hs",1369,"less_hs","less"
6583041,"black",1,0,1,52.5,28.5,34,3,2,1,13.5,12,3,0,0,0,0,0,0,3,0,0,0,0,0,0,1,3,6583041,0,2756.25,"less_hs",812.25,"hs",1156,"some_college","less"
6583046,"black",1,0,0,52.5,28.5,29,2,2,1,12,12,3,0,0,0,1,0,0,3,0,0,0,0,0,0,1,3,6583046,0,2756.25,"less_hs",812.25,"hs",841,"hs","less"
6583045,"black",1,0,0,52.5,26,31,3,1,1,13,11,3,0,0,0,0,0,0,3,0,0,0,0,0,0,1,3,6583045,0,2756.25,"less_hs",676,"less_hs",961,"some_college","less"
6583178,"black",1,0,0,52.5,26,34.5,3,1,1,13,11,3,0,0,0,1,0,0,3,0,0,0,0,0,0,1,3,6583178,0,2756.25,"less_hs",676,"less_hs",1190.25,"some_college","less"
6583179,"black",1,0,1,52.5,26,33,2,1,1,12,11,3,94787.15,0,0,0,0,0,3,2,28,0,0,0,0,1,3,6583179,0,2756.25,"less_hs",676,"less_hs",1089,"hs","less"
6583042,"black",1,0,0,52.5,25.5,34,1,1,1,9,11,3,0,0,0,0,0,0,3,0,0,0,0,0,0,1,3,6583042,0,2756.25,"less_hs",650.25,"less_hs",1156,"less_hs","less"
6583043,"black",1,0,0,52.5,25.5,33,1,1,1,9,11,3,0,0,0,0,0,0,3,0,0,0,0,0,0,1,3,6583043,0,2756.25,"less_hs",650.25,"less_hs",1089,"less_hs","less"
6583044,"black",1,0,0,52.5,25.5,31,1,1,1,11,11,3,0,0,0,0,0,0,3,0,0,0,0,0,0,1,3,6583044,0,2756.25,"less_hs",650.25,"less_hs",961,"less_hs","less"
6589033,"black",0.5,0,1,46.5,26.5,34,4,3,1,16,13,5.5,4142.97,10855.2,0,0,0,0,3,1,1,1,5,0,0,1,3,6589033,0,2162.25,"less_hs",702.25,"some_college",1156,"college","less"
6589031,"black",0.5,0,0,46.5,26,35,3,2,1,14,12,5.5,2500,6832.95766666667,0,0,0,0,3,1,1,1,2,0,0,1,3,6589031,0,2162.25,"less_hs",676,"hs",1225,"some_college","less"
6589034,"black",0.5,0,1,46.5,26,31.5,3,2,1,12.5,12,5.5,4142.97,6832.95766666667,0,0,0,0,3,1,1,1,2,0,0,1,3,6589034,0,2162.25,"less_hs",676,"hs",992.25,"some_college","less"
6589032,"black",0.5,0,0,46.5,25,35,3,2,1,14,12,5.5,0,98781.85,0,0,0,0,3,0,0,3,55,0,0,1,3,6589032,0,2162.25,"less_hs",625,"hs",1225,"some_college","less"
6589035,"black",0.5,0,1,46.5,25,31,4,2,1,16,12,5.5,0,98781.85,0,0,0,0,3,0,0,3,55,0,0,1,3,6589035,0,2162.25,"less_hs",625,"hs",961,"college","less"
6590031,"black",0.5,1,0,30.75,31.5,40,2,2,1,12,10.3333333333333,8.5,0,56553.87,0,0,0,0,3,0,0,2,32,0,0,1,3,6590031,0,945.5625,"less_hs",992.25,"hs",1600,"hs","less"
6590034,"black",0.5,1,0,30.75,31.5,37,1,2,1,9,10.3333333333333,8.5,0,56553.87,0,0,0,0,3,0,0,2,32,0,0,1,3,6590034,0,945.5625,"less_hs",992.25,"hs",1369,"less_hs","less"
6590037,"black",0.5,1,1,30.75,31.5,33.5,3,2,1,14,10.3333333333333,8.5,38840.345,56553.87,0,1,0,0,3,1,8,2,32,0,0,1,3,6590037,0,945.5625,"less_hs",992.25,"hs",1122.25,"some_college","less"
6590032,"black",0.5,0,1,30.75,26,38.5,2,2,1,12,12,8.5,35625.495,21335.1133333333,0,0,0,0,3,1,8,1,14,0,0,1,3,6590032,0,945.5625,"less_hs",676,"hs",1482.25,"hs","less"
6590036,"black",0.5,0,1,30.75,26,34.5,2,2,1,12,12,8.5,18125.495,21335.1133333333,0,1,0,0,3,1,4,1,14,0,0,1,3,6590036,0,945.5625,"less_hs",676,"hs",1190.25,"hs","less"
6590038,"black",0.5,1,1,30.75,25.5,33,3,3,1,15,13,8.5,1e+05,0,0,0,0,0,3,2,30,0,0,0,0,1,3,6590038,0,945.5625,"less_hs",650.25,"some_college",1089,"some_college","less"
6590040,"black",0.5,1,1,30.75,25.5,30,2,3,1,12,13,8.5,20000,0,0,0,0,0,3,1,4,0,0,0,0,1,3,6590040,0,945.5625,"less_hs",650.25,"some_college",900,"hs","less"
6591031,"black",0.5,1,1,49.5,35.5,39.5,5,1,1,17,10,6.5,284646.55,26532.7115,47819.5893103448,0,0,0,3,4,77,1,16,1,24,1,3,6591031,0,2450.25,"less_hs",1260.25,"less_hs",1560.25,"higher","less"
6591032,"black",0.5,1,0,49.5,35.5,38,3,1,1,13,10,6.5,0,26532.7115,47819.5893103448,0,0,0,3,0,0,1,16,1,24,1,3,6591032,0,2450.25,"less_hs",1260.25,"less_hs",1444,"some_college","less"
6591033,"black",0.5,1,1,49.5,35.5,36,4,1,1,16,10,6.5,54304.205,26532.7115,47819.5893103448,1,0,0,3,1,13,1,16,1,24,1,3,6591033,0,2450.25,"less_hs",1260.25,"less_hs",1296,"college","less"
6591035,"black",0.5,1,1,49.5,33.8333333333333,30,5,3,1,17,13.6666666666667,6.5,96608.415,115561.533333333,47819.5893103448,0,0,0,3,2,29,3,62,1,24,1,3,6591035,0,2450.25,"less_hs",1144.69444444444,"some_college",900,"higher","less"
6591034,"black",0.5,0,1,49.5,29.5,32,2,3,1,12,13.1666666666667,6.5,0,21208.0933333333,47819.5893103448,0,0,0,3,0,0,1,14,1,24,1,3,6591034,0,2450.25,"less_hs",870.25,"some_college",1024,"hs","less"
6591171,"black",0.5,0,1,49.5,29.5,43,2,3,1,12,13.1666666666667,6.5,1900,21208.0933333333,47819.5893103448,1,0,0,3,1,1,1,14,1,24,1,3,6591171,0,2450.25,"less_hs",870.25,"some_college",1849,"hs","less"
6591176,"black",0.5,1,0,49.5,28.5,40.5,4,3,1,16,13.8333333333333,6.5,0,26189.818,47819.5893103448,0,0,0,3,0,0,1,16,1,24,1,3,6591176,0,2450.25,"less_hs",812.25,"some_college",1640.25,"college","less"
6602031,"black",0,1,1,25.5,27.5,32,2,1,1,12,9,9,0,0,0,0,0,0,1,0,0,0,0,0,0,1,1,6602031,0,650.25,"less_hs",756.25,"less_hs",1024,"hs","less"
6602036,"black",0,1,1,25.5,26,29,3,2,1,13,12,9,0,0,0,1,0,0,1,0,0,0,0,0,0,1,1,6602036,0,650.25,"less_hs",676,"hs",841,"some_college","less"
6602181,"black",0,1,1,25.5,26,31.5,2,2,1,12,12,9,0,0,0,1,0,0,1,0,0,0,0,0,0,1,1,6602181,0,650.25,"less_hs",676,"hs",992.25,"hs","less"
6602032,"black",0,0,0,25.5,25,31,2,2,1,12,12,9,0,0,0,0,0,0,1,0,0,0,0,0,0,1,1,6602032,0,650.25,"less_hs",625,"hs",961,"hs","less"
6605031,"black",0.5,1,1,46,29.5,34,2,2,1,12,12,9.5,0,0,0,0,0,0,1,0,0,0,0,0,0,1,1,6605031,0,2116,"less_hs",870.25,"hs",1156,"hs","less"
6605184,"black",0.5,1,1,46,29.5,38.5,2,2,1,12,12,9.5,0,0,0,0,0,0,1,0,0,0,0,0,0,1,1,6605184,0,2116,"less_hs",870.25,"hs",1482.25,"hs","less"
6605033,"black",0.5,1,0,46,27.5,29,3,1,1,14,9,9.5,0,0,0,0,0,0,1,0,0,0,0,0,0,1,1,6605033,0,2116,"less_hs",756.25,"less_hs",841,"some_college","less"
6605032,"black",0.5,0,1,46,26.5,34,2,2,1,12,10.5,9.5,0,0,0,0,0,0,1,0,0,0,0,0,0,1,1,6605032,0,2116,"less_hs",702.25,"hs",1156,"hs","less"
6615034,"black",0.5,1,1,42,32.5,30,5,4,1,17,15.8333333333333,6.5,75000,76990,30858.3094827586,1,0,0,3,1,20,2,44,1,13,1,3,6615034,0,1764,"less_hs",1056.25,"college",900,"higher","less"
6615030,"black",0.5,0,1,42,30.8333333333333,38,2,2,1,12,12,6.5,73750.99,137690.62,30858.3094827586,0,0,0,3,1,19,3,69,1,13,1,3,6615030,0,1764,"less_hs",950.694444444444,"hs",1444,"hs","less"
6615033,"black",0.5,0,1,42,30.8333333333333,31,3,2,1,14,12,6.5,0,137690.62,30858.3094827586,0,0,0,3,0,0,3,69,1,13,1,3,6615033,0,1764,"less_hs",950.694444444444,"hs",961,"some_college","less"
6616032,"black",0.5,0,0,45,32.5,33,1,3,1,11,14.1666666666667,7.5,0,34513.8,0,0,0,0,3,0,0,1,22,0,0,1,3,6616032,0,2025,"less_hs",1056.25,"some_college",1089,"less_hs","less"
6616033,"black",0.5,1,1,45,29.5,30,3,1,1,13,9.83333333333333,7.5,0,0,0,0,0,0,3,0,0,0,0,0,0,1,3,6616033,0,2025,"less_hs",870.25,"less_hs",900,"some_college","less"
6616035,"black",0.5,1,0,45,29.5,28,4,1,1,15.5,9.83333333333333,7.5,0,0,0,1,0,0,3,0,0,0,0,0,0,1,3,6616035,0,2025,"less_hs",870.25,"less_hs",784,"college","less"
6616031,"black",0.5,0,0,45,25,33.5,3,4,1,15,16,7.5,5077680.2,0,0,0,0,0,3,4,98,0,0,0,0,1,3,6616031,0,2025,"less_hs",625,"college",1122.25,"some_college","less"
6616034,"black",0.5,0,1,45,25,28,3,4,1,13,16,7.5,0,0,0,1,0,0,3,0,0,0,0,0,0,1,3,6616034,0,2025,"less_hs",625,"college",784,"some_college","less"
6624032,"black",0,0,1,29.5,28.5,37,2,3,1,12,13.8333333333333,9,5228711.5,0,0,1,0,0,1,4,99,0,0,0,0,1,1,6624032,0,870.25,"less_hs",812.25,"some_college",1369,"hs","less"
6624033,"black",0,0,1,29.5,28.5,34,2,3,1,12,13.8333333333333,9,0,0,0,0,0,0,1,0,0,0,0,0,0,1,1,6624033,0,870.25,"less_hs",812.25,"some_college",1156,"hs","less"
6624034,"black",0,0,0,29.5,28.5,31.5,3,3,1,14,13.8333333333333,9,0,0,0,0,0,0,1,0,0,0,0,0,0,1,1,6624034,0,870.25,"less_hs",812.25,"some_college",992.25,"some_college","less"
6626034,"black",0.5,0,1,33,28.5,27,3,2,2.5,14,12,12.5,133216.85,0,0,1,0,0,1,2,42,0,0,0,0,1,1,6626034,0,1089,NA,812.25,"hs",729,"some_college","more"
6626030,"black",0.5,0,1,33,27.4,34,2,3,2.5,12,13,12.5,269825.25,0,0,0,0,0,1,4,76,0,0,0,0,1,1,6626030,0,1089,NA,750.76,"some_college",1156,"hs","more"
6626035,"black",0.5,0,0,33,25.5,27.5,3,2,2.5,13,12,12.5,0,0,0,0,0,0,1,0,0,0,0,0,0,1,1,6626035,0,1089,NA,650.25,"hs",756.25,"some_college","more"
6633036,"black",0.5,0,1,42.25,27.1666666666667,29.5,3,3,2.5,14,13,13,0,0,0,1,0,0,1,0,0,0,0,0,0,1,1,6633036,0,1785.0625,NA,738.027777777778,"some_college",870.25,"some_college","more"
6635032,"black",0.5,0,0,49.5,30.1666666666667,40,3,2,1,14,12,4.5,76340.345,141758.996666667,0,0,0,0,1,1,20,3,70,0,0,1,1,6635032,0,2450.25,"less_hs",910.027777777778,"hs",1600,"some_college","less"
6635171,"black",0.5,0,0,49.5,30.1666666666667,43,2,2,1,12,12,4.5,0,141758.996666667,0,0,0,0,1,0,0,3,70,0,0,1,1,6635171,0,2450.25,"less_hs",910.027777777778,"hs",1849,"hs","less"
6635038,"black",0.5,0,0,49.5,29.5,32.5,3,1,1,6.5,10.75,4.5,95108.415,0,0,1,0,0,1,2,29,0,0,0,0,1,1,6635038,0,2450.25,"less_hs",870.25,"less_hs",1056.25,"some_college","less"
6635176,"black",0.5,0,0,49.5,29.5,39.5,3,1,1,13,10.75,4.5,0,0,0,1,0,0,1,0,0,0,0,0,0,1,1,6635176,0,2450.25,"less_hs",870.25,"less_hs",1560.25,"some_college","less"
6635040,"black",0.5,0,1,49.5,25.6666666666667,29.5,2,2,1,12,10.6666666666667,4.5,0,35894.3666666667,0,0,0,0,1,0,0,1,22,0,0,1,1,6635040,0,2450.25,"less_hs",658.777777777778,"hs",870.25,"hs","less"
6635041,"black",0.5,0,0,49.5,25.6666666666667,29,2,2,1,12,10.6666666666667,4.5,0,35894.3666666667,0,0,0,0,1,0,0,1,22,0,0,1,1,6635041,0,2450.25,"less_hs",658.777777777778,"hs",841,"hs","less"
6639033,"black",0.5,0,0,43.5,26.5,38.5,2,1,1,12,11,7,170448.75,0,0,1,0,0,1,3,54,0,0,0,0,1,1,6639033,0,1892.25,"less_hs",702.25,"less_hs",1482.25,"hs","less"
6639035,"black",0.5,0,0,43.5,26.5,36,-Inf,1,1,NA,11,7,0,0,0,0,0,0,1,0,0,0,0,0,0,1,1,6639035,0,1892.25,"less_hs",702.25,"less_hs",1296,NA,"less"
6639036,"black",0.5,0,0,43.5,26.5,29,2,1,1,12,11,7,0,0,0,0,0,0,1,0,0,0,0,0,0,1,1,6639036,0,1892.25,"less_hs",702.25,"less_hs",841,"hs","less"
6639037,"black",0.5,0,1,43.5,26.5,28,2,1,1,12,11,7,85000,0,0,1,0,0,1,1,24,0,0,0,0,1,1,6639037,0,1892.25,"less_hs",702.25,"less_hs",784,"hs","less"
6646033,"black",0.5,0,0,34,26.5,37.5,1,1,1.5,11,9,9.5,0,0,0,0,0,0,1,0,0,0,0,0,0,1,1,6646033,0,1156,NA,702.25,"less_hs",1406.25,"less_hs","more"
6646034,"black",0.5,0,1,34,26.5,36,3,1,1.5,14,9,9.5,130000,0,0,0,0,0,1,2,41,0,0,0,0,1,1,6646034,0,1156,NA,702.25,"less_hs",1296,"some_college","more"
6646038,"black",0.5,0,1,34,26.5,29,2,1,1.5,12,9,9.5,0,0,0,0,0,0,1,0,0,0,0,0,0,1,1,6646038,0,1156,NA,702.25,"less_hs",841,"hs","more"
6646030,"black",0.5,0,0,34,32.5,45,2,1,1.5,12,9,9.5,0,0,0,0,0,0,1,0,0,0,0,0,0,1,1,6646030,0,1156,NA,1056.25,"less_hs",2025,"hs","more"
6646036,"black",0.5,0,0,34,32.5,33,1,1,1.5,10,9,9.5,0,0,0,0,0,0,1,0,0,0,0,0,0,1,1,6646036,0,1156,NA,1056.25,"less_hs",1089,"less_hs","more"
6655172,"black",0,0,1,30.5,27.5,39,5,1,1,17,11,9,155180.7,0,0,0,0,0,15,2,49,0,0,0,0,1,15,6655172,0,930.25,"less_hs",756.25,"less_hs",1521,"higher","less"
6655030,"black",0,0,0,30.5,26.5,37,5,2,1,17,12,9,0,0,0,1,0,0,15,0,0,0,0,0,0,1,15,6655030,0,930.25,"less_hs",702.25,"hs",1369,"higher","less"
6655031,"black",0,0,1,30.5,26.5,35,3,2,1,13,12,9,0,0,0,0,0,0,15,0,0,0,0,0,0,1,15,6655031,0,930.25,"less_hs",702.25,"hs",1225,"some_college","less"
6655036,"black",0,0,0,30.5,26.5,28.5,2,2,1,12,12,9,0,0,0,0,0,0,15,0,0,0,0,0,0,1,15,6655036,0,930.25,"less_hs",702.25,"hs",812.25,"hs","less"
6655037,"black",0,0,1,30.5,26.5,27,2,2,1,12,12,9,0,0,0,0,0,0,15,0,0,0,0,0,0,1,15,6655037,0,930.25,"less_hs",702.25,"hs",729,"hs","less"
6660030,"black",0,0,1,33.5,27.25,42,-Inf,3,1,0,13.25,8,0,67912.4075,0,1,0,0,1,0,0,2,38,0,0,1,1,6660030,0,1122.25,"less_hs",742.5625,"some_college",1764,NA,"less"
6663031,"black",0,0,0,46.5,31.5,39,3,2,1,13,12,3,405361.4,0,0,0,0,0,1,4,89,0,0,0,0,1,1,6663031,0,2162.25,"less_hs",992.25,"hs",1521,"some_college","less"
6663033,"black",0,0,1,46.5,31.5,30,2,2,1,12,12,3,0,0,0,0,0,0,1,0,0,0,0,0,0,1,1,6663033,0,2162.25,"less_hs",992.25,"hs",900,"hs","less"
6674031,"black",0.5,1,1,28.5,25.5,31,2,2,1.5,12,12,11.5,0,0,0,1,0,0,1,0,0,0,0,0,0,1,1,6674031,0,812.25,NA,650.25,"hs",961,"hs","more"
6682171,"black",0.5,1,0,27,26,35,3,2,1.5,13.5,12,11.5,95000,0,0,0,0,0,1,2,28,0,0,0,0,1,1,6682171,0,729,NA,676,"hs",1225,"some_college","more"
6684031,"black",0.5,0,1,34.5,27,33.5,2,2,1.5,12,12,11.5,0,0,0,1,0,0,1,0,0,0,0,0,0,1,1,6684031,0,1190.25,NA,729,"hs",1122.25,"hs","more"
6684034,"black",0.5,0,0,34.5,26,28.5,2,3,1.5,12,13,11.5,0,52683.6666666667,0,0,0,0,1,0,0,2,29,0,0,1,1,6684034,0,1190.25,NA,676,"some_college",812.25,"hs","more"
6684033,"black",0.5,0,0,34.5,25.5,31,-Inf,2,1.5,0,12,11.5,0,0,0,0,0,0,1,0,0,0,0,0,0,1,1,6684033,0,1190.25,NA,650.25,"hs",961,NA,"more"
6684035,"black",0.5,0,0,34.5,25.5,28,1,2,1.5,7,12,11.5,0,0,0,0,0,0,1,0,0,0,0,0,0,1,1,6684035,0,1190.25,NA,650.25,"hs",784,"less_hs","more"
6698030,"black",0.5,0,1,36.5,25,37.5,2,2,1,11.5,12,4.5,0,0,0,1,0,0,13,0,0,0,0,0,0,1,13,6698030,0,1332.25,"less_hs",625,"hs",1406.25,"hs","less"
6706176,"black",0,1,0,28.5,29,40,1,2,2,11,11.8333333333333,12,0,0,0,0,0,0,3,0,0,0,0,0,0,1,3,6706176,0,812.25,"hs",841,"hs",1600,"less_hs","less"
6707003,"black",0,0,0,40.5,37.5,52,3,2,1,13,12,7,0,33423.0066666667,0,0,0,0,3,0,0,1,21,0,0,1,3,6707003,0,1640.25,"less_hs",1406.25,"hs",2704,"some_college","less"
6707030,"black",0,0,0,40.5,37.5,46,3,2,1,14,12,7,0,33423.0066666667,0,0,0,0,3,0,0,1,21,0,0,1,3,6707030,0,1640.25,"less_hs",1406.25,"hs",2116,"some_college","less"
6707031,"black",0,0,0,40.5,37.5,40,3,2,1,15,12,7,0,33423.0066666667,0,0,0,0,3,0,0,1,21,0,0,1,3,6707031,0,1640.25,"less_hs",1406.25,"hs",1600,"some_college","less"
6708009,"black",0.5,0,1,54.5,35.8333333333333,49,1,1,1,5,8.83333333333333,5.5,0,0,40810.6493103449,1,0,0,1,0,0,0,0,1,20,1,1,6708009,0,2970.25,"less_hs",1284.02777777778,"less_hs",2401,"less_hs","less"
6721030,"black",0.5,0,1,49,31.5,37,2,3,1,12,14,7,738403.45,151463.1,102078.419137931,0,0,0,1,4,96,3,74,3,54,1,1,6721030,0,2401,"less_hs",992.25,"some_college",1369,"hs","less"
6721031,"black",0.5,0,0,49,25,32,3,3,1,14,13,7,0,0,102078.419137931,0,0,0,1,0,0,0,0,3,54,1,1,6721031,0,2401,"less_hs",625,"some_college",1024,"some_college","less"
6721032,"black",0.5,0,1,49,25,29,3,3,1,14,13,7,418403.45,0,102078.419137931,0,0,0,1,4,90,0,0,3,54,1,1,6721032,0,2401,"less_hs",625,"some_college",841,"some_college","less"
6724030,"black",0.5,0,0,31,32.5,47,2,2,1,12,11.1666666666667,4.5,144500,205736.75,0,0,0,0,1,2,45,4,85,0,0,1,1,6724030,0,961,"less_hs",1056.25,"hs",2209,"hs","less"
6724033,"black",0.5,1,1,31,31.3333333333333,37,3,1,1,13,11,4.5,0,0,0,0,0,0,1,0,0,0,0,0,0,1,1,6724033,0,961,"less_hs",981.777777777778,"less_hs",1369,"some_college","less"
6724034,"black",0.5,1,0,31,31.3333333333333,30,4,1,1,16,11,4.5,0,0,0,1,0,0,1,0,0,0,0,0,0,1,1,6724034,0,961,"less_hs",981.777777777778,"less_hs",900,"college","less"
6724035,"black",0.5,1,0,31,31.3333333333333,30,3,1,1,14,11,4.5,0,0,0,1,0,0,1,0,0,0,0,0,0,1,1,6724035,0,961,"less_hs",981.777777777778,"less_hs",900,"some_college","less"
6724181,"black",0.5,1,1,31,26.5,27,1,1,1,11,9.75,4.5,0,131630.775,0,1,0,0,1,0,0,3,67,0,0,1,1,6724181,0,961,"less_hs",702.25,"less_hs",729,"less_hs","less"
6735031,"black",0.5,0,0,32.5,31.5,41,2,2,1,12,12,7.5,0,5809.48466666667,27429.6078735632,0,0,0,3,0,0,1,2,1,11,1,3,6735031,0,1056.25,"less_hs",992.25,"hs",1681,"hs","less"
6735038,"black",0.5,0,0,32.5,31.5,31,2,2,1,12,12,7.5,8000,5809.48466666667,27429.6078735632,0,0,0,3,1,2,1,2,1,11,1,3,6735038,0,1056.25,"less_hs",992.25,"hs",961,"hs","less"
6735036,"black",0.5,1,1,32.5,30.5,35,2,2,1,12,12,7.5,56072.275,13469.6786666667,27429.6078735632,0,0,0,3,1,14,1,7,1,11,1,3,6735036,0,1056.25,"less_hs",930.25,"hs",1225,"hs","less"
6735032,"black",0.5,0,1,32.5,28.5,39,2,1,1,12,8,7.5,86250.99,14756.3095,27429.6078735632,0,0,0,3,1,25,1,8,1,11,1,3,6735032,0,1056.25,"less_hs",812.25,"less_hs",1521,"hs","less"
6735034,"black",0.5,0,1,32.5,28.5,36,4,1,1,16,8,7.5,297593.3,14756.3095,27429.6078735632,0,0,0,3,4,79,1,8,1,11,1,3,6735034,0,1056.25,"less_hs",812.25,"less_hs",1296,"college","less"
6735037,"black",0.5,0,0,32.5,28.5,34,3,1,1,15,8,7.5,0,14756.3095,27429.6078735632,0,0,0,3,0,0,1,8,1,11,1,3,6735037,0,1056.25,"less_hs",812.25,"less_hs",1156,"some_college","less"
6735041,"black",0.5,0,1,32.5,28.5,30,3,1,1,14,8,7.5,2589.3565,14756.3095,27429.6078735632,1,0,0,3,1,1,1,8,1,11,1,3,6735041,0,1056.25,"less_hs",812.25,"less_hs",900,"some_college","less"
6735039,"black",0.5,0,1,32.5,25.5,31,2,2,1,12,12,7.5,10357424,9033.1525,27429.6078735632,0,0,0,3,4,100,1,3,1,11,1,3,6735039,0,1056.25,"less_hs",650.25,"hs",961,"hs","less"
6735040,"black",0.5,0,1,32.5,25.5,31,2,2,1,12,12,7.5,4999999.5,9033.1525,27429.6078735632,0,0,0,3,4,97,1,3,1,11,1,3,6735040,0,1056.25,"less_hs",650.25,"hs",961,"hs","less"
6736035,"black",0.5,0,1,28,26,30,1,1,1,11,11,10.5,30000,28182.2266666667,0,1,0,0,3,1,6,1,17,0,0,1,3,6736035,0,784,"less_hs",676,"less_hs",900,"less_hs","less"
6740031,"black",0.666666666666667,0,1,32,26.5,36,3,2,-Inf,7,12,12,0,93376.4,26700.7066666667,1,0,0,4,0,0,3,52,1,10,1,4,6740031,0,1024,NA,702.25,"hs",1296,"some_college","more"
6740034,"black",0.666666666666667,0,1,32,26.5,30,2,2,-Inf,12,12,12,122144.55,93376.4,26700.7066666667,0,0,0,4,2,37,3,52,1,10,1,4,6740034,0,1024,NA,702.25,"hs",900,"hs","more"
6750030,"black",0,0,0,34,32.5,46,2,3,-Inf,12,13,0,0,0,0,0,0,0,1,0,0,0,0,0,0,1,1,6750030,0,1156,NA,1056.25,"some_college",2116,"hs","more"
6765004,"black",0,1,0,63.5,50.8333333333333,53,3,1,-Inf,14,9.83333333333333,0,0,65363.8583333333,41993.1948275862,0,0,0,3,0,0,2,36,1,21,1,3,6765004,0,4032.25,NA,2584.02777777778,"less_hs",2809,"some_college","more"
6765005,"black",0,1,0,63.5,50.8333333333333,51,3,1,-Inf,13,9.83333333333333,0,96787.15,65363.8583333333,41993.1948275862,0,0,0,3,2,29,2,36,1,21,1,3,6765005,0,4032.25,NA,2584.02777777778,"less_hs",2601,"some_college","more"
6765006,"black",0,1,0,63.5,50.8333333333333,48,4,1,-Inf,16,9.83333333333333,0,274646.55,65363.8583333333,41993.1948275862,0,0,0,3,4,76,2,36,1,21,1,3,6765006,0,4032.25,NA,2584.02777777778,"less_hs",2304,"college","more"
6765030,"black",0.5,0,0,32,28.8333333333333,40,5,2,1.5,17,12,10,193395.55,17869.0366666667,41993.1948275862,0,0,0,3,3,60,1,11,1,21,1,3,6765030,0,1024,NA,831.361111111111,"hs",1600,"higher","more"
6765031,"black",0.5,0,0,32,28.8333333333333,36,5,2,1.5,17,12,10,37428.91,17869.0366666667,41993.1948275862,0,0,0,3,1,8,1,11,1,21,1,3,6765031,0,1024,NA,831.361111111111,"hs",1296,"higher","more"
6765032,"black",0.5,0,0,32,28.8333333333333,29.5,4,2,1.5,8,12,10,177680.7,17869.0366666667,41993.1948275862,1,0,0,3,3,55,1,11,1,21,1,3,6765032,0,1024,NA,831.361111111111,"hs",870.25,"college","more"
6769037,"black",0.5,0,0,32.5,26,33,2,2,1,12,12,9,0,36220,0,0,0,0,1,0,0,1,22,0,0,1,1,6769037,0,1056.25,"less_hs",676,"hs",1089,"hs","less"
6769038,"black",0.5,0,0,32.5,26,30,2,2,1,12,12,9,0,36220,0,1,0,0,1,0,0,1,22,0,0,1,1,6769038,0,1056.25,"less_hs",676,"hs",900,"hs","less"
6769040,"black",0.5,0,1,32.5,26,28,1,2,1,10,12,9,0,36220,0,0,0,0,1,0,0,1,22,0,0,1,1,6769040,0,1056.25,"less_hs",676,"hs",784,"less_hs","less"
6769039,"black",0.5,0,1,32.5,25.5,30,2,1,1,12,11,9,130000,0,0,0,0,0,1,2,41,0,0,0,0,1,1,6769039,0,1056.25,"less_hs",650.25,"less_hs",900,"hs","less"
6774030,"black",0,0,1,44.5,36.5,41.5,3,3,1,15,13.6666666666667,11,0,0,0,0,0,0,1,0,0,0,0,0,0,1,1,6774030,0,1980.25,"less_hs",1332.25,"some_college",1722.25,"some_college","less"
6774031,"black",0,0,0,44.5,36.5,35,4,3,1,16,13.6666666666667,11,466084.1,0,0,0,0,0,1,4,92,0,0,0,0,1,1,6774031,0,1980.25,"less_hs",1332.25,"some_college",1225,"college","less"
6779033,"black",0,1,0,33.5,35,44,2,3,1,12,13,8,0,0,0,1,0,0,2,0,0,0,0,0,0,1,2,6779033,0,1122.25,"less_hs",1225,"some_college",1936,"hs","less"
6779034,"black",0,0,0,33.5,25.5,35.5,3,2,1,14,12,8,0,0,0,0,0,0,2,0,0,0,0,0,0,1,2,6779034,0,1122.25,"less_hs",650.25,"hs",1260.25,"some_college","less"
6779037,"black",0,0,1,33.5,25.5,28,2,2,1,12,12,8,0,0,0,0,0,0,2,0,0,0,0,0,0,1,2,6779037,0,1122.25,"less_hs",650.25,"hs",784,"hs","less"
6779173,"black",0,0,0,33.5,25.5,37,3,2,1,13,12,8,0,0,0,1,0,0,2,0,0,0,0,0,0,1,2,6779173,0,1122.25,"less_hs",650.25,"hs",1369,"some_college","less"
6780173,"black",0.5,0,0,29.5,26,34,2,2,1,12,12,9,0,0,0,1,0,0,4,0,0,0,0,0,0,1,4,6780173,0,870.25,"less_hs",676,"hs",1156,"hs","less"
6780174,"black",0.5,0,0,29.5,26,31,2,2,1,12,12,9,0,0,0,1,0,0,4,0,0,0,0,0,0,1,4,6780174,0,870.25,"less_hs",676,"hs",961,"hs","less"
6785030,"black",0,0,0,32.5,30.1666666666667,39.5,2,2,2,12,11.8333333333333,12,0,0,0,0,0,0,3,0,0,0,0,0,0,1,3,6785030,0,1056.25,"hs",910.027777777778,"hs",1560.25,"hs","less"
6785033,"black",0,1,0,32.5,27.8,31,3,3,2,14,14,12,370361.4,0,0,0,0,0,3,4,87,0,0,0,0,1,3,6785033,0,1056.25,"hs",772.84,"some_college",961,"some_college","less"
6785173,"black",0,1,1,32.5,27.8,38,4,3,2,16,14,12,558935.65,0,0,0,0,0,3,4,94,0,0,0,0,1,3,6785173,0,1056.25,"hs",772.84,"some_college",1444,"college","less"
6785032,"black",0,0,0,32.5,26,33.5,1,-Inf,2,11,NA,12,0,0,0,1,0,0,3,0,0,0,0,0,0,1,3,6785032,0,1056.25,"hs",676,NA,1122.25,"less_hs","less"
6785046,"black",0,0,1,32.5,25.5,30,2,3,2,12,12.5,12,0,0,0,0,0,0,3,0,0,0,0,0,0,1,3,6785046,0,1056.25,"hs",650.25,"some_college",900,"hs","less"
6789032,"black",0,0,0,29.5,25.5,27,2,3,1,12,14,10,0,0,0,0,0,0,1,0,0,0,0,0,0,1,1,6789032,0,870.25,"less_hs",650.25,"some_college",729,"hs","less"
6790032,"black",0.5,1,0,34,31.5,38,5,3,1.5,17,13.6666666666667,11.5,380000,0,0,0,0,0,4,4,88,0,0,0,0,1,4,6790032,0,1156,NA,992.25,"some_college",1444,"higher","more"
6790037,"black",0.5,1,0,34,31.5,28,5,3,1.5,16.5,13.6666666666667,11.5,181254.95,0,0,0,0,0,4,3,57,0,0,0,0,1,4,6790037,0,1156,NA,992.25,"some_college",784,"higher","more"
6790034,"black",0.5,1,1,34,30.5,32,3,2,1.5,15,12,11.5,0,0,0,0,0,0,4,0,0,0,0,0,0,1,4,6790034,0,1156,NA,930.25,"hs",1024,"some_college","more"
6790035,"black",0.5,1,0,34,30.5,30,5,2,1.5,17,12,11.5,0,0,0,0,0,0,4,0,0,0,0,0,0,1,4,6790035,0,1156,NA,930.25,"hs",900,"higher","more"
6790036,"black",0.5,1,1,34,30.5,29,3,2,1.5,14,12,11.5,0,0,0,0,0,0,4,0,0,0,0,0,0,1,4,6790036,0,1156,NA,930.25,"hs",841,"some_college","more"
6800034,"black",0.5,0,1,52.5,34.5,37,-Inf,3,1,0,13.6666666666667,5,90000,0,0,0,0,0,3,2,26,0,0,0,0,1,3,6800034,0,2756.25,"less_hs",1190.25,"some_college",1369,NA,"less"
6801031,"black",0.5,0.5,0,48.5,39.1666666666667,45,2,1,1,12,6.5,5.25,0,0,0,0,0,0,3,0,0,0,0,0,0,1,3,6801031,0,2352.25,"less_hs",1534.02777777778,"less_hs",2025,"hs","less"
6801032,"black",0.5,0.5,1,48.5,39.1666666666667,37,2,1,1,12,6.5,5.25,0,0,0,1,0,0,3,0,0,0,0,0,0,1,3,6801032,0,2352.25,"less_hs",1534.02777777778,"less_hs",1369,"hs","less"
6801034,"black",0.5,0.5,1,48.5,39.1666666666667,35,2,1,1,12,6.5,5.25,0,0,0,1,0,0,3,0,0,0,0,0,0,1,3,6801034,0,2352.25,"less_hs",1534.02777777778,"less_hs",1225,"hs","less"
6801030,"black",0.5,1,0,44.5,41.1666666666667,46,1,1,1,10,6,5.5,0,0,0,1,0,0,3,0,0,0,0,0,0,1,3,6801030,0,1980.25,"less_hs",1694.69444444444,"less_hs",2116,"less_hs","less"
6802034,"black",0,0,1,48.5,37.1666666666667,36,1,2,1,10,12,7,139232.4,15682.5216666667,12215.7645402299,0,0,0,3,2,43,1,9,1,2,1,3,6802034,0,2352.25,"less_hs",1381.36111111111,"hs",1296,"less_hs","less"
6802031,"black",0,1,0,48.5,35.5,38.5,3,3,1,15,13,7,6625.099,154815.253333333,12215.7645402299,0,0,0,3,1,2,3,75,1,2,1,3,6802031,0,2352.25,"less_hs",1260.25,"some_college",1482.25,"some_college","less"
6802033,"black",0,1,1,48.5,35.5,36.5,2,3,1,6,13,7,190627.45,154815.253333333,12215.7645402299,0,0,0,3,3,59,3,75,1,2,1,3,6802033,0,2352.25,"less_hs",1260.25,"some_college",1332.25,"hs","less"
6802172,"black",0,1,0,48.5,35.5,42,3,3,1,14,13,7,12946.78,154815.253333333,12215.7645402299,0,0,0,3,1,3,3,75,1,2,1,3,6802172,0,2352.25,"less_hs",1260.25,"some_college",1764,"some_college","less"
6803032,"black",0.5,1,0,36.5,30.25,34,4,2,1,15.5,12,6.5,0,20948.3875,50792.7278735632,0,0,0,3,0,0,1,13,2,26,1,3,6803032,0,1332.25,"less_hs",915.0625,"hs",1156,"college","less"
6803033,"black",0.5,1,0,36.5,30.25,29,3,2,1,14,12,6.5,0,20948.3875,50792.7278735632,0,0,0,3,0,0,1,13,2,26,1,3,6803033,0,1332.25,"less_hs",915.0625,"hs",841,"some_college","less"
6803031,"black",0.5,0,0,36.5,29.5,36.5,3,1,1,14,10,6.5,0,0,50792.7278735632,0,0,0,3,0,0,0,0,2,26,1,3,6803031,0,1332.25,"less_hs",870.25,"less_hs",1332.25,"some_college","less"
6820030,"black",0,0,0,33.5,33.5,42.5,3,2,1,15,12,10,0,0,0,1,0,0,3,0,0,0,0,0,0,1,3,6820030,0,1122.25,"less_hs",1122.25,"hs",1806.25,"some_college","less"
6820034,"black",0,0,1,33.5,33.5,28,3,2,1,15,12,10,0,0,0,0,0,0,3,0,0,0,0,0,0,1,3,6820034,0,1122.25,"less_hs",1122.25,"hs",784,"some_college","less"
6820035,"black",0,1,1,33.5,30.5,29,3,2,1,13,11.8333333333333,10,0,0,0,0,0,0,3,0,0,0,0,0,0,1,3,6820035,0,1122.25,"less_hs",930.25,"hs",841,"some_college","less"
6822173,"black",0.5,1,1,30.5,26,29,2,1,2,12,11,12,0,0,0,0,0,0,3,0,0,0,0,0,0,1,3,6822173,0,930.25,"hs",676,"less_hs",841,"hs","less"
6826032,"black",0.5,1,0,40,30.5,29,3,3,1.5,13,12.8333333333333,10,0,44451.8333333333,133992.677586207,0,0,0,3,0,0,2,26,3,70,1,3,6826032,0,1600,NA,930.25,"some_college",841,"some_college","more"
6826030,"black",0.5,0,1,40,26.6,32,2,3,1.5,12,13,10,0,38449.64,133992.677586207,0,0,0,3,0,0,1,23,3,70,1,3,6826030,0,1600,NA,707.56,"some_college",1024,"hs","more"
6826033,"black",0.5,0,1,40,26.6,28,4,3,1.5,16,13,10,0,38449.64,133992.677586207,0,0,0,3,0,0,1,23,3,70,1,3,6826033,0,1600,NA,707.56,"some_college",784,"college","more"
6830030,"black",0,1,1,25.5,25.5,27,4,2,2,16,12,12,99715.64,0,0,0,0,0,5,2,30,0,0,0,0,1,5,6830030,0,650.25,"hs",650.25,"hs",729,"college","less"
6839032,"black",0.5,1,0,45,27,35,5,2,1,17,12,8,0,31504.014,47090.6914367816,0,0,0,3,0,0,1,20,1,24,1,3,6839032,0,2025,"less_hs",729,"hs",1225,"higher","less"
6839035,"black",0.5,1,0,45,27,27,2,2,1,12,12,8,0,31504.014,47090.6914367816,0,0,0,3,0,0,1,20,1,24,1,3,6839035,0,2025,"less_hs",729,"hs",729,"hs","less"
6839173,"black",0.5,1,0,45,27,34.5,4,2,1,16,12,8,170359.4,31504.014,47090.6914367816,0,0,0,3,3,53,1,20,1,24,1,3,6839173,0,2025,"less_hs",729,"hs",1190.25,"college","less"
6839034,"black",0.5,0,0,45,26,32.5,2,2,1,12,12,8,0,88115.15975,47090.6914367816,1,0,0,3,0,0,2,49,1,24,1,3,6839034,0,2025,"less_hs",676,"hs",1056.25,"hs","less"
6840032,"black",0.5,0,0,54,37.5,32,5,2,1,17,12,6,3e+05,51866.4105,17234.6146551724,1,0,0,3,4,80,2,29,1,4,1,3,6840032,0,2916,"less_hs",1406.25,"hs",1024,"higher","less"
6840030,"black",0.5,1,0,54,34.5,38,2,2,1,12,12,6,81340.345,18233.0233333333,17234.6146551724,0,0,0,3,1,23,1,12,1,4,1,3,6840030,0,2916,"less_hs",1190.25,"hs",1444,"hs","less"
6840031,"black",0.5,1,1,54,34.5,35,2,2,1,12,12,6,238931.7,18233.0233333333,17234.6146551724,0,0,0,3,3,70,1,12,1,4,1,3,6840031,0,2916,"less_hs",1190.25,"hs",1225,"hs","less"
6843032,"black",0,1,0,33.5,32.5,31,2,2,1,12,12,11,0,0,0,1,0,0,3,0,0,0,0,0,0,1,3,6843032,0,1122.25,"less_hs",1056.25,"hs",961,"hs","less"
6843033,"black",0,0,1,33.5,25,31,-Inf,2,1,0,12,11,0,0,0,1,0,0,3,0,0,0,0,0,0,1,3,6843033,0,1122.25,"less_hs",625,"hs",961,NA,"less"
6843034,"black",0,0,1,33.5,25,30,1,2,1,11,12,11,0,0,0,0,0,0,3,0,0,0,0,0,0,1,3,6843034,0,1122.25,"less_hs",625,"hs",900,"less_hs","less"
6843035,"black",0,0,0,33.5,25,29,5,2,1,16.5,12,11,0,0,0,0,0,0,3,0,0,0,0,0,0,1,3,6843035,0,1122.25,"less_hs",625,"hs",841,"higher","less"
6845032,"black",0,0,0,32.5,27,33,3,2,2,14,12,12,0,158945.74,0,0,0,0,3,0,0,4,77,0,0,1,3,6845032,0,1056.25,"hs",729,"hs",1089,"some_college","less"
6845033,"black",0,0,1,32.5,27,31,2,2,2,12,12,12,0,158945.74,0,0,0,0,3,0,0,4,77,0,0,1,3,6845033,0,1056.25,"hs",729,"hs",961,"hs","less"
6845034,"black",0,0,1,32.5,26,30,3,2,2,14,12,12,0,0,0,0,0,0,3,0,0,0,0,0,0,1,3,6845034,0,1056.25,"hs",676,"hs",900,"some_college","less"
6845036,"black",0,0,0,32.5,26,28,2,2,2,12,12,12,0,0,0,0,0,0,3,0,0,0,0,0,0,1,3,6845036,0,1056.25,"hs",676,"hs",784,"hs","less"
6853031,"black",0.5,0,1,35,27.5,38.5,2,2,1,12,12,5.5,35000,35139.6316666667,18903.4096551724,0,0,0,3,1,7,1,22,1,5,1,3,6853031,0,1225,"less_hs",756.25,"hs",1482.25,"hs","less"
6864032,"black",0,0,0,41.5,32.5,36.5,2,2,1,12,12,9,157859.4,56751.265,0,0,0,0,1,2,50,2,32,0,0,1,1,6864032,0,1722.25,"less_hs",1056.25,"hs",1332.25,"hs","less"
6864030,"black",0,0,0,41.5,30.3333333333333,39,2,2,1,12,12,9,0,0,0,0,0,0,1,0,0,0,0,0,0,1,1,6864030,0,1722.25,"less_hs",920.111111111111,"hs",1521,"hs","less"
6864033,"black",0,0,1,41.5,30.3333333333333,36,3,2,1,14,12,9,0,0,0,0,0,0,1,0,0,0,0,0,0,1,1,6864033,0,1722.25,"less_hs",920.111111111111,"hs",1296,"some_college","less"
6867013,"black",0.666666666666667,0,0,47.6666666666667,41.6666666666667,54,-Inf,2,-Inf,0,11.8333333333333,9,90000,36196.0733333333,47333.657394636,0,0,0,1,2,26,1,22,1,24,1,1,6867013,0,2272.11111111111,NA,1736.11111111111,"hs",2916,NA,"more"
6867181,"black",0.666666666666667,0,1,47.6666666666667,35.2,43,1,2,-Inf,11,11.8,9,0,0,47333.657394636,1,0,0,1,0,0,0,0,1,24,1,1,6867181,0,2272.11111111111,NA,1239.04,"hs",1849,"less_hs","more"
6867184,"black",0.666666666666667,0,1,47.6666666666667,38.4,48,-Inf,2,-Inf,0,10.6,9,0,63668.536,47333.657394636,1,0,0,1,0,0,2,35,1,24,1,1,6867184,0,2272.11111111111,NA,1474.56,"hs",2304,NA,"more"
6867185,"black",0.666666666666667,0,0,47.6666666666667,38.4,44,2,2,-Inf,12,10.6,9,0,63668.536,47333.657394636,1,0,0,1,0,0,2,35,1,24,1,1,6867185,0,2272.11111111111,NA,1474.56,"hs",1936,"hs","more"
6872030,"black",0,1,0,33.5,28.8333333333333,32,4,4,1,16,15.1666666666667,11,221074.25,98308.45,0,0,0,0,3,3,67,3,54,0,0,1,3,6872030,0,1122.25,"less_hs",831.361111111111,"college",1024,"college","less"
6872031,"black",0,1,0,33.5,28.8333333333333,28,3,4,1,14,15.1666666666667,11,0,98308.45,0,0,0,0,3,0,0,3,54,0,0,1,3,6872031,0,1122.25,"less_hs",831.361111111111,"college",784,"some_college","less"
6872172,"black",0,1,1,33.5,26,32,3,3,1,14,13,11,0,0,0,0,0,0,3,0,0,0,0,0,0,1,3,6872172,0,1122.25,"less_hs",676,"some_college",1024,"some_college","less"
6872174,"black",0,1,1,33.5,26,30,2,3,1,12,13,11,60000,0,0,0,0,0,3,1,14,0,0,0,0,1,3,6872174,0,1122.25,"less_hs",676,"some_college",900,"hs","less"
